record_id,timestamp,O,T,L,S,C,M
0,2017-12-22T10:49:41,1,0,1,2,1,0
1,2017-12-22T10:50:12,1,0,1,2,1,0
2,2017-12-22T10:50:42,1,0,1,2,1,0
3,2017-12-22T10:51:13,1,0,1,2,1,0
4,2017-12-22T10:51:44,1,0,1,2,1,0
5,2017-12-22T10:52:14,1,0,1,2,1,0
6,2017-12-22T10:52:45,1,0,1,2,1,1
7,2017-12-22T10:53:15,1,0,1,1,1,0
8,2017-12-22T10:53:46,1,0,1,2,1,0
9,2017-12-22T10:54:17,1,0,1,2,1,1
10,2017-12-22T10:54:47,1,0,1,2,1,1
11,2017-12-22T10:55:18,1,0,1,2,1,1
12,2017-12-22T10:55:49,1,0,1,2,1,1
13,2017-12-22T10:56:19,1,0,1,2,1,1
14,2017-12-22T10:56:50,1,0,1,2,1,1
15,2017-12-22T10:57:21,1,0,1,2,1,1
16,2017-12-22T10:57:51,1,0,1,2,1,0
17,2017-12-22T10:58:22,1,0,1,2,1,1
18,2017-12-22T10:58:52,1,0,1,2,1,1
19,2017-12-22T10:59:23,1,0,1,2,1,0
20,2017-12-22T10:59:54,1,0,1,2,1,0
21,2017-12-22T11:00:24,1,0,1,2,1,0
22,2017-12-22T11:00:55,1,0,1,1,1,0
23,2017-12-22T11:01:26,1,0,1,2,1,0
24,2017-12-22T11:01:56,1,0,1,2,1,0
25,2017-12-22T11:02:27,1,0,1,2,1,1
26,2017-12-22T11:02:58,1,0,1,2,1,1
27,2017-12-22T11:03:28,1,0,1,2,2,1
28,2017-12-22T11:03:59,1,0,1,2,2,1
29,2017-12-22T11:04:29,1,0,1,2,1,1
30,2017-12-22T11:05:00,1,0,1,2,1,0
31,2017-12-22T11:05:31,1,0,1,2,1,0
32,2017-12-22T11:06:01,1,0,1,2,2,1
33,2017-12-22T11:06:32,1,0,1,2,2,0
34,2017-12-22T11:07:03,1,0,1,1,1,0
35,2017-12-22T11:07:33,1,0,1,2,2,0
36,2017-12-22T11:08:04,1,0,1,2,2,0
37,2017-12-22T11:08:35,1,0,1,0,2,0
38,2017-12-22T11:09:05,1,0,1,0,2,0
39,2017-12-22T11:09:36,1,0,1,1,2,0
40,2017-12-22T11:10:06,1,0,1,2,2,0
41,2017-12-22T11:10:37,1,0,1,2,2,0
42,2017-12-22T11:11:08,1,0,1,2,2,0
43,2017-12-22T11:11:38,1,0,1,2,2,1
44,2017-12-22T11:12:09,1,0,1,2,2,0
45,2017-12-22T11:12:40,1,0,1,2,2,0
46,2017-12-22T11:13:10,1,0,1,2,2,0
47,2017-12-22T11:13:41,1,0,1,2,2,1
48,2017-12-22T11:14:12,1,0,1,2,2,0
49,2017-12-22T11:14:42,1,0,1,1,2,0
50,2017-12-22T11:15:13,1,0,1,2,2,0
51,2017-12-22T11:15:43,1,0,1,1,2,0
52,2017-12-22T11:16:14,1,0,1,2,2,1
53,2017-12-22T11:16:45,1,0,1,2,2,0
54,2017-12-22T11:17:15,1,0,1,2,2,1
55,2017-12-22T11:17:46,1,0,1,2,2,0
56,2017-12-22T11:18:17,1,0,1,2,2,0
57,2017-12-22T11:18:47,1,0,1,2,2,0
58,2017-12-22T11:19:18,1,0,1,2,2,0
59,2017-12-22T11:19:49,1,0,1,2,2,0
60,2017-12-22T11:20:19,1,0,1,2,2,0
61,2017-12-22T11:20:50,1,0,1,2,2,1
62,2017-12-22T11:21:20,1,0,1,2,2,0
63,2017-12-22T11:21:51,1,0,1,2,2,1
64,2017-12-22T11:22:22,1,0,1,2,2,0
65,2017-12-22T11:22:52,1,0,1,2,2,0
66,2017-12-22T11:23:23,1,0,1,2,2,0
67,2017-12-22T11:23:54,1,0,1,2,2,0
68,2017-12-22T11:24:24,1,0,1,2,2,0
69,2017-12-22T11:24:55,1,0,1,2,2,0
70,2017-12-22T11:25:25,1,0,1,2,2,0
71,2017-12-22T11:25:56,1,0,1,2,2,1
72,2017-12-22T11:26:27,1,0,1,2,2,1
73,2017-12-22T11:27:28,1,0,1,2,2,1
74,2017-12-22T11:27:59,1,1,1,2,2,1
75,2017-12-22T11:28:29,1,1,1,2,2,1
76,2017-12-22T11:29:00,1,1,1,2,2,1
77,2017-12-22T11:29:31,1,1,1,2,2,1
78,2017-12-22T11:30:01,1,1,1,2,2,1
79,2017-12-22T11:30:32,1,1,1,2,2,1
80,2017-12-22T11:31:02,1,1,1,2,2,1
81,2017-12-22T11:31:33,1,1,1,2,2,1
82,2017-12-22T11:32:04,1,1,1,2,2,1
83,2017-12-22T11:32:34,1,1,1,2,2,1
84,2017-12-22T11:33:05,1,1,1,2,2,0
85,2017-12-22T11:33:36,1,1,1,2,2,1
86,2017-12-22T11:34:06,1,1,1,2,2,1
87,2017-12-22T11:34:37,1,1,1,2,2,1
88,2017-12-22T11:35:08,1,1,1,2,2,1
89,2017-12-22T11:35:38,1,1,1,2,2,1
90,2017-12-22T11:36:09,1,1,1,2,2,1
91,2017-12-22T11:36:39,1,1,1,2,2,0
92,2017-12-22T11:39:13,1,1,1,2,2,1
93,2017-12-22T11:39:43,1,1,1,2,2,1
94,2017-12-22T11:40:14,1,1,1,2,2,1
95,2017-12-22T11:40:45,1,1,1,2,2,1
96,2017-12-22T11:41:15,1,1,1,2,2,1
97,2017-12-22T11:41:46,1,1,1,2,2,1
98,2017-12-22T11:42:16,1,1,1,2,2,1
99,2017-12-22T11:42:47,1,1,1,2,2,0
100,2017-12-22T11:43:18,1,1,1,2,2,1
101,2017-12-22T11:43:48,1,1,1,2,2,1
102,2017-12-22T11:44:19,1,1,1,2,2,1
103,2017-12-22T11:44:50,1,1,1,2,2,0
104,2017-12-22T11:45:20,1,1,1,2,2,1
105,2017-12-22T11:45:51,1,1,1,2,2,0
106,2017-12-22T11:46:22,1,1,1,2,2,1
107,2017-12-22T11:46:52,1,1,1,2,2,1
108,2017-12-22T11:47:23,1,1,1,2,2,1
109,2017-12-22T11:47:53,1,1,1,2,2,1
110,2017-12-22T11:48:24,1,1,1,2,2,1
111,2017-12-22T11:48:55,1,1,1,2,2,1
112,2017-12-22T11:49:25,1,1,1,2,2,1
113,2017-12-22T11:49:56,1,1,1,2,2,0
114,2017-12-22T11:50:27,1,1,1,2,2,0
115,2017-12-22T11:50:57,1,1,1,2,2,0
116,2017-12-22T11:51:28,1,1,1,2,2,1
117,2017-12-22T11:51:59,1,1,1,2,2,1
118,2017-12-22T11:52:29,1,1,1,2,2,1
119,2017-12-22T11:53:00,1,1,1,2,2,1
120,2017-12-22T11:53:30,1,1,1,2,2,1
121,2017-12-22T11:54:01,1,1,1,2,2,1
122,2017-12-22T11:54:32,1,1,1,2,2,1
123,2017-12-22T11:55:02,1,1,1,2,2,1
124,2017-12-22T11:55:33,1,1,1,2,2,1
125,2017-12-22T11:56:04,1,1,1,2,2,1
126,2017-12-22T11:56:34,1,1,1,2,2,1
127,2017-12-22T11:57:05,1,1,1,2,2,1
128,2017-12-22T11:57:36,1,2,1,2,2,1
129,2017-12-22T11:58:06,1,2,1,2,2,1
130,2017-12-22T11:58:37,1,2,1,2,2,1
131,2017-12-22T11:59:07,1,2,1,2,2,1
132,2017-12-22T11:59:38,1,2,1,2,2,1
133,2017-12-22T12:00:09,1,2,1,2,2,1
134,2017-12-22T12:00:39,1,2,1,2,2,0
135,2017-12-22T12:01:10,1,2,1,2,2,0
136,2017-12-22T12:01:41,1,2,1,1,2,0
137,2017-12-22T12:02:11,1,2,1,1,2,0
138,2017-12-22T12:02:42,1,2,1,2,2,0
139,2017-12-22T12:03:12,1,2,1,2,2,1
140,2017-12-22T12:03:43,1,2,1,2,2,1
141,2017-12-22T12:04:14,1,2,1,2,2,0
142,2017-12-22T12:04:44,1,2,1,2,2,1
143,2017-12-22T12:05:15,1,2,1,2,2,1
144,2017-12-22T12:05:46,1,2,1,2,2,1
145,2017-12-22T12:06:16,1,2,1,2,2,1
146,2017-12-22T12:06:47,1,2,1,2,2,1
147,2017-12-22T12:07:18,1,2,1,2,2,1
148,2017-12-22T12:07:48,1,2,1,2,2,0
149,2017-12-22T12:08:19,1,2,1,2,2,1
150,2017-12-22T12:08:49,1,2,1,0,2,0
151,2017-12-22T12:09:20,1,2,1,2,2,0
152,2017-12-22T12:09:51,1,2,1,2,2,1
153,2017-12-22T12:10:21,1,2,1,2,2,1
154,2017-12-22T12:10:52,1,2,1,2,2,1
155,2017-12-22T12:11:23,1,2,1,2,2,0
156,2017-12-22T12:11:53,1,2,1,2,2,1
157,2017-12-22T12:12:24,1,2,1,2,2,1
158,2017-12-22T12:12:55,1,2,1,2,2,1
159,2017-12-22T12:13:25,1,2,1,2,2,1
160,2017-12-22T12:13:56,1,2,1,2,2,1
161,2017-12-22T12:14:26,1,2,1,2,2,1
162,2017-12-22T12:14:57,1,2,1,2,2,0
163,2017-12-22T12:15:28,1,2,1,2,2,1
164,2017-12-22T12:15:58,1,2,1,2,2,1
165,2017-12-22T12:16:29,1,2,1,2,2,1
166,2017-12-22T12:17:00,1,2,1,2,2,1
167,2017-12-22T12:17:30,1,2,1,2,2,1
168,2017-12-22T12:18:01,1,2,1,2,2,1
169,2017-12-22T12:18:32,1,2,1,2,2,1
170,2017-12-22T12:19:02,1,2,1,2,2,1
171,2017-12-22T12:19:33,1,2,1,2,2,1
172,2017-12-22T12:20:03,1,2,1,2,2,1
173,2017-12-22T12:20:34,1,2,1,2,2,1
174,2017-12-22T12:21:05,1,2,1,2,2,1
175,2017-12-22T12:21:35,1,2,1,2,2,0
176,2017-12-22T12:22:06,1,2,1,2,2,1
177,2017-12-22T12:22:37,1,2,1,2,2,1
178,2017-12-22T12:23:38,1,2,1,2,2,0
179,2017-12-22T12:24:09,1,2,1,2,2,0
180,2017-12-22T12:24:39,1,2,1,2,2,1
181,2017-12-22T12:25:10,1,2,1,2,2,1
182,2017-12-22T12:25:40,1,2,1,2,2,0
183,2017-12-22T12:26:11,1,2,1,2,2,0
184,2017-12-22T12:26:42,1,2,1,1,2,0
185,2017-12-22T12:27:12,1,2,1,1,2,0
186,2017-12-22T12:27:43,1,2,1,2,2,0
187,2017-12-22T12:28:14,1,2,1,2,2,0
188,2017-12-22T12:28:44,1,2,1,2,2,1
189,2017-12-22T12:29:15,1,2,1,2,2,1
190,2017-12-22T12:29:46,1,2,1,2,2,1
191,2017-12-22T12:30:16,1,2,1,2,2,1
192,2017-12-22T12:30:47,1,2,1,2,2,1
193,2017-12-22T12:31:17,1,2,1,2,2,1
194,2017-12-22T12:31:48,1,2,1,2,2,1
195,2017-12-22T12:32:19,1,2,1,2,2,1
196,2017-12-22T12:32:49,1,2,1,2,2,1
197,2017-12-22T12:33:20,1,2,1,2,2,1
198,2017-12-22T12:33:51,1,2,1,2,2,1
199,2017-12-22T12:34:21,1,2,1,2,2,1
200,2017-12-22T12:34:52,1,2,1,2,2,1
201,2017-12-22T12:35:22,1,2,1,2,2,1
202,2017-12-22T12:35:53,1,2,1,2,2,1
203,2017-12-22T12:36:24,1,2,1,2,2,1
204,2017-12-22T12:36:54,1,2,1,2,2,1
205,2017-12-22T12:37:25,1,2,1,2,2,1
206,2017-12-22T12:37:56,1,2,1,2,2,1
207,2017-12-22T12:38:26,1,2,1,2,2,1
208,2017-12-22T12:38:57,1,2,1,2,2,1
209,2017-12-22T12:39:28,1,2,1,2,2,1
210,2017-12-22T12:39:58,1,2,1,2,2,1
211,2017-12-22T12:40:29,1,2,1,2,2,1
212,2017-12-22T12:40:59,1,2,1,2,2,1
213,2017-12-22T12:41:30,1,2,1,2,2,1
214,2017-12-22T12:42:01,1,2,1,2,2,1
215,2017-12-22T12:42:31,1,2,1,2,2,1
216,2017-12-22T13:08:03,1,2,1,2,2,1
217,2017-12-22T13:08:34,1,2,1,2,2,1
218,2017-12-22T13:09:04,1,2,1,2,2,1
219,2017-12-22T13:09:35,1,2,1,2,2,1
220,2017-12-22T13:10:06,1,2,1,2,2,1
221,2017-12-22T13:10:36,1,2,1,2,2,1
222,2017-12-22T13:11:07,1,2,1,2,2,1
223,2017-12-22T13:11:38,1,2,1,2,2,1
224,2017-12-22T13:12:08,1,2,1,2,2,1
225,2017-12-22T13:12:39,1,2,1,2,2,1
226,2017-12-22T13:13:09,1,2,1,2,2,1
227,2017-12-22T13:13:40,1,2,1,2,2,1
228,2017-12-22T13:14:11,1,2,1,2,2,1
229,2017-12-22T13:14:41,1,2,1,2,2,1
230,2017-12-22T13:15:12,1,2,1,2,2,1
231,2017-12-22T13:15:43,1,2,1,2,2,1
232,2017-12-22T13:16:13,1,2,1,2,2,1
233,2017-12-22T13:16:44,1,2,1,2,2,0
234,2017-12-22T13:17:15,1,2,1,2,2,1
235,2017-12-22T13:17:45,1,2,1,2,2,1
236,2017-12-22T13:18:16,1,2,1,2,2,1
237,2017-12-22T13:19:17,1,2,1,2,2,1
238,2017-12-22T13:19:48,1,2,1,2,2,1
239,2017-12-22T13:20:18,1,2,1,2,2,1
240,2017-12-22T13:20:49,1,2,1,2,2,1
241,2017-12-22T13:21:20,1,2,1,2,2,1
242,2017-12-22T13:21:50,1,2,1,2,2,1
243,2017-12-22T13:22:21,1,2,1,2,2,1
244,2017-12-22T13:22:52,1,2,1,2,2,1
245,2017-12-22T13:23:22,1,2,1,2,2,1
246,2017-12-22T13:23:53,1,2,1,2,2,1
247,2017-12-22T13:24:23,1,2,1,2,2,1
248,2017-12-22T13:24:54,1,2,1,2,2,1
249,2017-12-22T13:25:25,1,2,1,2,2,1
250,2017-12-22T13:25:55,1,2,1,2,2,0
251,2017-12-22T13:26:26,1,2,1,2,2,1
252,2017-12-22T13:26:57,1,2,1,2,2,1
253,2017-12-22T13:27:27,1,2,1,2,2,0
254,2017-12-22T13:27:58,1,2,1,2,2,0
255,2017-12-22T13:28:28,1,2,1,1,2,1
256,2017-12-22T13:28:59,1,2,1,2,2,1
257,2017-12-22T13:29:30,1,2,1,2,2,1
258,2017-12-22T13:30:00,1,2,1,2,2,1
259,2017-12-22T13:30:31,1,2,1,2,2,1
260,2017-12-22T13:31:02,1,2,1,2,2,1
261,2017-12-22T13:32:03,1,2,1,2,2,1
262,2017-12-22T13:32:34,1,2,1,2,2,1
263,2017-12-22T13:33:04,1,2,1,2,2,1
264,2017-12-22T13:33:35,1,2,1,2,2,1
265,2017-12-22T13:34:05,1,2,1,2,2,1
266,2017-12-22T13:34:36,1,2,1,2,2,1
267,2017-12-22T13:35:07,1,2,1,2,2,1
268,2017-12-22T13:35:37,1,2,1,2,2,1
269,2017-12-22T13:36:08,1,2,1,2,2,1
270,2017-12-22T13:36:39,1,2,1,2,2,1
271,2017-12-22T13:37:09,1,2,1,2,2,1
272,2017-12-22T13:37:40,1,2,1,2,2,1
273,2017-12-22T13:38:11,1,2,1,2,2,1
274,2017-12-22T13:38:41,1,2,1,2,2,1
275,2017-12-22T13:39:12,1,2,1,2,2,1
276,2017-12-22T13:39:42,1,2,1,2,2,1
277,2017-12-22T13:40:13,1,2,1,2,2,1
278,2017-12-22T13:40:44,1,2,1,2,2,1
279,2017-12-22T13:41:14,1,2,1,2,2,1
280,2017-12-22T13:41:45,1,2,1,2,2,1
281,2017-12-22T13:42:16,1,2,1,2,2,1
282,2017-12-22T13:42:46,1,2,1,2,2,1
283,2017-12-22T13:43:17,1,2,1,2,2,1
284,2017-12-22T13:43:48,1,2,1,2,2,1
285,2017-12-22T13:44:18,1,2,1,2,2,1
286,2017-12-22T13:44:49,1,2,1,2,2,1
287,2017-12-22T13:45:19,1,2,1,2,2,1
288,2017-12-22T13:45:50,1,2,1,2,2,0
289,2017-12-22T13:46:21,1,2,1,2,2,0
290,2017-12-22T13:46:51,1,2,1,2,2,1
291,2017-12-22T13:47:22,1,2,1,2,2,1
292,2017-12-22T13:47:53,1,2,1,2,2,1
293,2017-12-22T13:48:23,1,2,1,2,2,1
294,2017-12-22T13:48:54,1,2,1,2,2,1
295,2017-12-22T13:49:25,1,2,1,2,2,1
296,2017-12-22T13:49:55,1,2,1,2,2,1
297,2017-12-22T13:50:26,1,2,1,2,2,1
298,2017-12-22T13:50:56,1,2,1,2,2,1
299,2017-12-22T13:51:27,1,2,1,2,2,1
300,2017-12-22T13:51:58,1,2,1,2,2,1
301,2017-12-22T13:52:28,1,2,1,2,2,0
302,2017-12-22T13:52:59,1,2,1,2,2,1
303,2017-12-22T13:53:30,1,2,1,2,2,1
304,2017-12-22T13:54:00,1,2,1,2,2,1
305,2017-12-22T13:54:31,1,2,1,2,2,1
306,2017-12-22T13:55:02,1,2,1,2,2,1
307,2017-12-22T13:55:32,1,2,1,2,2,1
308,2017-12-22T13:56:03,1,2,1,2,2,1
309,2017-12-22T13:56:33,1,2,1,2,2,1
310,2017-12-22T13:57:04,1,2,1,2,2,1
311,2017-12-22T13:57:35,1,2,1,2,2,0
312,2017-12-22T13:58:05,1,2,1,2,2,1
313,2017-12-22T13:58:36,1,2,1,2,2,1
314,2017-12-22T13:59:07,1,2,1,2,2,0
315,2017-12-22T13:59:37,1,2,1,2,2,0
316,2017-12-22T14:00:08,1,2,1,2,2,0
317,2017-12-22T14:00:38,1,2,1,2,2,1
318,2017-12-22T14:01:09,1,2,1,2,2,1
319,2017-12-22T14:01:40,1,2,1,2,2,1
320,2017-12-22T14:02:10,1,2,1,2,2,1
321,2017-12-22T14:02:41,1,2,1,2,2,1
322,2017-12-22T14:03:12,1,2,1,2,2,1
323,2017-12-22T14:03:42,1,2,1,2,2,0
324,2017-12-22T14:04:13,1,2,1,2,2,0
325,2017-12-22T14:04:44,1,2,1,2,2,0
326,2017-12-22T14:05:14,1,2,1,2,2,1
327,2017-12-22T14:05:45,1,2,1,2,2,1
328,2017-12-22T14:06:15,1,2,1,2,2,1
329,2017-12-22T14:06:46,1,2,1,2,2,1
330,2017-12-22T14:07:17,1,2,1,2,2,1
331,2017-12-22T14:07:47,1,2,1,2,2,1
332,2017-12-22T14:08:18,1,2,1,2,2,1
333,2017-12-22T14:08:49,1,2,1,2,2,0
334,2017-12-22T14:09:19,1,2,1,2,2,1
335,2017-12-22T14:09:50,1,2,1,2,2,1
336,2017-12-22T14:10:21,1,2,1,2,2,0
337,2017-12-22T14:10:51,1,2,1,2,2,1
338,2017-12-22T14:11:22,1,2,1,2,2,1
339,2017-12-22T14:11:52,1,2,1,2,2,1
340,2017-12-22T14:12:23,1,2,1,2,2,1
341,2017-12-22T14:12:54,1,2,1,2,2,1
342,2017-12-22T14:13:55,1,2,1,2,2,1
343,2017-12-22T14:14:26,1,2,1,2,2,1
344,2017-12-22T14:14:56,1,2,1,2,2,1
345,2017-12-22T14:15:27,1,2,1,2,2,1
346,2017-12-22T14:15:58,0,2,1,2,2,1
347,2017-12-22T14:16:28,0,2,1,2,2,1
348,2017-12-22T14:16:59,0,2,1,2,2,1
349,2017-12-22T14:17:29,0,2,1,2,2,0
350,2017-12-22T14:18:00,0,2,1,0,2,0
351,2017-12-22T14:18:31,0,2,1,1,2,0
352,2017-12-22T14:19:01,0,2,1,1,2,0
353,2017-12-22T14:19:32,0,2,1,1,2,0
354,2017-12-22T14:20:03,0,2,1,0,2,0
355,2017-12-22T14:20:33,0,2,1,0,2,0
356,2017-12-22T14:21:04,0,2,1,1,2,0
357,2017-12-22T14:21:35,0,2,1,0,2,0
358,2017-12-22T14:22:05,0,2,1,0,2,0
359,2017-12-22T14:22:36,0,2,1,1,2,0
360,2017-12-22T14:23:06,0,2,1,2,2,0
361,2017-12-22T14:23:37,0,2,1,2,2,0
362,2017-12-22T14:24:08,0,2,1,1,2,0
363,2017-12-22T14:24:38,0,2,1,1,2,0
364,2017-12-22T14:25:09,0,2,1,0,2,0
365,2017-12-22T14:25:40,0,2,1,1,2,0
366,2017-12-22T14:26:10,0,2,1,2,2,0
367,2017-12-22T14:26:41,0,2,1,1,2,0
368,2017-12-22T14:27:12,0,2,1,2,2,0
369,2017-12-22T14:27:42,0,2,1,1,2,0
370,2017-12-22T14:28:13,0,2,1,2,2,0
371,2017-12-22T14:28:43,0,2,1,2,2,0
372,2017-12-22T14:29:14,0,2,1,2,2,1
373,2017-12-22T14:29:45,0,2,1,2,2,0
374,2017-12-22T14:30:15,0,2,1,0,2,0
375,2017-12-22T14:30:46,0,2,1,0,2,0
376,2017-12-22T14:31:17,0,2,1,1,2,0
377,2017-12-22T14:31:47,0,2,1,0,2,0
378,2017-12-22T14:32:18,0,2,1,1,2,0
379,2017-12-22T14:32:48,0,2,1,0,2,0
380,2017-12-22T14:33:19,0,2,1,2,2,0
381,2017-12-22T14:33:50,0,2,1,2,2,0
382,2017-12-22T14:34:20,0,2,1,2,2,0
383,2017-12-22T14:34:51,0,2,1,2,2,0
384,2017-12-22T14:35:22,0,2,1,0,2,0
385,2017-12-22T14:35:52,0,2,1,0,2,0
386,2017-12-22T14:36:23,0,2,1,2,2,0
387,2017-12-22T14:36:54,0,2,1,1,2,0
388,2017-12-22T14:37:24,0,2,1,1,2,0
389,2017-12-22T14:37:55,0,2,1,1,2,0
390,2017-12-22T14:38:25,0,2,1,0,2,0
391,2017-12-22T14:38:56,0,2,1,1,2,0
392,2017-12-22T14:39:27,0,2,1,0,2,0
393,2017-12-22T14:39:57,0,2,1,1,2,0
394,2017-12-22T14:40:28,0,2,1,1,2,0
395,2017-12-22T14:40:59,0,2,1,1,2,0
396,2017-12-22T14:41:29,0,2,1,0,2,0
397,2017-12-22T14:42:00,0,2,1,0,2,0
398,2017-12-22T14:42:31,0,2,1,0,2,0
399,2017-12-22T14:43:01,0,2,1,1,2,0
400,2017-12-22T14:43:32,0,2,1,1,2,0
401,2017-12-22T14:44:02,0,2,1,0,2,0
402,2017-12-22T14:44:33,0,2,1,1,2,0
403,2017-12-22T14:45:04,0,2,1,1,2,0
404,2017-12-22T14:45:34,0,2,1,1,2,0
405,2017-12-22T14:46:05,0,2,1,0,2,0
406,2017-12-22T14:46:36,0,2,1,0,2,0
407,2017-12-22T14:47:06,0,2,1,2,2,0
408,2017-12-22T14:47:37,0,2,1,2,2,0
409,2017-12-22T14:48:08,0,2,1,1,2,0
410,2017-12-22T14:48:38,0,2,1,1,2,0
411,2017-12-22T14:49:09,0,2,1,1,2,0
412,2017-12-22T14:49:39,0,2,1,0,2,0
413,2017-12-22T14:50:10,0,2,1,1,2,0
414,2017-12-22T14:50:41,0,2,1,1,2,0
415,2017-12-22T14:51:11,0,2,1,0,2,0
416,2017-12-22T14:51:42,0,2,1,1,2,0
417,2017-12-22T14:52:13,0,2,1,0,2,0
418,2017-12-22T14:52:43,0,2,1,0,2,0
419,2017-12-22T14:53:14,0,2,1,0,2,0
420,2017-12-22T14:53:45,0,2,1,0,2,0
421,2017-12-22T14:54:15,0,2,1,1,2,0
422,2017-12-22T14:54:46,0,2,1,1,2,0
423,2017-12-22T14:55:16,0,2,1,0,2,0
424,2017-12-22T14:55:47,0,2,1,0,2,0
425,2017-12-22T14:56:18,0,2,1,0,2,0
426,2017-12-22T14:56:48,0,2,1,1,2,0
427,2017-12-22T14:57:19,0,2,1,1,2,0
428,2017-12-22T14:57:50,0,2,1,1,2,0
429,2017-12-22T14:58:20,0,2,1,1,2,0
430,2017-12-22T14:58:51,0,2,1,1,2,0
431,2017-12-22T14:59:22,0,2,1,1,2,0
432,2017-12-22T14:59:52,0,2,1,2,2,0
433,2017-12-22T15:00:23,0,2,1,1,2,0
434,2017-12-22T15:00:53,0,2,1,0,2,0
435,2017-12-22T15:01:24,0,2,1,0,2,0
436,2017-12-22T15:01:55,0,2,1,1,2,0
437,2017-12-22T15:02:25,0,2,1,1,2,0
438,2017-12-22T15:02:56,0,2,1,0,2,0
439,2017-12-22T15:03:27,0,2,1,0,2,0
440,2017-12-22T15:03:57,0,2,1,0,2,0
441,2017-12-22T15:04:28,0,2,1,1,2,0
442,2017-12-22T15:04:58,0,2,1,0,2,0
443,2017-12-22T15:05:29,0,2,1,0,2,0
444,2017-12-22T15:06:00,0,2,1,1,2,0
445,2017-12-22T15:06:30,0,2,1,1,2,0
446,2017-12-22T15:07:01,0,2,1,1,2,0
447,2017-12-22T15:07:32,0,2,1,1,2,0
448,2017-12-22T15:08:02,0,2,1,0,2,0
449,2017-12-22T15:08:33,0,2,1,1,2,0
450,2017-12-22T15:09:04,0,2,1,2,2,0
451,2017-12-22T15:10:05,0,2,1,1,2,0
452,2017-12-22T15:10:35,0,2,1,1,2,0
453,2017-12-22T15:11:06,0,2,1,2,2,0
454,2017-12-22T15:11:37,0,2,1,1,2,0
455,2017-12-22T15:12:07,0,2,1,2,2,0
456,2017-12-22T15:12:38,0,2,1,1,2,0
457,2017-12-22T15:13:09,0,2,1,0,2,0
458,2017-12-22T15:13:39,0,2,1,1,2,0
459,2017-12-22T15:14:10,0,2,1,2,2,0
460,2017-12-22T15:14:41,0,2,1,0,2,0
461,2017-12-22T15:15:11,0,2,1,0,2,0
462,2017-12-22T15:15:42,0,2,1,1,2,0
463,2017-12-22T15:16:12,0,2,1,2,2,0
464,2017-12-22T15:16:43,0,2,1,0,2,0
465,2017-12-22T15:17:14,0,2,1,1,2,0
466,2017-12-22T15:17:44,0,2,1,0,2,0
467,2017-12-22T15:18:15,0,2,1,1,2,0
468,2017-12-22T15:18:46,0,2,1,1,2,0
469,2017-12-22T15:19:16,0,2,1,0,2,0
470,2017-12-22T15:19:47,0,2,1,1,2,0
471,2017-12-22T15:20:18,0,2,1,0,2,0
472,2017-12-22T15:20:48,0,2,1,0,2,0
473,2017-12-22T15:21:19,0,2,1,1,2,0
474,2017-12-22T15:21:49,0,2,1,1,2,0
475,2017-12-22T15:22:20,0,2,1,0,2,0
476,2017-12-22T15:22:51,0,2,1,1,2,0
477,2017-12-22T15:23:21,0,2,1,1,2,0
478,2017-12-22T15:23:52,0,2,1,1,2,0
479,2017-12-22T15:25:24,1,2,1,2,2,1
480,2017-12-22T15:25:55,1,2,1,2,2,0
481,2017-12-22T15:26:25,1,2,1,0,2,0
482,2017-12-22T15:26:56,1,2,1,2,2,1
483,2017-12-22T15:27:26,1,2,1,2,2,0
484,2017-12-22T15:27:57,1,2,1,2,2,0
485,2017-12-22T15:28:28,1,2,1,2,2,1
486,2017-12-22T15:28:58,1,2,1,1,2,1
487,2017-12-22T15:29:29,1,2,1,2,2,0
488,2017-12-22T15:30:00,1,2,1,2,2,0
489,2017-12-22T15:30:30,1,2,1,2,2,0
490,2017-12-22T15:31:01,1,2,1,1,2,0
491,2017-12-22T15:31:32,1,2,1,1,2,0
492,2017-12-22T15:32:02,1,2,1,1,2,0
493,2017-12-22T15:32:33,1,2,1,2,2,0
494,2017-12-22T15:33:03,1,2,1,2,2,0
495,2017-12-22T15:33:34,1,2,1,0,2,0
496,2017-12-22T15:34:05,1,2,1,2,2,0
497,2017-12-22T15:34:35,1,2,1,2,2,0
498,2017-12-22T15:35:06,1,2,1,2,2,0
499,2017-12-22T15:35:37,1,2,1,2,2,1
500,2017-12-22T15:36:07,1,2,1,2,2,1
501,2017-12-22T15:36:38,1,2,1,2,2,0
502,2017-12-22T15:37:09,1,2,1,2,2,0
503,2017-12-22T15:37:39,1,2,1,2,2,0
504,2017-12-22T15:38:10,1,2,1,2,2,0
505,2017-12-22T15:38:40,1,2,1,2,2,0
506,2017-12-22T15:39:11,1,2,1,2,2,0
507,2017-12-22T15:39:42,1,2,1,2,2,0
508,2017-12-22T15:40:12,1,2,1,1,2,1
509,2017-12-22T15:40:43,1,2,1,2,2,1
510,2017-12-22T15:41:14,1,2,1,2,2,0
511,2017-12-22T15:41:44,1,2,1,2,2,0
512,2017-12-22T15:42:15,1,2,1,2,2,0
513,2017-12-22T15:42:45,1,2,1,2,2,0
514,2017-12-22T15:43:16,1,2,1,2,2,0
515,2017-12-22T15:43:47,1,2,1,2,2,0
516,2017-12-22T15:44:17,1,2,1,2,2,0
517,2017-12-22T15:44:48,1,2,1,1,2,0
518,2017-12-22T15:45:19,1,2,1,1,2,0
519,2017-12-22T15:45:49,1,2,1,2,2,0
520,2017-12-22T15:46:20,1,2,1,2,2,1
521,2017-12-22T15:46:51,1,2,1,2,2,0
522,2017-12-22T15:47:21,1,2,1,2,2,1
523,2017-12-22T15:47:52,1,2,1,0,2,0
524,2017-12-22T15:48:22,1,2,1,1,2,0
525,2017-12-22T15:48:53,1,2,1,1,2,0
526,2017-12-22T15:49:24,1,2,1,2,2,1
527,2017-12-22T15:49:54,1,2,1,2,2,0
528,2017-12-22T15:50:25,1,2,1,2,2,1
529,2017-12-22T15:50:56,1,2,1,2,2,0
530,2017-12-22T15:51:26,1,2,1,2,2,0
531,2017-12-22T15:51:57,1,2,1,2,2,0
532,2017-12-22T15:52:28,1,2,1,1,2,0
533,2017-12-22T15:52:58,1,2,1,1,2,1
534,2017-12-22T15:53:29,1,2,1,1,2,0
535,2017-12-22T15:53:59,1,2,1,1,2,0
536,2017-12-22T15:54:30,1,2,1,1,2,0
537,2017-12-22T15:55:01,1,2,1,1,2,0
538,2017-12-22T15:55:31,1,2,1,2,2,0
539,2017-12-22T15:56:02,1,2,1,1,2,0
540,2017-12-22T15:56:33,1,2,1,1,2,0
541,2017-12-22T15:57:03,1,2,1,0,2,0
542,2017-12-22T15:57:34,1,2,1,1,2,0
543,2017-12-22T15:58:05,1,2,1,1,2,0
544,2017-12-22T15:58:35,1,2,1,1,2,1
545,2017-12-22T15:59:06,1,2,1,2,2,1
546,2017-12-22T15:59:36,1,2,1,2,2,0
547,2017-12-22T16:00:07,1,2,1,2,2,0
548,2017-12-22T16:00:38,1,2,1,1,2,0
549,2017-12-22T16:01:08,1,2,1,1,2,0
550,2017-12-22T16:01:39,1,2,1,1,2,0
551,2017-12-22T16:02:10,1,2,1,2,2,1
552,2017-12-22T16:02:40,1,2,1,2,2,1
553,2017-12-22T16:03:11,1,2,1,2,2,0
554,2017-12-22T16:04:12,1,2,1,1,2,0
555,2017-12-22T16:04:43,1,2,1,2,2,1
556,2017-12-22T16:05:13,1,2,1,2,2,1
557,2017-12-22T16:05:44,1,2,1,2,2,1
558,2017-12-22T16:06:15,1,2,1,2,2,1
559,2017-12-22T16:06:45,1,2,1,2,2,0
560,2017-12-22T16:07:16,1,2,1,1,2,0
561,2017-12-22T16:07:47,1,2,1,2,2,0
562,2017-12-22T16:08:17,1,2,1,2,2,0
563,2017-12-22T16:08:48,1,2,1,2,2,0
564,2017-12-22T16:09:18,1,2,1,2,2,0
565,2017-12-22T16:09:49,1,2,1,1,2,0
566,2017-12-22T16:10:20,1,2,1,1,2,0
567,2017-12-22T16:10:50,1,2,1,2,2,0
568,2017-12-22T16:11:21,1,2,1,2,2,1
569,2017-12-22T16:11:52,1,2,1,1,2,1
570,2017-12-22T16:12:22,1,2,1,2,2,1
571,2017-12-22T16:12:53,1,2,1,1,2,1
572,2017-12-22T16:13:24,1,2,1,1,2,0
573,2017-12-22T16:13:54,1,2,1,1,2,0
574,2017-12-22T16:14:25,1,2,1,1,2,0
575,2017-12-22T16:14:55,1,2,1,2,2,0
576,2017-12-22T16:15:26,1,2,1,0,2,0
577,2017-12-22T16:15:57,1,2,1,2,2,0
578,2017-12-22T16:16:27,1,2,1,2,2,1
579,2017-12-22T16:16:58,1,2,1,2,2,0
580,2017-12-22T16:17:29,1,2,1,1,2,0
581,2017-12-22T16:17:59,1,2,1,2,2,0
582,2017-12-22T16:18:30,1,2,1,1,2,0
583,2017-12-22T16:19:00,1,2,1,2,2,0
584,2017-12-22T16:19:31,1,2,1,1,2,0
585,2017-12-22T16:20:02,1,2,1,1,2,0
586,2017-12-22T16:20:32,1,2,1,2,2,1
587,2017-12-22T16:21:03,1,2,1,1,2,0
588,2017-12-22T16:21:34,1,2,1,0,2,0
589,2017-12-22T16:22:04,1,2,1,0,2,0
590,2017-12-22T16:22:35,1,2,1,2,2,0
591,2017-12-22T16:23:06,1,2,1,0,2,0
592,2017-12-22T16:23:36,1,2,1,1,2,0
593,2017-12-22T16:24:07,1,2,1,2,2,1
594,2017-12-22T16:24:37,1,2,1,2,2,0
595,2017-12-22T16:25:08,1,2,1,2,2,1
596,2017-12-22T16:25:39,1,2,1,2,2,1
597,2017-12-22T16:26:09,1,2,1,1,2,0
598,2017-12-22T16:26:40,1,2,1,1,2,0
599,2017-12-22T16:27:11,1,2,1,2,2,1
600,2017-12-22T16:27:41,1,2,1,2,2,1
601,2017-12-22T16:28:12,1,2,1,2,2,1
602,2017-12-22T16:28:43,1,2,1,2,2,1
603,2017-12-22T16:29:13,1,2,1,2,2,0
604,2017-12-22T16:29:44,1,2,1,2,2,1
605,2017-12-22T16:30:14,1,2,1,2,2,1
606,2017-12-22T16:30:45,1,2,1,2,2,1
607,2017-12-22T16:31:16,1,2,1,2,2,1
608,2017-12-22T16:32:17,1,2,1,2,2,1
609,2017-12-22T16:32:48,1,2,1,2,2,1
610,2017-12-22T16:33:18,1,2,1,2,2,1
611,2017-12-22T16:33:49,1,2,1,2,2,1
612,2017-12-22T16:34:20,1,2,1,2,2,1
613,2017-12-22T16:34:50,1,2,1,2,2,1
614,2017-12-22T16:35:21,1,2,1,2,2,0
615,2017-12-22T16:35:51,1,2,1,2,2,0
616,2017-12-22T16:36:22,1,2,1,2,2,0
617,2017-12-22T16:36:53,1,2,1,2,2,0
618,2017-12-22T16:37:23,1,2,1,2,2,0
619,2017-12-22T16:37:54,1,2,1,2,2,1
620,2017-12-22T16:38:25,1,2,1,2,2,1
621,2017-12-22T16:38:55,1,2,1,2,2,1
622,2017-12-22T16:39:26,1,2,1,2,2,1
623,2017-12-22T16:39:57,1,2,1,2,2,1
624,2017-12-22T16:40:27,1,2,1,2,2,1
625,2017-12-22T16:40:58,1,2,1,2,2,1
626,2017-12-22T16:41:28,1,2,1,2,2,0
627,2017-12-22T16:41:59,1,2,1,2,2,0
628,2017-12-22T16:42:30,1,2,1,2,2,1
629,2017-12-22T16:43:00,1,2,1,2,2,0
630,2017-12-22T16:43:31,1,2,1,2,2,1
631,2017-12-22T16:44:02,1,2,1,2,2,0
632,2017-12-22T16:44:32,1,2,1,2,2,0
633,2017-12-22T16:45:03,1,2,1,2,2,1
634,2017-12-22T16:45:33,1,2,1,2,2,0
635,2017-12-22T16:46:04,1,2,1,2,2,0
636,2017-12-22T16:46:35,1,2,1,2,2,1
637,2017-12-22T16:47:05,1,2,1,2,2,0
638,2017-12-22T16:47:36,1,2,1,2,2,0
639,2017-12-22T16:48:07,1,2,1,2,2,1
640,2017-12-22T16:48:37,1,2,1,2,2,1
641,2017-12-22T16:49:08,1,2,1,2,2,1
642,2017-12-22T16:49:39,1,2,1,2,2,1
643,2017-12-22T16:50:09,1,2,1,2,2,1
644,2017-12-22T16:50:40,1,2,1,2,2,1
645,2017-12-22T16:51:10,1,2,1,2,2,1
646,2017-12-22T16:51:41,1,2,1,2,2,1
647,2017-12-22T16:52:12,1,2,1,2,2,1
648,2017-12-22T16:52:42,1,2,1,2,2,0
649,2017-12-22T16:53:13,1,2,1,2,2,1
650,2017-12-22T16:53:44,1,2,1,2,2,1
651,2017-12-22T16:54:14,1,2,1,2,2,1
652,2017-12-22T16:54:45,1,2,1,2,2,1
653,2017-12-22T16:55:16,1,2,1,2,2,0
654,2017-12-22T16:55:46,1,2,1,2,2,1
655,2017-12-22T16:56:17,1,2,1,2,2,0
656,2017-12-22T16:56:47,1,2,1,2,2,1
657,2017-12-22T16:57:18,1,2,1,2,2,1
658,2017-12-22T16:57:49,1,2,1,2,2,0
659,2017-12-22T16:58:19,1,2,1,2,2,1
660,2017-12-22T16:58:50,1,2,1,2,2,1
661,2017-12-22T16:59:21,1,2,1,2,2,1
662,2017-12-22T17:00:22,1,2,1,2,2,1
663,2017-12-22T17:00:53,1,2,1,2,2,1
664,2017-12-22T17:01:23,1,2,1,2,2,1
665,2017-12-22T17:01:54,1,2,1,2,2,1
666,2017-12-22T17:02:24,1,2,1,1,2,1
667,2017-12-22T17:02:55,1,2,1,1,2,1
668,2017-12-22T17:03:26,1,2,1,2,2,1
669,2017-12-22T17:03:56,1,2,1,2,2,1
670,2017-12-22T17:04:27,1,2,1,2,2,1
671,2017-12-22T17:04:58,1,2,1,2,2,1
672,2017-12-22T17:05:28,1,2,1,2,2,1
673,2017-12-22T17:05:59,1,2,1,2,2,1
674,2017-12-22T17:06:29,1,2,1,1,2,1
675,2017-12-22T17:07:00,1,2,1,2,2,1
676,2017-12-22T17:07:31,1,2,1,2,2,1
677,2017-12-22T17:08:01,1,2,1,2,2,1
678,2017-12-22T17:08:32,1,2,1,2,2,1
679,2017-12-22T17:09:03,1,2,1,2,2,1
680,2017-12-22T17:09:33,1,2,1,0,2,1
681,2017-12-22T17:10:04,1,2,1,2,2,0
682,2017-12-22T17:10:35,1,2,1,2,2,1
683,2017-12-22T17:11:05,1,2,1,2,2,1
684,2017-12-22T17:11:36,1,2,1,2,2,0
685,2017-12-22T17:12:06,1,2,1,1,2,0
686,2017-12-22T17:12:37,1,2,1,1,2,1
687,2017-12-22T17:13:08,1,2,1,1,2,1
688,2017-12-22T17:13:38,1,2,1,2,2,1
689,2017-12-22T17:14:09,1,2,1,2,2,1
690,2017-12-22T17:14:40,1,2,1,1,2,1
691,2017-12-22T17:15:10,1,2,1,2,2,1
692,2017-12-22T17:15:41,1,2,1,2,2,1
693,2017-12-22T17:16:12,1,2,1,2,2,1
694,2017-12-22T17:16:42,1,2,1,1,2,1
695,2017-12-22T17:17:13,1,2,1,2,2,1
696,2017-12-22T17:17:43,1,2,1,0,2,0
697,2017-12-22T17:18:14,1,2,1,1,2,0
698,2017-12-22T17:18:45,1,2,1,2,2,1
699,2017-12-22T17:19:15,1,2,1,2,2,1
700,2017-12-22T17:19:46,1,2,1,2,2,1
701,2017-12-22T17:20:17,1,2,1,2,2,1
702,2017-12-22T17:20:47,1,2,1,2,2,1
703,2017-12-22T17:21:18,1,2,1,2,2,1
704,2017-12-22T17:21:49,1,2,1,2,2,1
705,2017-12-22T17:22:19,1,2,1,2,2,1
706,2017-12-22T17:22:50,1,2,1,2,2,1
707,2017-12-22T17:23:20,1,2,1,2,2,1
708,2017-12-22T17:23:51,1,2,1,1,2,0
709,2017-12-22T17:24:22,1,2,1,1,2,0
710,2017-12-22T17:24:52,1,2,1,2,2,1
711,2017-12-22T17:25:23,1,2,1,2,2,1
712,2017-12-22T17:25:54,1,2,1,2,2,1
713,2017-12-22T17:26:24,1,2,1,2,2,1
714,2017-12-22T17:26:55,1,2,1,2,2,1
715,2017-12-22T17:27:25,1,2,1,2,2,1
716,2017-12-22T17:27:56,1,2,1,1,2,1
717,2017-12-22T17:28:27,1,2,1,2,2,1
718,2017-12-22T17:28:57,1,2,1,2,2,1
719,2017-12-22T17:29:28,1,2,1,2,2,1
720,2017-12-22T17:29:59,1,2,1,2,2,1
721,2017-12-22T17:30:29,1,2,1,2,2,1
722,2017-12-22T17:31:00,1,2,1,2,2,1
723,2017-12-22T17:31:31,1,2,1,2,2,1
724,2017-12-22T17:32:01,1,2,1,2,2,1
725,2017-12-22T17:32:32,1,2,1,2,2,1
726,2017-12-22T17:33:02,1,2,1,2,2,1
727,2017-12-22T17:33:33,1,2,1,2,2,1
728,2017-12-22T17:34:04,1,2,1,2,2,1
729,2017-12-22T17:34:34,1,2,1,2,2,1
730,2017-12-22T17:35:05,1,2,1,2,2,1
731,2017-12-22T17:35:36,1,2,1,2,2,1
732,2017-12-22T17:36:06,1,2,1,2,2,0
733,2017-12-22T17:36:37,1,2,1,2,2,1
734,2017-12-22T17:37:08,1,2,1,2,2,1
735,2017-12-22T17:37:38,1,2,1,2,2,1
736,2017-12-22T17:38:09,1,2,1,2,2,1
737,2017-12-22T17:38:39,1,2,1,2,2,1
738,2017-12-22T17:39:10,1,2,1,2,2,1
739,2017-12-22T17:39:41,1,2,1,2,2,1
740,2017-12-22T17:40:11,1,2,1,2,2,1
741,2017-12-22T17:40:42,1,2,1,2,2,1
742,2017-12-22T17:41:13,1,2,1,2,2,1
743,2017-12-22T17:41:43,1,2,1,2,2,0
744,2017-12-22T17:42:14,1,2,1,0,2,1
745,2017-12-22T17:42:45,1,2,1,2,2,1
746,2017-12-22T17:43:15,1,2,1,2,2,1
747,2017-12-22T17:43:46,1,2,1,2,2,1
748,2017-12-22T17:44:16,1,2,1,2,2,1
749,2017-12-22T17:44:47,1,2,1,2,2,1
750,2017-12-22T17:45:18,1,2,1,2,2,1
751,2017-12-22T17:45:48,1,2,1,2,2,1
752,2017-12-22T17:46:19,1,2,1,2,2,1
753,2017-12-22T17:46:50,1,2,1,2,2,1
754,2017-12-22T17:47:20,1,2,1,0,2,1
755,2017-12-22T17:47:51,1,2,1,2,2,0
756,2017-12-22T17:48:22,1,2,1,2,2,1
757,2017-12-22T17:48:52,1,2,1,2,2,1
758,2017-12-22T17:49:23,1,2,1,2,2,1
759,2017-12-22T17:49:53,1,2,1,2,2,0
760,2017-12-22T17:50:24,1,2,1,2,2,1
761,2017-12-22T17:50:55,1,2,1,2,2,1
762,2017-12-22T17:51:25,1,2,1,2,2,1
763,2017-12-22T17:51:56,1,2,1,2,2,1
764,2017-12-22T17:52:27,1,2,1,2,2,1
765,2017-12-22T17:52:57,1,2,1,2,2,1
766,2017-12-22T17:53:28,1,2,1,1,2,1
767,2017-12-22T17:54:29,1,2,1,2,2,1
768,2017-12-22T17:55:00,1,2,1,2,2,1
769,2017-12-22T17:55:30,1,2,1,2,2,1
770,2017-12-22T17:56:01,1,2,1,2,2,1
771,2017-12-22T17:56:32,1,2,1,2,2,1
772,2017-12-22T17:57:02,1,2,1,2,2,1
773,2017-12-22T17:57:33,1,2,1,2,2,1
774,2017-12-22T17:58:04,1,2,1,2,2,1
775,2017-12-22T17:58:34,1,2,1,2,2,1
776,2017-12-22T17:59:05,1,2,1,2,2,1
777,2017-12-22T17:59:35,1,2,1,2,2,1
778,2017-12-22T18:00:06,1,2,1,2,2,1
779,2017-12-22T18:00:37,1,2,1,2,2,1
780,2017-12-22T18:01:38,1,2,1,2,2,1
781,2017-12-22T18:02:09,1,2,1,2,2,1
782,2017-12-22T18:02:39,1,2,1,2,2,1
783,2017-12-22T18:03:10,1,2,1,2,2,0
784,2017-12-22T18:03:41,1,2,1,2,2,0
785,2017-12-22T18:04:11,1,2,1,2,2,1
786,2017-12-22T18:04:42,1,2,1,2,2,0
787,2017-12-22T18:05:12,1,2,1,2,2,0
788,2017-12-22T18:05:43,1,2,1,2,2,1
789,2017-12-22T18:06:14,1,2,1,2,2,1
790,2017-12-22T18:06:44,1,2,1,2,2,1
791,2017-12-22T18:07:15,1,2,1,2,2,1
792,2017-12-22T18:07:46,1,2,1,2,2,0
793,2017-12-22T18:08:16,1,2,1,2,2,1
794,2017-12-22T18:08:47,1,2,1,2,2,1
795,2017-12-22T18:09:18,1,2,1,2,2,1
796,2017-12-22T18:09:48,1,2,1,2,2,1
797,2017-12-22T18:10:19,1,2,1,2,2,1
798,2017-12-22T18:11:20,1,2,1,2,2,1
799,2017-12-22T18:11:51,1,2,1,1,2,0
800,2017-12-22T18:12:21,1,2,1,1,2,0
801,2017-12-22T18:12:52,1,2,1,2,2,1
802,2017-12-22T18:13:23,1,2,1,2,2,1
803,2017-12-22T18:13:53,1,2,1,2,2,1
804,2017-12-22T18:14:24,1,2,1,2,2,1
805,2017-12-22T18:14:55,1,2,1,2,2,1
806,2017-12-22T18:15:25,1,2,1,2,2,1
807,2017-12-22T18:15:56,1,2,1,2,2,1
808,2017-12-22T18:16:26,1,2,1,2,2,1
809,2017-12-22T18:16:57,1,2,1,2,2,0
810,2017-12-22T18:17:28,1,2,1,2,2,1
811,2017-12-22T18:17:58,1,2,1,2,2,1
812,2017-12-22T18:18:29,1,2,1,2,2,1
813,2017-12-22T18:19:00,1,2,1,2,2,1
814,2017-12-22T18:19:30,1,2,1,2,2,1
815,2017-12-22T18:20:01,1,2,1,2,2,1
816,2017-12-22T18:20:32,1,2,1,2,2,1
817,2017-12-22T18:21:02,1,2,1,2,2,0
818,2017-12-22T18:21:33,1,2,1,2,2,1
819,2017-12-22T18:22:03,1,2,1,2,2,1
820,2017-12-22T18:22:34,1,2,1,2,2,1
821,2017-12-22T18:23:05,1,2,1,2,2,1
822,2017-12-22T18:23:35,1,2,1,2,2,0
823,2017-12-22T18:24:06,1,2,1,2,2,1
824,2017-12-22T18:24:37,1,2,1,2,2,1
825,2017-12-22T18:25:07,1,2,1,2,2,0
826,2017-12-22T18:25:38,1,2,1,2,2,1
827,2017-12-22T18:26:08,1,2,1,2,2,1
828,2017-12-22T18:26:39,1,2,1,2,2,1
829,2017-12-22T18:27:10,1,2,1,2,2,1
830,2017-12-22T18:27:40,1,2,1,2,2,1
831,2017-12-22T18:28:11,1,2,1,2,2,1
832,2017-12-22T18:28:42,1,2,1,2,2,1
833,2017-12-22T18:29:12,1,2,1,2,2,1
834,2017-12-22T18:29:43,1,2,1,2,2,1
835,2017-12-22T18:30:14,1,2,1,2,2,1
836,2017-12-22T18:30:44,1,2,1,2,2,1
837,2017-12-22T18:31:15,1,2,1,2,2,1
838,2017-12-22T18:31:45,1,2,1,2,2,1
839,2017-12-22T18:32:16,1,2,1,2,2,1
840,2017-12-22T18:32:47,1,2,1,2,2,1
841,2017-12-22T18:33:17,1,2,1,2,2,1
842,2017-12-22T18:33:48,1,2,1,2,2,1
843,2017-12-22T18:34:19,1,2,1,2,2,1
844,2017-12-22T18:34:49,1,2,1,2,2,0
845,2017-12-22T18:35:20,1,2,1,2,2,1
846,2017-12-22T18:35:51,1,2,1,2,2,1
847,2017-12-22T18:36:21,1,2,1,2,2,1
848,2017-12-22T18:36:52,1,2,1,2,2,1
849,2017-12-22T18:37:22,1,2,1,2,2,1
850,2017-12-22T18:37:53,1,2,1,2,2,1
851,2017-12-22T18:38:24,1,2,1,2,2,1
852,2017-12-22T18:38:54,1,2,1,2,2,1
853,2017-12-22T18:39:25,1,2,1,2,2,1
854,2017-12-22T18:39:56,1,2,1,2,2,1
855,2017-12-22T18:40:26,1,2,1,2,2,1
856,2017-12-22T18:40:57,1,2,1,2,2,0
857,2017-12-22T18:41:28,1,2,1,2,2,0
858,2017-12-22T18:41:58,1,2,1,2,2,1
859,2017-12-22T18:42:29,1,2,1,2,2,1
860,2017-12-22T18:42:59,1,2,1,2,2,1
861,2017-12-22T18:43:30,1,2,1,2,2,1
862,2017-12-22T18:44:01,1,2,1,2,2,1
863,2017-12-22T18:44:31,1,2,1,2,2,0
864,2017-12-22T18:45:02,1,2,1,2,2,0
865,2017-12-22T18:45:33,1,2,1,1,2,0
866,2017-12-22T18:46:03,1,2,1,2,2,1
867,2017-12-22T18:46:34,1,2,1,2,2,1
868,2017-12-22T18:47:05,1,2,1,2,2,1
869,2017-12-22T18:47:35,1,2,1,2,2,1
870,2017-12-22T18:48:06,1,2,1,2,2,1
871,2017-12-22T18:49:07,1,2,1,2,2,1
872,2017-12-22T18:49:38,1,2,1,2,2,0
873,2017-12-22T18:50:08,1,2,1,2,2,1
874,2017-12-22T18:50:39,1,2,1,2,2,1
875,2017-12-22T18:51:10,1,2,1,2,2,0
876,2017-12-22T18:51:40,1,2,1,2,2,0
877,2017-12-22T18:52:11,1,2,1,2,2,0
878,2017-12-22T18:52:42,1,2,1,2,2,0
879,2017-12-22T18:53:12,1,2,1,2,2,0
880,2017-12-22T18:53:43,1,2,1,2,2,1
881,2017-12-22T18:54:13,1,2,1,2,2,1
882,2017-12-22T18:54:44,1,2,1,1,2,0
883,2017-12-22T18:55:15,1,2,1,2,2,1
884,2017-12-22T18:55:45,1,2,1,2,2,1
885,2017-12-22T18:56:16,1,2,1,2,2,1
886,2017-12-22T18:56:47,1,2,1,2,2,1
887,2017-12-22T18:57:17,1,2,1,2,2,0
888,2017-12-22T18:57:48,1,2,1,2,2,1
889,2017-12-22T18:58:19,1,2,1,2,2,1
890,2017-12-22T18:58:49,1,2,1,2,2,0
891,2017-12-22T18:59:20,1,2,1,2,2,0
892,2017-12-22T18:59:50,1,2,1,2,2,0
893,2017-12-22T19:00:21,1,2,1,2,2,1
894,2017-12-22T19:00:52,1,2,1,2,2,1
895,2017-12-22T19:01:22,1,2,1,2,2,1
896,2017-12-22T19:01:53,1,2,1,2,2,1
897,2017-12-22T19:02:24,1,2,1,2,2,1
898,2017-12-22T19:02:54,1,2,1,2,2,1
899,2017-12-22T19:03:25,1,2,1,2,2,1
900,2017-12-22T19:03:55,1,2,1,2,2,1
901,2017-12-22T19:04:26,1,2,1,2,2,1
902,2017-12-22T19:04:57,1,2,1,2,2,0
903,2017-12-22T19:05:27,1,2,1,2,2,0
904,2017-12-22T19:05:58,1,2,1,2,2,1
905,2017-12-22T19:06:29,1,2,1,2,2,1
906,2017-12-22T19:06:59,1,2,1,2,2,1
907,2017-12-22T19:07:30,1,2,1,2,2,0
908,2017-12-22T19:08:01,1,2,1,1,2,0
909,2017-12-22T19:08:31,1,2,1,2,2,0
910,2017-12-22T19:09:02,1,2,1,2,2,0
911,2017-12-22T19:09:32,1,2,1,2,2,1
912,2017-12-22T19:10:03,1,2,1,2,2,1
913,2017-12-22T19:10:34,1,2,1,2,2,1
914,2017-12-22T19:11:04,1,2,1,2,2,0
915,2017-12-22T19:11:35,1,2,1,2,2,0
916,2017-12-22T19:12:06,1,2,1,2,2,0
917,2017-12-22T19:12:36,1,2,1,2,2,1
918,2017-12-22T19:13:07,1,2,1,2,2,1
919,2017-12-22T19:13:38,1,2,1,2,2,0
920,2017-12-22T19:14:08,1,2,1,2,2,0
921,2017-12-22T19:14:39,1,2,1,2,2,1
922,2017-12-22T19:15:09,1,2,1,2,2,1
923,2017-12-22T19:15:40,1,2,1,2,2,1
924,2017-12-22T19:16:11,1,2,1,2,2,1
925,2017-12-22T19:16:41,1,2,1,2,2,1
926,2017-12-22T19:17:12,1,2,1,2,2,1
927,2017-12-22T19:17:43,1,2,1,2,2,1
928,2017-12-22T19:18:13,1,2,1,2,2,1
929,2017-12-22T19:18:44,1,2,1,2,2,1
930,2017-12-22T19:19:15,1,2,1,2,2,1
931,2017-12-22T19:19:45,1,2,1,2,2,1
932,2017-12-22T19:20:16,1,2,1,2,2,1
933,2017-12-22T19:20:46,1,2,1,2,2,1
934,2017-12-22T19:21:17,1,2,1,2,2,1
935,2017-12-22T19:21:48,1,2,1,2,2,1
936,2017-12-22T19:22:18,1,2,1,2,2,1
937,2017-12-22T19:22:49,1,2,1,2,2,1
938,2017-12-22T19:23:20,1,2,1,2,2,1
939,2017-12-22T19:23:50,1,2,1,2,2,1
940,2017-12-22T19:24:21,1,2,1,2,2,1
941,2017-12-22T19:24:52,1,2,1,2,2,1
942,2017-12-22T19:25:22,1,2,1,2,2,1
943,2017-12-22T19:25:53,1,2,1,2,2,0
944,2017-12-22T19:26:54,1,2,1,2,2,0
945,2017-12-22T19:27:25,1,2,1,2,2,0
946,2017-12-22T19:27:55,1,2,1,2,2,0
947,2017-12-22T19:28:26,1,2,1,2,2,0
948,2017-12-22T19:28:57,1,2,1,1,2,0
949,2017-12-22T19:29:27,1,2,1,2,2,1
950,2017-12-22T19:29:58,1,2,1,2,2,1
951,2017-12-22T19:30:29,1,2,1,2,2,1
952,2017-12-22T19:30:59,1,2,1,2,2,1
953,2017-12-22T19:31:30,1,2,1,2,2,1
954,2017-12-22T19:32:00,1,2,1,2,2,1
955,2017-12-22T19:35:35,1,2,1,2,2,1
956,2017-12-22T19:36:05,1,2,1,2,2,1
957,2017-12-22T19:36:36,1,2,0,2,2,1
958,2017-12-22T19:39:40,0,2,0,2,2,0
959,2017-12-22T19:40:10,0,2,0,0,2,0
960,2017-12-22T19:40:41,0,2,0,1,2,0
961,2017-12-22T19:41:12,0,2,0,0,2,0
962,2017-12-22T19:41:42,0,2,0,0,2,0
963,2017-12-22T19:42:13,0,2,0,1,2,0
964,2017-12-22T19:42:44,0,2,0,0,2,0
965,2017-12-22T19:43:14,0,2,0,1,2,0
966,2017-12-22T19:43:45,0,2,0,0,2,0
967,2017-12-22T19:44:46,0,2,0,0,2,0
968,2017-12-22T19:45:17,0,2,0,2,2,0
969,2017-12-22T19:45:47,0,2,0,1,2,0
970,2017-12-22T19:46:18,0,2,0,1,2,0
971,2017-12-22T19:46:49,0,2,0,1,2,0
972,2017-12-22T19:47:19,0,2,0,0,2,0
973,2017-12-22T19:47:50,0,2,0,1,2,0
974,2017-12-22T19:48:21,0,2,0,0,2,0
975,2017-12-22T19:48:51,0,2,0,0,2,0
976,2017-12-22T19:49:22,0,2,0,1,2,0
977,2017-12-22T19:49:52,0,2,0,0,2,0
978,2017-12-22T19:50:23,0,2,0,1,2,0
979,2017-12-22T19:50:54,0,2,0,1,2,0
980,2017-12-22T19:51:24,0,2,0,1,2,0
981,2017-12-22T19:51:55,0,2,0,1,2,0
982,2017-12-22T19:52:26,0,2,0,1,2,0
983,2017-12-22T19:52:56,0,2,0,0,2,0
984,2017-12-22T19:53:27,0,2,0,0,2,0
985,2017-12-22T19:53:58,0,2,0,1,2,0
986,2017-12-22T19:54:28,0,2,0,0,2,0
987,2017-12-22T19:54:59,0,2,0,1,2,0
988,2017-12-22T19:55:29,0,2,0,0,2,0
989,2017-12-22T19:56:00,0,2,0,0,2,0
990,2017-12-22T19:56:31,0,2,0,1,2,0
991,2017-12-22T19:57:01,0,2,0,0,2,0
992,2017-12-22T19:57:32,0,2,0,0,2,0
993,2017-12-22T19:58:03,0,2,0,0,2,0
994,2017-12-22T19:58:33,0,2,0,0,2,0
995,2017-12-22T19:59:04,0,2,0,0,2,0
996,2017-12-22T19:59:35,0,2,0,0,2,0
997,2017-12-22T20:00:05,0,2,0,0,2,0
998,2017-12-22T20:00:36,0,2,0,0,2,0
999,2017-12-22T20:01:06,0,2,0,1,2,0
1000,2017-12-22T20:01:37,0,2,0,0,2,0
1001,2017-12-22T20:02:08,0,2,0,0,2,0
1002,2017-12-22T20:02:38,0,2,0,1,2,0
1003,2017-12-22T20:03:09,0,2,0,0,2,0
1004,2017-12-22T20:03:40,0,2,0,1,2,0
1005,2017-12-22T20:04:10,0,2,0,0,2,0
1006,2017-12-22T20:04:41,0,2,0,1,2,0
1007,2017-12-22T20:05:12,0,2,0,1,2,0
1008,2017-12-22T20:05:42,0,2,0,1,2,0
1009,2017-12-22T20:06:13,0,2,0,1,2,0
1010,2017-12-22T20:06:43,0,2,0,0,2,0
1011,2017-12-22T20:07:14,0,2,0,0,2,0
1012,2017-12-22T20:07:45,0,2,0,1,2,0
1013,2017-12-22T20:08:15,0,2,0,0,2,0
1014,2017-12-22T20:08:46,0,2,0,1,2,0
1015,2017-12-22T20:09:17,0,2,0,1,2,0
1016,2017-12-22T20:09:47,0,2,0,1,2,0
1017,2017-12-22T20:10:18,0,2,0,0,2,0
1018,2017-12-22T20:10:49,0,2,0,1,2,0
1019,2017-12-22T20:11:19,0,2,0,0,2,0
1020,2017-12-22T20:11:50,0,2,0,1,2,0
1021,2017-12-22T20:12:20,0,2,0,0,2,0
1022,2017-12-22T20:12:51,0,2,0,0,2,0
1023,2017-12-22T20:13:22,0,2,0,0,2,0
1024,2017-12-22T20:13:52,0,2,0,0,2,0
1025,2017-12-22T20:14:23,0,2,0,0,2,0
1026,2017-12-22T20:14:54,0,2,0,1,2,0
1027,2017-12-22T20:15:24,0,2,0,1,2,0
1028,2017-12-22T20:15:55,0,2,0,0,2,0
1029,2017-12-22T20:16:25,0,2,0,0,2,0
1030,2017-12-22T20:16:56,0,2,0,1,2,0
1031,2017-12-22T20:17:27,0,2,0,0,2,0
1032,2017-12-22T20:17:57,0,2,0,2,2,0
1033,2017-12-22T20:18:28,0,2,0,2,2,0
1034,2017-12-22T20:18:59,0,2,0,1,2,0
1035,2017-12-22T20:19:29,0,2,0,1,2,0
1036,2017-12-22T20:20:00,0,2,0,1,2,0
1037,2017-12-22T20:20:31,0,2,0,1,2,0
1038,2017-12-22T20:21:01,0,2,0,1,2,0
1039,2017-12-22T20:21:32,0,2,0,0,2,0
1040,2017-12-22T20:22:02,0,2,0,1,2,0
1041,2017-12-22T20:22:33,0,2,0,1,2,0
1042,2017-12-22T20:23:04,0,2,0,0,2,0
1043,2017-12-22T20:23:34,0,2,0,1,2,0
1044,2017-12-22T20:24:05,0,2,0,1,2,0
1045,2017-12-22T20:24:36,0,2,0,0,2,0
1046,2017-12-22T20:25:06,0,2,0,0,2,0
1047,2017-12-22T20:25:37,0,2,0,0,2,0
1048,2017-12-22T20:26:08,0,2,0,0,2,0
1049,2017-12-22T20:26:38,0,2,0,0,2,0
1050,2017-12-22T20:27:09,0,2,0,0,2,0
1051,2017-12-22T20:28:10,0,2,0,1,2,0
1052,2017-12-22T20:28:41,0,2,0,1,2,0
1053,2017-12-22T20:29:11,0,2,0,1,2,0
1054,2017-12-22T20:29:42,0,2,0,0,2,0
1055,2017-12-22T20:30:13,0,2,0,1,2,0
1056,2017-12-22T20:30:43,0,2,0,0,2,0
1057,2017-12-22T20:31:14,0,2,0,0,2,0
1058,2017-12-22T20:31:45,0,2,0,0,2,0
1059,2017-12-22T20:32:15,0,2,0,0,2,0
1060,2017-12-22T20:32:46,0,2,0,0,2,0
1061,2017-12-22T20:33:16,0,2,0,0,2,0
1062,2017-12-22T20:33:47,0,2,0,0,2,0
1063,2017-12-22T20:34:18,0,2,0,0,2,0
1064,2017-12-22T20:34:48,0,2,0,1,2,0
1065,2017-12-22T20:35:19,0,2,0,1,2,0
1066,2017-12-22T20:35:50,0,2,0,0,2,0
1067,2017-12-22T20:36:20,0,2,0,0,2,0
1068,2017-12-22T20:36:51,0,2,0,0,2,0
1069,2017-12-22T20:37:22,0,2,0,0,2,0
1070,2017-12-22T20:37:52,0,2,0,0,2,0
1071,2017-12-22T20:38:23,0,2,0,1,2,0
1072,2017-12-22T20:39:24,0,2,0,0,2,0
1073,2017-12-22T20:39:55,0,2,0,1,2,0
1074,2017-12-22T20:40:25,0,2,0,0,2,0
1075,2017-12-22T20:40:56,0,2,0,0,2,0
1076,2017-12-22T20:41:27,0,2,0,1,2,0
1077,2017-12-22T20:41:57,0,2,0,0,2,0
1078,2017-12-22T20:42:28,0,2,0,0,2,0
1079,2017-12-22T20:42:59,0,2,0,0,2,0
1080,2017-12-22T20:43:29,0,2,0,1,2,0
1081,2017-12-22T20:44:00,0,2,0,0,2,0
1082,2017-12-22T20:44:30,0,2,0,1,2,0
1083,2017-12-22T20:45:01,0,2,0,0,2,0
1084,2017-12-22T20:45:32,0,2,0,0,2,0
1085,2017-12-22T20:46:02,0,2,0,0,2,0
1086,2017-12-22T20:46:33,0,2,0,0,2,0
1087,2017-12-22T20:47:04,0,2,0,0,2,0
1088,2017-12-22T20:47:34,0,2,0,0,2,0
1089,2017-12-22T20:48:05,0,2,0,0,2,0
1090,2017-12-22T20:48:36,0,2,0,0,2,0
1091,2017-12-22T20:49:06,0,2,0,0,2,0
1092,2017-12-22T20:49:37,0,2,0,0,2,0
1093,2017-12-22T20:50:07,0,2,0,0,2,0
1094,2017-12-22T20:50:38,0,2,0,0,2,0
1095,2017-12-22T20:51:09,0,2,0,0,2,0
1096,2017-12-22T20:51:39,0,2,0,0,2,0
1097,2017-12-22T20:52:10,0,2,0,1,2,0
1098,2017-12-22T20:52:41,0,2,0,0,2,0
1099,2017-12-22T20:53:11,0,2,0,0,2,0
1100,2017-12-22T20:53:42,0,2,0,0,2,0
1101,2017-12-22T20:54:12,0,2,0,0,2,0
1102,2017-12-22T20:54:43,0,2,0,0,2,0
1103,2017-12-22T20:55:14,0,2,0,0,2,0
1104,2017-12-22T20:55:44,0,2,0,0,2,0
1105,2017-12-22T20:56:15,0,2,0,0,2,0
1106,2017-12-22T20:56:46,0,2,0,0,2,0
1107,2017-12-22T20:57:16,0,2,0,0,2,0
1108,2017-12-22T20:57:47,0,2,0,0,2,0
1109,2017-12-22T20:58:18,0,2,0,0,2,0
1110,2017-12-22T20:58:48,0,2,0,0,2,0
1111,2017-12-22T20:59:19,0,2,0,0,2,0
1112,2017-12-22T20:59:49,0,2,0,0,2,0
1113,2017-12-22T21:00:20,0,2,0,0,2,0
1114,2017-12-22T21:00:51,0,2,0,0,2,0
1115,2017-12-22T21:01:21,0,2,0,1,2,0
1116,2017-12-22T21:01:52,0,2,0,0,2,0
1117,2017-12-22T21:02:23,0,2,0,1,2,0
1118,2017-12-22T21:02:53,0,2,0,0,2,0
1119,2017-12-22T21:03:24,0,2,0,0,2,0
1120,2017-12-22T21:03:55,0,2,0,0,2,0
1121,2017-12-22T21:04:25,0,2,0,0,2,0
1122,2017-12-22T21:04:56,0,2,0,0,2,0
1123,2017-12-22T21:05:26,0,2,0,1,2,0
1124,2017-12-22T21:05:57,0,2,0,1,2,0
1125,2017-12-22T21:06:28,0,2,0,1,2,0
1126,2017-12-22T21:06:58,0,2,0,0,2,0
1127,2017-12-22T21:07:29,0,2,0,0,2,0
1128,2017-12-22T21:08:00,0,2,0,0,2,0
1129,2017-12-22T21:08:30,0,2,0,0,2,0
1130,2017-12-22T21:09:01,0,2,0,0,2,0
1131,2017-12-22T21:09:32,0,2,0,1,2,0
1132,2017-12-22T21:10:02,0,2,0,0,2,0
1133,2017-12-22T21:10:33,0,2,0,2,2,0
1134,2017-12-22T21:11:03,0,2,0,1,2,0
1135,2017-12-22T21:11:34,0,2,0,0,2,0
1136,2017-12-22T21:12:05,0,2,0,0,2,0
1137,2017-12-22T21:12:35,0,2,0,0,2,0
1138,2017-12-22T21:13:06,0,2,0,1,2,0
1139,2017-12-22T21:13:37,0,2,0,1,2,0
1140,2017-12-22T21:14:07,0,2,0,0,2,0
1141,2017-12-22T21:14:38,0,2,0,1,2,0
1142,2017-12-22T21:15:09,0,2,0,1,2,0
1143,2017-12-22T21:15:39,0,2,0,0,2,0
1144,2017-12-22T21:16:10,0,2,0,0,2,0
1145,2017-12-22T21:16:40,0,2,0,1,2,0
1146,2017-12-22T21:17:11,0,2,0,0,2,0
1147,2017-12-22T21:17:42,0,2,0,0,2,0
1148,2017-12-22T21:18:12,0,2,0,0,2,0
1149,2017-12-22T21:18:43,0,2,0,1,2,0
1150,2017-12-22T21:19:14,0,2,0,1,2,0
1151,2017-12-22T21:19:44,0,2,0,1,2,0
1152,2017-12-22T21:20:15,0,2,0,0,2,0
1153,2017-12-22T21:20:46,0,2,0,1,2,0
1154,2017-12-22T21:21:16,0,2,0,1,2,0
1155,2017-12-22T21:21:47,0,2,0,0,2,0
1156,2017-12-22T21:22:17,0,2,0,0,2,0
1157,2017-12-22T21:22:48,0,2,0,0,2,0
1158,2017-12-22T21:23:19,0,2,0,0,2,0
1159,2017-12-22T21:23:49,0,2,0,1,2,0
1160,2017-12-22T21:24:20,0,2,0,0,2,0
1161,2017-12-22T21:24:51,0,2,0,1,2,0
1162,2017-12-22T21:25:21,0,2,0,1,2,0
1163,2017-12-22T21:25:52,0,2,0,1,2,0
1164,2017-12-22T21:26:23,0,2,0,0,2,0
1165,2017-12-22T21:26:53,0,2,0,0,2,0
1166,2017-12-22T21:27:24,0,2,0,0,2,0
1167,2017-12-22T21:27:54,0,2,0,1,2,0
1168,2017-12-22T21:28:25,0,2,0,0,2,0
1169,2017-12-22T21:28:56,0,2,0,0,2,0
1170,2017-12-22T21:29:26,0,2,0,1,2,0
1171,2017-12-22T21:29:57,0,2,0,0,2,0
1172,2017-12-22T21:30:28,0,2,0,1,2,0
1173,2017-12-22T21:30:58,0,2,0,0,2,0
1174,2017-12-22T21:31:29,0,2,0,0,2,0
1175,2017-12-22T21:32:00,0,2,0,1,2,0
1176,2017-12-22T21:32:30,0,2,0,1,2,0
1177,2017-12-22T21:33:01,0,2,0,0,2,0
1178,2017-12-22T21:33:31,0,2,0,0,2,0
1179,2017-12-22T21:34:02,0,2,0,1,2,0
1180,2017-12-22T21:34:33,0,2,0,0,2,0
1181,2017-12-22T21:35:34,0,2,0,0,2,0
1182,2017-12-22T21:36:05,0,2,0,1,2,0
1183,2017-12-22T21:36:35,0,2,0,0,2,0
1184,2017-12-22T21:37:06,0,2,0,1,2,0
1185,2017-12-22T21:37:36,0,2,0,1,2,0
1186,2017-12-22T21:38:07,0,2,0,0,2,0
1187,2017-12-22T21:38:38,0,2,0,1,2,0
1188,2017-12-22T21:39:08,0,2,0,0,2,0
1189,2017-12-22T21:39:39,0,2,0,2,2,0
1190,2017-12-22T21:40:10,0,2,0,0,2,0
1191,2017-12-22T21:40:40,0,2,0,0,2,0
1192,2017-12-22T21:41:11,0,2,0,0,2,0
1193,2017-12-22T21:41:42,0,2,0,0,2,0
1194,2017-12-22T21:42:12,0,2,0,1,2,0
1195,2017-12-22T21:42:43,0,2,0,1,2,0
1196,2017-12-22T21:43:13,0,2,0,0,2,0
1197,2017-12-22T21:43:44,0,2,0,0,2,0
1198,2017-12-22T21:44:15,0,2,0,1,2,0
1199,2017-12-22T21:44:45,0,2,0,0,2,0
1200,2017-12-22T21:45:16,0,2,0,0,2,0
1201,2017-12-22T21:45:47,0,2,0,1,2,0
1202,2017-12-22T21:46:17,0,2,0,1,2,0
1203,2017-12-22T21:46:48,0,2,0,0,2,0
1204,2017-12-22T21:47:19,0,2,0,0,2,0
1205,2017-12-22T21:47:49,0,2,0,0,2,0
1206,2017-12-22T21:48:20,0,1,0,0,2,0
1207,2017-12-22T21:48:50,0,2,0,0,2,0
1208,2017-12-22T21:49:21,0,2,0,1,2,0
1209,2017-12-22T21:49:52,0,2,0,1,2,0
1210,2017-12-22T21:50:22,0,2,0,1,2,0
1211,2017-12-22T21:50:53,0,2,0,1,2,0
1212,2017-12-22T21:51:24,0,2,0,0,2,0
1213,2017-12-22T21:51:54,0,2,0,0,2,0
1214,2017-12-22T21:52:25,0,2,0,0,2,0
1215,2017-12-22T21:52:56,0,2,0,0,2,0
1216,2017-12-22T21:53:26,0,1,0,0,2,0
1217,2017-12-22T21:53:57,0,1,0,1,2,0
1218,2017-12-22T21:54:27,0,1,0,0,2,0
1219,2017-12-22T21:54:58,0,1,0,0,2,0
1220,2017-12-22T21:55:29,0,1,0,0,2,0
1221,2017-12-22T21:55:59,0,2,0,1,2,0
1222,2017-12-22T21:56:30,0,1,0,0,2,0
1223,2017-12-22T21:57:01,0,1,0,1,2,0
1224,2017-12-22T21:57:31,0,1,0,0,2,0
1225,2017-12-22T21:58:02,0,1,0,1,2,0
1226,2017-12-22T21:58:33,0,1,0,1,2,0
1227,2017-12-22T21:59:03,0,1,0,0,2,0
1228,2017-12-22T21:59:34,0,1,0,2,2,0
1229,2017-12-22T22:00:04,0,1,0,2,2,0
1230,2017-12-22T22:00:35,0,1,0,0,2,0
1231,2017-12-22T22:01:06,0,1,0,0,2,0
1232,2017-12-22T22:01:36,0,1,0,1,2,0
1233,2017-12-22T22:02:07,0,1,0,1,2,0
1234,2017-12-22T22:02:38,0,2,0,1,2,0
1235,2017-12-22T22:03:08,0,1,0,0,2,0
1236,2017-12-22T22:03:39,0,1,0,0,2,0
1237,2017-12-22T22:04:09,0,1,0,1,2,0
1238,2017-12-22T22:04:40,0,1,0,0,2,0
1239,2017-12-22T22:05:11,0,1,0,0,2,0
1240,2017-12-22T22:05:41,0,1,0,1,2,0
1241,2017-12-22T22:06:12,0,1,0,0,2,0
1242,2017-12-22T22:06:43,0,1,0,1,2,0
1243,2017-12-22T22:07:13,0,2,0,1,2,0
1244,2017-12-22T22:07:44,0,2,0,0,2,0
1245,2017-12-22T22:08:15,0,1,0,1,2,0
1246,2017-12-22T22:08:45,0,1,0,0,2,0
1247,2017-12-22T22:09:16,0,1,0,1,2,0
1248,2017-12-22T22:09:46,0,1,0,1,2,0
1249,2017-12-22T22:10:17,0,1,0,1,2,0
1250,2017-12-22T22:10:48,0,1,0,1,2,0
1251,2017-12-22T22:11:18,0,1,0,0,2,0
1252,2017-12-22T22:11:49,0,1,0,0,2,0
1253,2017-12-22T22:12:20,0,1,0,0,2,0
1254,2017-12-22T22:12:50,0,1,0,1,2,0
1255,2017-12-22T22:13:21,0,1,0,1,2,0
1256,2017-12-22T22:13:52,0,1,0,0,2,0
1257,2017-12-22T22:14:22,0,1,0,0,2,0
1258,2017-12-22T22:14:53,0,1,0,0,2,0
1259,2017-12-22T22:15:23,0,1,0,0,2,0
1260,2017-12-22T22:15:54,0,1,0,0,2,0
1261,2017-12-22T22:16:25,0,1,0,0,2,0
1262,2017-12-22T22:16:55,0,1,0,1,2,0
1263,2017-12-22T22:17:26,0,1,0,0,2,0
1264,2017-12-22T22:17:57,0,1,0,0,2,0
1265,2017-12-22T22:18:27,0,1,0,0,2,0
1266,2017-12-22T22:18:58,0,1,0,0,2,0
1267,2017-12-22T22:19:29,0,1,0,0,2,0
1268,2017-12-22T22:19:59,0,1,0,1,2,0
1269,2017-12-22T22:20:30,0,1,0,0,2,0
1270,2017-12-22T22:21:00,0,1,0,1,2,0
1271,2017-12-22T22:21:31,0,1,0,1,2,0
1272,2017-12-22T22:22:02,0,1,0,1,2,0
1273,2017-12-22T22:22:32,0,1,0,0,2,0
1274,2017-12-22T22:23:03,0,1,0,1,2,0
1275,2017-12-22T22:23:34,0,1,0,0,2,0
1276,2017-12-22T22:24:04,0,1,0,0,2,0
1277,2017-12-22T22:24:35,0,1,0,0,2,0
1278,2017-12-22T22:25:06,0,1,0,0,2,0
1279,2017-12-22T22:25:36,0,1,0,0,2,0
1280,2017-12-22T22:26:07,0,1,0,0,2,0
1281,2017-12-22T22:26:37,0,1,0,0,2,0
1282,2017-12-22T22:27:08,0,1,0,0,2,0
1283,2017-12-22T22:27:39,0,1,0,1,2,0
1284,2017-12-22T22:28:09,0,1,0,0,2,0
1285,2017-12-22T22:28:40,0,1,0,1,2,0
1286,2017-12-22T22:29:11,0,1,0,0,2,0
1287,2017-12-22T22:29:41,0,1,0,0,2,0
1288,2017-12-22T22:30:12,0,1,0,0,2,0
1289,2017-12-22T22:30:43,0,1,0,0,2,0
1290,2017-12-22T22:31:13,0,1,0,1,2,0
1291,2017-12-22T22:31:44,0,1,0,1,2,0
1292,2017-12-22T22:32:45,0,1,0,0,2,0
1293,2017-12-22T22:33:16,0,1,0,0,2,0
1294,2017-12-22T22:33:46,0,1,0,0,2,0
1295,2017-12-22T22:34:17,0,1,0,1,2,0
1296,2017-12-22T22:34:48,0,1,0,1,2,0
1297,2017-12-22T22:35:18,0,1,0,1,2,0
1298,2017-12-22T22:35:49,0,1,0,1,2,0
1299,2017-12-22T22:36:20,0,1,0,1,2,0
1300,2017-12-22T22:36:50,0,1,0,0,2,0
1301,2017-12-22T22:37:21,0,1,0,1,2,0
1302,2017-12-22T22:37:51,0,1,0,1,2,0
1303,2017-12-22T22:38:22,0,1,0,1,2,0
1304,2017-12-22T22:38:53,0,1,0,1,2,0
1305,2017-12-22T22:39:23,0,1,0,0,2,0
1306,2017-12-22T22:39:54,0,1,0,0,2,0
1307,2017-12-22T22:40:25,0,1,0,0,2,0
1308,2017-12-22T22:40:55,0,1,0,1,2,0
1309,2017-12-22T22:41:26,0,1,0,1,2,0
1310,2017-12-22T22:41:56,0,1,0,0,2,0
1311,2017-12-22T22:42:27,0,1,0,1,2,0
1312,2017-12-22T22:42:58,0,1,0,0,1,0
1313,2017-12-22T22:43:28,0,1,0,0,1,0
1314,2017-12-22T22:43:59,0,1,0,0,1,0
1315,2017-12-22T22:44:30,0,1,0,0,2,0
1316,2017-12-22T22:45:00,0,1,0,0,2,0
1317,2017-12-22T22:45:31,0,1,0,0,1,0
1318,2017-12-22T22:46:02,0,1,0,0,1,0
1319,2017-12-22T22:46:32,0,1,0,0,2,0
1320,2017-12-22T22:47:03,0,1,0,0,2,0
1321,2017-12-22T22:47:33,0,1,0,1,2,0
1322,2017-12-22T22:48:04,0,1,0,1,2,0
1323,2017-12-22T22:48:35,0,1,0,0,1,0
1324,2017-12-22T22:49:05,0,1,0,0,1,0
1325,2017-12-22T22:49:36,0,1,0,0,1,0
1326,2017-12-22T22:50:07,0,1,0,0,1,0
1327,2017-12-22T22:50:37,0,1,0,1,1,0
1328,2017-12-22T22:51:08,0,1,0,0,1,0
1329,2017-12-22T22:51:39,0,1,0,1,1,0
1330,2017-12-22T22:52:09,0,1,0,1,1,0
1331,2017-12-22T22:52:40,0,1,0,0,1,0
1332,2017-12-22T22:53:10,0,1,0,0,1,0
1333,2017-12-22T22:53:41,0,1,0,0,1,0
1334,2017-12-22T22:54:12,0,1,0,0,1,0
1335,2017-12-22T22:54:42,0,1,0,0,1,0
1336,2017-12-22T22:55:13,0,1,0,0,1,0
1337,2017-12-22T22:55:44,0,1,0,0,1,0
1338,2017-12-22T22:56:14,0,1,0,0,1,0
1339,2017-12-22T22:56:45,0,1,0,0,1,0
1340,2017-12-22T22:57:16,0,1,0,0,1,0
1341,2017-12-22T22:57:46,0,1,0,1,1,0
1342,2017-12-22T22:58:17,0,1,0,0,1,0
1343,2017-12-22T22:58:47,0,1,0,0,1,0
1344,2017-12-22T22:59:18,0,1,0,0,1,0
1345,2017-12-22T22:59:49,0,1,0,0,1,0
1346,2017-12-22T23:00:19,0,1,0,0,1,0
1347,2017-12-22T23:00:50,0,1,0,0,1,0
1348,2017-12-22T23:01:21,0,1,0,1,1,0
1349,2017-12-22T23:01:51,0,1,0,0,1,0
1350,2017-12-22T23:02:22,0,1,0,0,1,0
1351,2017-12-22T23:02:53,0,1,0,0,1,0
1352,2017-12-22T23:03:23,0,1,0,0,1,0
1353,2017-12-22T23:03:54,0,1,0,0,1,0
1354,2017-12-22T23:04:24,0,1,0,0,1,0
1355,2017-12-22T23:04:55,0,1,0,0,1,0
1356,2017-12-22T23:05:26,0,1,0,0,1,0
1357,2017-12-22T23:05:56,0,1,0,0,1,0
1358,2017-12-22T23:06:27,0,1,0,0,1,0
1359,2017-12-22T23:06:58,0,1,0,1,1,0
1360,2017-12-22T23:07:28,0,1,0,1,1,0
1361,2017-12-22T23:07:59,0,1,0,0,1,0
1362,2017-12-22T23:08:30,0,1,0,0,1,0
1363,2017-12-22T23:09:00,0,1,0,0,1,0
1364,2017-12-22T23:09:31,0,1,0,0,1,0
1365,2017-12-22T23:10:01,0,1,0,0,1,0
1366,2017-12-22T23:10:32,0,1,0,0,1,0
1367,2017-12-22T23:11:03,0,1,0,0,1,0
1368,2017-12-22T23:11:33,0,1,0,0,1,0
1369,2017-12-22T23:12:04,0,1,0,0,1,0
1370,2017-12-22T23:12:35,0,1,0,1,1,0
1371,2017-12-22T23:13:05,0,1,0,0,1,0
1372,2017-12-22T23:13:36,0,1,0,1,1,0
1373,2017-12-22T23:14:06,0,1,0,0,1,0
1374,2017-12-22T23:14:37,0,1,0,1,1,0
1375,2017-12-22T23:15:08,0,1,0,0,1,0
1376,2017-12-22T23:15:38,0,1,0,1,1,0
1377,2017-12-22T23:16:09,0,1,0,0,1,0
1378,2017-12-22T23:16:40,0,1,0,1,1,0
1379,2017-12-22T23:17:10,0,1,0,0,1,0
1380,2017-12-22T23:17:41,0,1,0,0,1,0
1381,2017-12-22T23:18:12,0,1,0,0,1,0
1382,2017-12-22T23:18:42,0,1,0,0,1,0
1383,2017-12-22T23:19:13,0,1,0,0,1,0
1384,2017-12-22T23:19:43,0,1,0,0,1,0
1385,2017-12-22T23:20:14,0,1,0,0,1,0
1386,2017-12-22T23:20:45,0,1,0,0,1,0
1387,2017-12-22T23:21:15,0,1,0,0,1,0
1388,2017-12-22T23:21:46,0,1,0,0,1,0
1389,2017-12-22T23:22:17,0,1,0,0,1,0
1390,2017-12-22T23:22:47,0,1,0,0,1,0
1391,2017-12-22T23:23:18,0,1,0,0,1,0
1392,2017-12-22T23:23:49,0,1,0,1,1,0
1393,2017-12-22T23:24:19,0,1,0,0,1,0
1394,2017-12-22T23:24:50,0,1,0,0,1,0
1395,2017-12-22T23:25:20,0,1,0,1,1,0
1396,2017-12-22T23:25:51,0,1,0,0,1,0
1397,2017-12-22T23:26:22,0,1,0,1,1,0
1398,2017-12-22T23:26:52,0,1,0,0,1,0
1399,2017-12-22T23:27:23,0,1,0,0,1,0
1400,2017-12-22T23:27:54,0,1,0,1,1,0
1401,2017-12-22T23:28:55,0,1,0,0,1,0
1402,2017-12-22T23:29:26,0,1,0,0,1,0
1403,2017-12-22T23:29:56,0,1,0,0,1,0
1404,2017-12-22T23:30:27,0,1,0,0,1,0
1405,2017-12-22T23:30:57,0,1,0,0,1,0
1406,2017-12-22T23:31:28,0,1,0,1,1,0
1407,2017-12-22T23:31:59,0,1,0,1,1,0
1408,2017-12-22T23:32:29,0,1,0,1,1,0
1409,2017-12-22T23:33:00,0,1,0,0,1,0
1410,2017-12-22T23:33:31,0,1,0,0,1,0
1411,2017-12-22T23:34:01,0,1,0,0,1,0
1412,2017-12-22T23:34:32,0,1,0,0,1,0
1413,2017-12-22T23:35:03,0,1,0,0,1,0
1414,2017-12-22T23:35:33,0,1,0,1,1,0
1415,2017-12-22T23:36:04,0,1,0,0,1,0
1416,2017-12-22T23:36:34,0,1,0,1,1,0
1417,2017-12-22T23:37:05,0,1,0,0,1,0
1418,2017-12-22T23:37:36,0,1,0,1,1,0
1419,2017-12-22T23:38:06,0,1,0,0,1,0
1420,2017-12-22T23:38:37,0,1,0,0,1,0
1421,2017-12-22T23:39:08,0,1,0,1,1,0
1422,2017-12-22T23:39:38,0,1,0,1,1,0
1423,2017-12-22T23:40:09,0,1,0,0,1,0
1424,2017-12-22T23:40:40,0,1,0,0,1,0
1425,2017-12-22T23:41:10,0,1,0,0,1,0
1426,2017-12-22T23:41:41,0,1,0,0,1,0
1427,2017-12-22T23:42:11,0,1,0,0,1,0
1428,2017-12-22T23:42:42,0,1,0,1,1,0
1429,2017-12-22T23:43:13,0,1,0,0,1,0
1430,2017-12-22T23:43:43,0,1,0,0,1,0
1431,2017-12-22T23:44:14,0,1,0,0,1,0
1432,2017-12-22T23:44:45,0,1,0,1,1,0
1433,2017-12-22T23:45:15,0,1,0,0,1,0
1434,2017-12-22T23:45:46,0,1,0,0,1,0
1435,2017-12-22T23:46:16,0,1,0,0,1,0
1436,2017-12-22T23:46:47,0,1,0,0,1,0
1437,2017-12-22T23:47:18,0,1,0,0,1,0
1438,2017-12-22T23:47:48,0,1,0,0,1,0
1439,2017-12-22T23:48:19,0,1,0,0,1,0
1440,2017-12-22T23:48:50,0,1,0,0,1,0
1441,2017-12-22T23:49:20,0,1,0,0,1,0
1442,2017-12-22T23:49:51,0,1,0,0,1,0
1443,2017-12-22T23:50:22,0,1,0,0,1,0
1444,2017-12-22T23:50:52,0,1,0,1,1,0
1445,2017-12-22T23:51:23,0,1,0,0,1,0
1446,2017-12-22T23:51:53,0,1,0,1,1,0
1447,2017-12-22T23:52:24,0,1,0,0,1,0
1448,2017-12-22T23:52:55,0,1,0,1,1,0
1449,2017-12-22T23:53:25,0,1,0,0,1,0
1450,2017-12-22T23:53:56,0,1,0,1,1,0
1451,2017-12-22T23:54:27,0,1,0,1,1,0
1452,2017-12-22T23:54:57,0,1,0,1,1,0
1453,2017-12-22T23:55:28,0,1,0,0,1,0
1454,2017-12-22T23:55:59,0,1,0,1,1,0
1455,2017-12-22T23:56:29,0,1,0,0,1,0
1456,2017-12-22T23:57:00,0,1,0,1,1,0
1457,2017-12-22T23:57:30,0,1,0,2,1,0
1458,2017-12-22T23:58:01,0,1,0,0,1,0
1459,2017-12-22T23:58:32,0,1,0,0,1,0
1460,2017-12-22T23:59:02,0,1,0,0,1,0
1461,2017-12-22T23:59:33,0,1,0,1,1,0
1462,2017-12-23T00:00:34,0,1,0,0,1,0
1463,2017-12-23T00:01:05,0,1,0,0,1,0
1464,2017-12-23T00:01:36,0,1,0,0,1,0
1465,2017-12-23T00:02:06,0,1,0,1,1,0
1466,2017-12-23T00:02:37,0,1,0,0,1,0
1467,2017-12-23T00:03:07,0,1,0,2,1,0
1468,2017-12-23T00:03:38,0,1,0,1,1,0
1469,2017-12-23T00:04:09,0,1,0,1,1,0
1470,2017-12-23T00:04:39,0,1,0,0,1,0
1471,2017-12-23T00:05:10,0,1,0,0,1,0
1472,2017-12-23T00:05:41,0,1,0,1,1,0
1473,2017-12-23T00:06:11,0,1,0,0,1,0
1474,2017-12-23T00:06:42,0,1,0,1,1,0
1475,2017-12-23T00:07:13,0,1,0,1,1,0
1476,2017-12-23T00:07:43,0,1,0,0,1,0
1477,2017-12-23T00:08:14,0,1,0,1,1,0
1478,2017-12-23T00:08:44,0,1,0,0,1,0
1479,2017-12-23T00:09:15,0,1,0,0,1,0
1480,2017-12-23T00:09:46,0,1,0,1,1,0
1481,2017-12-23T00:10:16,0,1,0,1,1,0
1482,2017-12-23T00:10:47,0,1,0,0,1,0
1483,2017-12-23T00:11:18,0,1,0,0,1,0
1484,2017-12-23T00:11:48,0,1,0,0,1,0
1485,2017-12-23T00:12:19,0,1,0,0,1,0
1486,2017-12-23T00:12:50,0,1,0,0,1,0
1487,2017-12-23T00:13:20,0,1,0,1,1,0
1488,2017-12-23T00:13:51,0,1,0,0,1,0
1489,2017-12-23T00:14:21,0,1,0,0,1,0
1490,2017-12-23T00:14:52,0,1,0,0,1,0
1491,2017-12-23T00:15:23,0,1,0,1,1,0
1492,2017-12-23T00:15:53,0,1,0,1,1,0
1493,2017-12-23T00:16:24,0,1,0,0,1,0
1494,2017-12-23T00:16:55,0,1,0,0,1,0
1495,2017-12-23T00:17:25,0,1,0,0,1,0
1496,2017-12-23T00:17:56,0,1,0,0,1,0
1497,2017-12-23T00:18:26,0,1,0,0,1,0
1498,2017-12-23T00:18:57,0,1,0,0,1,0
1499,2017-12-23T00:19:28,0,1,0,0,1,0
1500,2017-12-23T00:19:58,0,1,0,1,1,0
1501,2017-12-23T00:20:29,0,1,0,0,1,0
1502,2017-12-23T00:21:00,0,1,0,1,1,0
1503,2017-12-23T00:21:30,0,1,0,1,1,0
1504,2017-12-23T00:22:01,0,1,0,0,1,0
1505,2017-12-23T00:22:32,0,1,0,0,1,0
1506,2017-12-23T00:23:02,0,1,0,0,1,0
1507,2017-12-23T00:23:33,0,1,0,0,1,0
1508,2017-12-23T00:24:34,0,1,0,0,1,0
1509,2017-12-23T00:25:05,0,1,0,0,1,0
1510,2017-12-23T00:25:35,0,1,0,0,1,0
1511,2017-12-23T00:26:06,0,1,0,1,1,0
1512,2017-12-23T00:26:37,0,1,0,1,1,0
1513,2017-12-23T00:27:07,0,1,0,0,1,0
1514,2017-12-23T00:27:38,0,1,0,1,1,0
1515,2017-12-23T00:28:09,0,1,0,0,1,0
1516,2017-12-23T00:28:39,0,1,0,0,1,0
1517,2017-12-23T00:29:10,0,1,0,0,1,0
1518,2017-12-23T00:29:40,0,1,0,0,1,0
1519,2017-12-23T00:30:11,0,1,0,0,1,0
1520,2017-12-23T00:30:42,0,1,0,1,1,0
1521,2017-12-23T00:31:12,0,1,0,1,1,0
1522,2017-12-23T00:31:43,0,1,0,0,1,0
1523,2017-12-23T00:32:14,0,1,0,0,1,0
1524,2017-12-23T00:32:44,0,1,0,0,1,0
1525,2017-12-23T00:33:15,0,1,0,1,1,0
1526,2017-12-23T00:33:46,0,1,0,0,1,0
1527,2017-12-23T00:34:16,0,1,0,1,1,0
1528,2017-12-23T00:34:47,0,1,0,1,1,0
1529,2017-12-23T00:35:17,0,1,0,0,1,0
1530,2017-12-23T00:35:48,0,1,0,0,1,0
1531,2017-12-23T00:36:19,0,1,0,0,1,0
1532,2017-12-23T00:36:49,0,1,0,0,1,0
1533,2017-12-23T00:37:20,0,1,0,0,1,0
1534,2017-12-23T00:37:51,0,1,0,0,1,0
1535,2017-12-23T00:38:21,0,1,0,1,1,0
1536,2017-12-23T00:38:52,0,1,0,0,1,0
1537,2017-12-23T00:39:23,0,1,0,0,1,0
1538,2017-12-23T00:39:53,0,1,0,0,1,0
1539,2017-12-23T00:40:24,0,1,0,0,1,0
1540,2017-12-23T00:41:25,0,1,0,0,1,0
1541,2017-12-23T00:41:56,0,1,0,1,1,0
1542,2017-12-23T00:42:26,0,1,0,1,1,0
1543,2017-12-23T00:42:57,0,1,0,0,1,0
1544,2017-12-23T00:43:28,0,1,0,0,1,0
1545,2017-12-23T00:43:58,0,1,0,0,1,0
1546,2017-12-23T00:44:29,0,1,0,0,1,0
1547,2017-12-23T00:45:00,0,1,0,0,1,0
1548,2017-12-23T00:45:30,0,1,0,1,1,0
1549,2017-12-23T00:46:01,0,1,0,1,1,0
1550,2017-12-23T00:46:31,0,1,0,1,1,0
1551,2017-12-23T00:47:02,0,1,0,1,1,0
1552,2017-12-23T00:47:33,0,1,0,0,1,0
1553,2017-12-23T00:48:03,0,1,0,0,1,0
1554,2017-12-23T00:48:34,0,1,0,1,1,0
1555,2017-12-23T00:49:05,0,1,0,0,1,0
1556,2017-12-23T00:49:35,0,1,0,1,1,0
1557,2017-12-23T00:50:06,0,1,0,0,1,0
1558,2017-12-23T00:50:37,0,1,0,0,1,0
1559,2017-12-23T00:51:07,0,1,0,0,1,0
1560,2017-12-23T00:51:38,0,1,0,1,1,0
1561,2017-12-23T00:52:08,0,1,0,0,1,0
1562,2017-12-23T00:52:39,0,1,0,0,1,0
1563,2017-12-23T00:53:10,0,1,0,0,1,0
1564,2017-12-23T00:53:40,0,1,0,0,1,0
1565,2017-12-23T00:54:11,0,1,0,1,1,0
1566,2017-12-23T00:54:42,0,1,0,1,1,0
1567,2017-12-23T00:55:12,0,1,0,1,1,0
1568,2017-12-23T00:55:43,0,1,0,0,1,0
1569,2017-12-23T00:56:13,0,1,0,1,1,0
1570,2017-12-23T00:56:44,0,1,0,0,1,0
1571,2017-12-23T00:57:15,0,1,0,1,1,0
1572,2017-12-23T00:57:45,0,1,0,1,1,0
1573,2017-12-23T00:58:16,0,1,0,0,1,0
1574,2017-12-23T00:58:47,0,1,0,0,1,0
1575,2017-12-23T00:59:17,0,1,0,0,1,0
1576,2017-12-23T00:59:48,0,1,0,1,1,0
1577,2017-12-23T01:00:19,0,1,0,1,1,0
1578,2017-12-23T01:00:49,0,1,0,0,1,0
1579,2017-12-23T01:01:20,0,1,0,0,1,0
1580,2017-12-23T01:01:50,0,1,0,1,1,0
1581,2017-12-23T01:02:21,0,1,0,0,1,0
1582,2017-12-23T01:02:52,0,1,0,0,1,0
1583,2017-12-23T01:03:22,0,1,0,0,1,0
1584,2017-12-23T01:03:53,0,1,0,0,1,0
1585,2017-12-23T01:04:24,0,1,0,0,1,0
1586,2017-12-23T01:04:54,0,1,0,0,1,0
1587,2017-12-23T01:05:25,0,1,0,0,1,0
1588,2017-12-23T01:05:56,0,1,0,0,1,0
1589,2017-12-23T01:06:26,0,1,0,1,1,0
1590,2017-12-23T01:06:57,0,1,0,0,1,0
1591,2017-12-23T01:07:27,0,1,0,1,1,0
1592,2017-12-23T01:07:58,0,1,0,0,1,0
1593,2017-12-23T01:08:29,0,1,0,0,1,0
1594,2017-12-23T01:08:59,0,1,0,0,1,0
1595,2017-12-23T01:09:30,0,1,0,0,1,0
1596,2017-12-23T01:10:01,0,1,0,1,1,0
1597,2017-12-23T01:10:31,0,1,0,1,1,0
1598,2017-12-23T01:11:02,0,1,0,0,1,0
1599,2017-12-23T01:11:33,0,1,0,0,1,0
1600,2017-12-23T01:12:03,0,1,0,0,1,0
1601,2017-12-23T01:12:34,0,1,0,1,1,0
1602,2017-12-23T01:13:04,0,1,0,0,1,0
1603,2017-12-23T01:13:35,0,1,0,1,1,0
1604,2017-12-23T01:14:06,0,1,0,0,1,0
1605,2017-12-23T01:14:36,0,1,0,0,1,0
1606,2017-12-23T01:15:07,0,1,0,0,1,0
1607,2017-12-23T01:15:38,0,1,0,0,1,0
1608,2017-12-23T01:16:08,0,1,0,0,1,0
1609,2017-12-23T01:16:39,0,1,0,0,1,0
1610,2017-12-23T01:17:10,0,1,0,1,1,0
1611,2017-12-23T01:17:40,0,1,0,1,1,0
1612,2017-12-23T01:18:11,0,1,0,1,1,0
1613,2017-12-23T01:18:41,0,1,0,0,1,0
1614,2017-12-23T01:19:12,0,1,0,0,1,0
1615,2017-12-23T01:19:43,0,1,0,0,1,0
1616,2017-12-23T01:20:44,0,1,0,1,1,0
1617,2017-12-23T01:21:15,0,1,0,0,1,0
1618,2017-12-23T01:21:45,0,1,0,0,1,0
1619,2017-12-23T01:22:16,0,1,0,1,1,0
1620,2017-12-23T01:22:47,0,0,0,0,1,0
1621,2017-12-23T01:23:17,0,1,0,0,1,0
1622,2017-12-23T01:23:48,0,1,0,0,1,0
1623,2017-12-23T01:24:18,0,1,0,0,1,0
1624,2017-12-23T01:24:49,0,1,0,0,1,0
1625,2017-12-23T01:25:20,0,1,0,0,1,0
1626,2017-12-23T01:25:50,0,1,0,0,1,0
1627,2017-12-23T01:26:21,0,1,0,0,1,0
1628,2017-12-23T01:26:52,0,1,0,0,1,0
1629,2017-12-23T01:27:22,0,1,0,0,1,0
1630,2017-12-23T01:27:53,0,0,0,0,1,0
1631,2017-12-23T01:28:24,0,1,0,0,1,0
1632,2017-12-23T01:28:54,0,0,0,0,1,0
1633,2017-12-23T01:29:25,0,0,0,0,1,0
1634,2017-12-23T01:29:55,0,1,0,0,1,0
1635,2017-12-23T01:30:26,0,1,0,0,1,0
1636,2017-12-23T01:30:57,0,1,0,0,1,0
1637,2017-12-23T01:31:27,0,1,0,0,1,0
1638,2017-12-23T01:31:58,0,1,0,0,1,0
1639,2017-12-23T01:32:29,0,1,0,0,1,0
1640,2017-12-23T01:32:59,0,1,0,0,1,0
1641,2017-12-23T01:33:30,0,1,0,1,1,0
1642,2017-12-23T01:34:00,0,0,0,0,1,0
1643,2017-12-23T01:34:31,0,0,0,0,1,0
1644,2017-12-23T01:35:02,0,0,0,1,1,0
1645,2017-12-23T01:35:32,0,0,0,1,1,0
1646,2017-12-23T01:36:03,0,1,0,0,1,0
1647,2017-12-23T01:36:34,0,1,0,0,1,0
1648,2017-12-23T01:37:04,0,0,0,1,1,0
1649,2017-12-23T01:37:35,0,1,0,0,1,0
1650,2017-12-23T01:38:06,0,1,0,0,1,0
1651,2017-12-23T01:38:36,0,1,0,0,1,0
1652,2017-12-23T01:39:07,0,0,0,0,1,0
1653,2017-12-23T01:39:37,0,0,0,0,1,0
1654,2017-12-23T01:40:08,0,0,0,0,1,0
1655,2017-12-23T01:40:39,0,0,0,0,1,0
1656,2017-12-23T01:41:09,0,1,0,0,1,0
1657,2017-12-23T01:41:40,0,1,0,0,1,0
1658,2017-12-23T01:42:11,0,1,0,2,1,0
1659,2017-12-23T01:42:41,0,1,0,0,1,0
1660,2017-12-23T01:43:12,0,0,0,0,1,0
1661,2017-12-23T01:43:43,0,0,0,1,1,0
1662,2017-12-23T01:44:13,0,0,0,0,1,0
1663,2017-12-23T01:44:44,0,1,0,0,1,0
1664,2017-12-23T01:45:14,0,1,0,0,1,0
1665,2017-12-23T01:45:45,0,1,0,1,1,0
1666,2017-12-23T01:46:16,0,0,0,1,1,0
1667,2017-12-23T01:46:46,0,1,0,0,1,0
1668,2017-12-23T01:47:17,0,0,0,0,1,0
1669,2017-12-23T01:47:48,0,1,0,1,1,0
1670,2017-12-23T01:48:18,0,1,0,0,1,0
1671,2017-12-23T01:48:49,0,0,0,0,1,0
1672,2017-12-23T01:49:20,0,1,0,0,1,0
1673,2017-12-23T01:49:50,0,0,0,0,1,0
1674,2017-12-23T01:50:21,0,0,0,0,1,0
1675,2017-12-23T01:50:51,0,0,0,0,1,0
1676,2017-12-23T01:51:22,0,1,0,0,1,0
1677,2017-12-23T01:51:53,0,0,0,0,1,0
1678,2017-12-23T01:52:23,0,0,0,0,1,0
1679,2017-12-23T01:52:54,0,0,0,0,1,0
1680,2017-12-23T01:53:25,0,0,0,0,1,0
1681,2017-12-23T01:53:55,0,0,0,0,1,0
1682,2017-12-23T01:54:26,0,0,0,0,1,0
1683,2017-12-23T01:54:57,0,0,0,0,1,0
1684,2017-12-23T01:55:27,0,0,0,0,1,0
1685,2017-12-23T01:55:58,0,0,0,0,1,0
1686,2017-12-23T01:56:28,0,0,0,0,1,0
1687,2017-12-23T01:56:59,0,1,0,0,1,0
1688,2017-12-23T01:57:30,0,0,0,0,1,0
1689,2017-12-23T01:58:00,0,0,0,0,1,0
1690,2017-12-23T01:58:31,0,0,0,0,1,0
1691,2017-12-23T01:59:02,0,0,0,0,1,0
1692,2017-12-23T01:59:32,0,0,0,0,1,0
1693,2017-12-23T02:00:03,0,0,0,1,1,0
1694,2017-12-23T02:00:34,0,0,0,0,1,0
1695,2017-12-23T02:01:04,0,0,0,1,1,0
1696,2017-12-23T02:01:35,0,0,0,1,1,0
1697,2017-12-23T02:02:36,0,0,0,0,1,0
1698,2017-12-23T02:03:07,0,0,0,0,1,0
1699,2017-12-23T02:03:37,0,0,0,1,1,0
1700,2017-12-23T02:04:08,0,0,0,0,1,0
1701,2017-12-23T02:04:39,0,0,0,1,1,0
1702,2017-12-23T02:05:09,0,0,0,1,1,0
1703,2017-12-23T02:05:40,0,0,0,0,1,0
1704,2017-12-23T02:06:10,0,0,0,0,1,0
1705,2017-12-23T02:06:41,0,0,0,1,1,0
1706,2017-12-23T02:07:12,0,0,0,0,1,0
1707,2017-12-23T02:07:42,0,0,0,0,1,0
1708,2017-12-23T02:08:13,0,0,0,0,1,0
1709,2017-12-23T02:08:44,0,0,0,1,1,0
1710,2017-12-23T02:09:14,0,0,0,0,1,0
1711,2017-12-23T02:09:45,0,0,0,1,1,0
1712,2017-12-23T02:10:16,0,0,0,1,1,0
1713,2017-12-23T02:10:46,0,0,0,0,1,0
1714,2017-12-23T02:11:17,0,0,0,0,1,0
1715,2017-12-23T02:11:47,0,0,0,0,1,0
1716,2017-12-23T02:12:18,0,0,0,0,1,0
1717,2017-12-23T02:12:49,0,0,0,0,1,0
1718,2017-12-23T02:13:19,0,0,0,1,1,0
1719,2017-12-23T02:13:50,0,0,0,0,1,0
1720,2017-12-23T02:14:21,0,0,0,1,1,0
1721,2017-12-23T02:14:51,0,0,0,0,1,0
1722,2017-12-23T02:15:22,0,0,0,0,1,0
1723,2017-12-23T02:15:53,0,0,0,1,1,0
1724,2017-12-23T02:16:23,0,0,0,0,1,0
1725,2017-12-23T02:16:54,0,0,0,0,1,0
1726,2017-12-23T02:17:55,0,0,0,0,1,0
1727,2017-12-23T02:18:26,0,0,0,0,1,0
1728,2017-12-23T02:18:56,0,0,0,1,1,0
1729,2017-12-23T02:19:27,0,0,0,0,1,0
1730,2017-12-23T02:19:58,0,0,0,0,1,0
1731,2017-12-23T02:20:28,0,0,0,0,1,0
1732,2017-12-23T02:20:59,0,0,0,0,1,0
1733,2017-12-23T02:21:30,0,0,0,1,1,0
1734,2017-12-23T02:22:00,0,0,0,0,1,0
1735,2017-12-23T02:22:31,0,0,0,0,1,0
1736,2017-12-23T02:23:01,0,0,0,0,1,0
1737,2017-12-23T02:23:32,0,0,0,0,1,0
1738,2017-12-23T02:24:03,0,0,0,0,1,0
1739,2017-12-23T02:24:33,0,0,0,1,1,0
1740,2017-12-23T02:25:04,0,0,0,1,1,0
1741,2017-12-23T02:25:35,0,0,0,1,1,0
1742,2017-12-23T02:26:05,0,0,0,1,1,0
1743,2017-12-23T02:26:36,0,0,0,1,1,0
1744,2017-12-23T02:27:07,0,0,0,1,1,0
1745,2017-12-23T02:27:37,0,0,0,0,1,0
1746,2017-12-23T02:28:08,0,0,0,0,1,0
1747,2017-12-23T02:28:38,0,0,0,0,1,0
1748,2017-12-23T02:29:09,0,0,0,0,1,0
1749,2017-12-23T02:29:40,0,0,0,0,1,0
1750,2017-12-23T02:30:10,0,0,0,0,1,0
1751,2017-12-23T02:30:41,0,0,0,0,1,0
1752,2017-12-23T02:31:12,0,0,0,0,1,0
1753,2017-12-23T02:31:42,0,0,0,0,1,0
1754,2017-12-23T02:32:13,0,0,0,0,1,0
1755,2017-12-23T02:32:44,0,0,0,0,1,0
1756,2017-12-23T02:33:14,0,0,0,0,1,0
1757,2017-12-23T02:33:45,0,0,0,0,1,0
1758,2017-12-23T02:34:15,0,0,0,1,1,0
1759,2017-12-23T02:34:46,0,0,0,0,1,0
1760,2017-12-23T02:35:17,0,0,0,0,1,0
1761,2017-12-23T02:35:47,0,0,0,1,1,0
1762,2017-12-23T02:36:18,0,0,0,0,1,0
1763,2017-12-23T02:36:49,0,0,0,0,1,0
1764,2017-12-23T02:37:19,0,0,0,0,1,0
1765,2017-12-23T02:37:50,0,0,0,0,1,0
1766,2017-12-23T02:38:21,0,0,0,0,1,0
1767,2017-12-23T02:38:51,0,0,0,0,1,0
1768,2017-12-23T02:39:22,0,0,0,0,1,0
1769,2017-12-23T02:39:52,0,0,0,0,1,0
1770,2017-12-23T02:40:23,0,0,0,1,1,0
1771,2017-12-23T02:40:54,0,0,0,1,1,0
1772,2017-12-23T02:41:24,0,0,0,0,1,0
1773,2017-12-23T02:41:55,0,0,0,0,1,0
1774,2017-12-23T02:42:26,0,0,0,1,1,0
1775,2017-12-23T02:42:56,0,0,0,1,1,0
1776,2017-12-23T02:43:27,0,0,0,0,1,0
1777,2017-12-23T02:43:58,0,0,0,0,1,0
1778,2017-12-23T02:44:28,0,0,0,0,1,0
1779,2017-12-23T02:44:59,0,0,0,0,1,0
1780,2017-12-23T02:45:29,0,0,0,0,1,0
1781,2017-12-23T02:46:00,0,0,0,0,1,0
1782,2017-12-23T02:46:31,0,0,0,0,1,0
1783,2017-12-23T02:47:01,0,0,0,0,1,0
1784,2017-12-23T02:47:32,0,0,0,1,1,0
1785,2017-12-23T02:48:03,0,0,0,0,1,0
1786,2017-12-23T02:48:33,0,0,0,1,1,0
1787,2017-12-23T02:49:04,0,0,0,0,1,0
1788,2017-12-23T02:49:34,0,0,0,1,1,0
1789,2017-12-23T02:50:05,0,0,0,0,1,0
1790,2017-12-23T02:50:36,0,0,0,0,1,0
1791,2017-12-23T02:51:06,0,0,0,1,1,0
1792,2017-12-23T02:51:37,0,0,0,0,1,0
1793,2017-12-23T02:52:08,0,0,0,0,1,0
1794,2017-12-23T02:52:38,0,0,0,0,1,0
1795,2017-12-23T02:53:09,0,0,0,0,1,0
1796,2017-12-23T02:53:40,0,0,0,1,1,0
1797,2017-12-23T02:54:10,0,0,0,1,1,0
1798,2017-12-23T02:54:41,0,0,0,0,1,0
1799,2017-12-23T02:55:11,0,0,0,0,1,0
1800,2017-12-23T02:55:42,0,0,0,1,1,0
1801,2017-12-23T02:56:13,0,0,0,0,1,0
1802,2017-12-23T02:56:43,0,0,0,0,1,0
1803,2017-12-23T02:57:14,0,0,0,1,1,0
1804,2017-12-23T02:57:45,0,0,0,0,1,0
1805,2017-12-23T02:58:15,0,0,0,0,1,0
1806,2017-12-23T02:58:46,0,0,0,0,1,0
1807,2017-12-23T02:59:17,0,0,0,0,1,0
1808,2017-12-23T02:59:47,0,0,0,0,1,0
1809,2017-12-23T03:00:18,0,0,0,1,1,0
1810,2017-12-23T03:00:48,0,0,0,0,1,0
1811,2017-12-23T03:01:19,0,0,0,0,1,0
1812,2017-12-23T03:01:50,0,0,0,0,1,0
1813,2017-12-23T03:02:20,0,0,0,0,1,0
1814,2017-12-23T03:02:51,0,0,0,1,1,0
1815,2017-12-23T03:03:22,0,0,0,0,1,0
1816,2017-12-23T03:03:52,0,0,0,1,1,0
1817,2017-12-23T03:04:23,0,0,0,0,1,0
1818,2017-12-23T03:04:54,0,0,0,1,1,0
1819,2017-12-23T03:05:24,0,0,0,1,1,0
1820,2017-12-23T03:05:55,0,0,0,0,1,0
1821,2017-12-23T03:06:25,0,0,0,0,1,0
1822,2017-12-23T03:06:56,0,0,0,0,1,0
1823,2017-12-23T03:07:27,0,0,0,0,1,0
1824,2017-12-23T03:07:57,0,0,0,0,1,0
1825,2017-12-23T03:08:28,0,0,0,1,1,0
1826,2017-12-23T03:08:59,0,0,0,0,1,0
1827,2017-12-23T03:09:29,0,0,0,0,1,0
1828,2017-12-23T03:10:00,0,0,0,1,1,0
1829,2017-12-23T03:10:31,0,0,0,1,1,0
1830,2017-12-23T03:11:01,0,0,0,0,1,0
1831,2017-12-23T03:11:32,0,0,0,0,1,0
1832,2017-12-23T03:12:02,0,0,0,0,1,0
1833,2017-12-23T03:12:33,0,0,0,0,1,0
1834,2017-12-23T03:13:04,0,0,0,0,1,0
1835,2017-12-23T03:14:05,0,0,0,0,1,0
1836,2017-12-23T03:14:36,0,0,0,1,1,0
1837,2017-12-23T03:15:06,0,0,0,1,1,0
1838,2017-12-23T03:15:37,0,0,0,1,1,0
1839,2017-12-23T03:16:07,0,0,0,0,1,0
1840,2017-12-23T03:16:38,0,0,0,0,1,0
1841,2017-12-23T03:17:09,0,0,0,1,1,0
1842,2017-12-23T03:17:39,0,0,0,0,1,0
1843,2017-12-23T03:18:10,0,0,0,0,1,0
1844,2017-12-23T03:18:41,0,0,0,0,1,0
1845,2017-12-23T03:19:11,0,0,0,0,1,0
1846,2017-12-23T03:19:42,0,0,0,1,1,0
1847,2017-12-23T03:20:13,0,0,0,0,1,0
1848,2017-12-23T03:20:43,0,0,0,0,1,0
1849,2017-12-23T03:21:14,0,0,0,0,1,0
1850,2017-12-23T03:21:44,0,0,0,0,1,0
1851,2017-12-23T03:22:15,0,0,0,0,1,0
1852,2017-12-23T03:22:46,0,0,0,0,1,0
1853,2017-12-23T03:23:16,0,0,0,0,1,0
1854,2017-12-23T03:23:47,0,0,0,0,1,0
1855,2017-12-23T03:24:18,0,0,0,1,1,0
1856,2017-12-23T03:24:48,0,0,0,1,1,0
1857,2017-12-23T03:25:19,0,0,0,1,1,0
1858,2017-12-23T03:25:50,0,0,0,1,1,0
1859,2017-12-23T03:26:20,0,0,0,1,1,0
1860,2017-12-23T03:26:51,0,0,0,0,1,0
1861,2017-12-23T03:27:21,0,0,0,1,1,0
1862,2017-12-23T03:27:52,0,0,0,1,1,0
1863,2017-12-23T03:28:23,0,0,0,0,1,0
1864,2017-12-23T03:28:53,0,0,0,0,1,0
1865,2017-12-23T03:29:24,0,0,0,0,1,0
1866,2017-12-23T03:29:55,0,0,0,0,1,0
1867,2017-12-23T03:30:25,0,0,0,1,1,0
1868,2017-12-23T03:30:56,0,0,0,0,1,0
1869,2017-12-23T03:31:27,0,0,0,0,1,0
1870,2017-12-23T03:31:57,0,0,0,0,1,0
1871,2017-12-23T03:32:28,0,0,0,0,1,0
1872,2017-12-23T03:32:58,0,0,0,0,1,0
1873,2017-12-23T03:33:29,0,0,0,0,1,0
1874,2017-12-23T03:34:00,0,0,0,0,1,0
1875,2017-12-23T03:34:30,0,0,0,0,1,0
1876,2017-12-23T03:35:01,0,0,0,0,1,0
1877,2017-12-23T03:35:32,0,0,0,0,1,0
1878,2017-12-23T03:36:02,0,0,0,0,1,0
1879,2017-12-23T03:36:33,0,0,0,0,1,0
1880,2017-12-23T03:37:04,0,0,0,0,1,0
1881,2017-12-23T03:37:34,0,0,0,1,1,0
1882,2017-12-23T03:38:05,0,0,0,1,1,0
1883,2017-12-23T03:38:35,0,0,0,1,1,0
1884,2017-12-23T03:39:06,0,0,0,1,1,0
1885,2017-12-23T03:39:37,0,0,0,0,1,0
1886,2017-12-23T03:40:07,0,0,0,0,1,0
1887,2017-12-23T03:40:38,0,0,0,0,1,0
1888,2017-12-23T03:41:09,0,0,0,1,1,0
1889,2017-12-23T03:41:39,0,0,0,0,1,0
1890,2017-12-23T03:42:10,0,0,0,0,1,0
1891,2017-12-23T03:42:40,0,0,0,1,1,0
1892,2017-12-23T03:43:11,0,0,0,1,1,0
1893,2017-12-23T03:43:42,0,0,0,1,1,0
1894,2017-12-23T03:44:12,0,0,0,1,1,0
1895,2017-12-23T03:44:43,0,0,0,1,1,0
1896,2017-12-23T03:45:14,0,0,0,1,1,0
1897,2017-12-23T03:45:44,0,0,0,0,1,0
1898,2017-12-23T03:46:15,0,0,0,1,1,0
1899,2017-12-23T03:46:46,0,0,0,1,1,0
1900,2017-12-23T03:47:16,0,0,0,0,1,0
1901,2017-12-23T03:47:47,0,0,0,0,1,0
1902,2017-12-23T03:48:17,0,0,0,1,1,0
1903,2017-12-23T03:48:48,0,0,0,1,1,0
1904,2017-12-23T03:49:19,0,0,0,0,1,0
1905,2017-12-23T03:49:49,0,0,0,1,1,0
1906,2017-12-23T03:50:20,0,0,0,1,1,0
1907,2017-12-23T03:50:51,0,0,0,0,1,0
1908,2017-12-23T03:51:21,0,0,0,1,1,0
1909,2017-12-23T03:51:52,0,0,0,0,1,0
1910,2017-12-23T03:52:23,0,0,0,1,1,0
1911,2017-12-23T03:52:53,0,0,0,1,1,0
1912,2017-12-23T03:53:24,0,0,0,0,1,0
1913,2017-12-23T03:53:54,0,0,0,1,1,0
1914,2017-12-23T03:54:25,0,0,0,1,1,0
1915,2017-12-23T03:54:56,0,0,0,1,1,0
1916,2017-12-23T03:55:26,0,0,0,1,1,0
1917,2017-12-23T03:55:57,0,0,0,0,1,0
1918,2017-12-23T03:56:28,0,0,0,0,1,0
1919,2017-12-23T03:56:58,0,0,0,1,1,0
1920,2017-12-23T03:57:29,0,0,0,0,1,0
1921,2017-12-23T03:58:00,0,0,0,0,1,0
1922,2017-12-23T03:58:30,0,0,0,1,1,0
1923,2017-12-23T03:59:01,0,0,0,1,1,0
1924,2017-12-23T03:59:31,0,0,0,0,1,0
1925,2017-12-23T04:00:02,0,0,0,1,1,0
1926,2017-12-23T04:00:33,0,0,0,0,1,0
1927,2017-12-23T04:01:03,0,0,0,0,1,0
1928,2017-12-23T04:01:34,0,0,0,1,1,0
1929,2017-12-23T04:02:05,0,0,0,1,1,0
1930,2017-12-23T04:02:35,0,0,0,1,1,0
1931,2017-12-23T04:03:06,0,0,0,0,1,0
1932,2017-12-23T04:03:37,0,0,0,1,1,0
1933,2017-12-23T04:04:07,0,0,0,1,1,0
1934,2017-12-23T04:04:38,0,0,0,1,1,0
1935,2017-12-23T04:05:08,0,0,0,0,1,0
1936,2017-12-23T04:05:39,0,0,0,1,1,0
1937,2017-12-23T04:06:10,0,0,0,0,1,0
1938,2017-12-23T04:06:40,0,0,0,1,1,0
1939,2017-12-23T04:07:11,0,0,0,1,1,0
1940,2017-12-23T04:07:42,0,0,0,1,1,0
1941,2017-12-23T04:08:12,0,0,0,0,1,0
1942,2017-12-23T04:08:43,0,0,0,1,1,0
1943,2017-12-23T04:09:13,0,0,0,0,1,0
1944,2017-12-23T04:09:44,0,0,0,0,1,0
1945,2017-12-23T04:10:15,0,0,0,0,1,0
1946,2017-12-23T04:11:16,0,0,0,0,1,0
1947,2017-12-23T04:11:47,0,0,0,1,1,0
1948,2017-12-23T04:12:17,0,0,0,0,1,0
1949,2017-12-23T04:12:48,0,0,0,1,1,0
1950,2017-12-23T04:13:19,0,0,0,0,1,0
1951,2017-12-23T04:13:49,0,0,0,1,1,0
1952,2017-12-23T04:14:20,0,0,0,0,1,0
1953,2017-12-23T04:14:50,0,0,0,1,1,0
1954,2017-12-23T04:15:21,0,0,0,1,1,0
1955,2017-12-23T04:15:52,0,0,0,0,1,0
1956,2017-12-23T04:16:22,0,0,0,1,1,0
1957,2017-12-23T04:16:53,0,0,0,0,1,0
1958,2017-12-23T04:17:24,0,0,0,1,1,0
1959,2017-12-23T04:17:54,0,0,0,1,1,0
1960,2017-12-23T04:18:25,0,0,0,1,1,0
1961,2017-12-23T04:18:56,0,0,0,1,1,0
1962,2017-12-23T04:19:26,0,0,0,1,1,0
1963,2017-12-23T04:19:57,0,0,0,1,1,0
1964,2017-12-23T04:20:27,0,0,0,1,1,0
1965,2017-12-23T04:20:58,0,0,0,0,1,0
1966,2017-12-23T04:21:29,0,0,0,1,1,0
1967,2017-12-23T04:21:59,0,0,0,1,1,0
1968,2017-12-23T04:22:30,0,0,0,0,1,0
1969,2017-12-23T04:23:01,0,0,0,1,1,0
1970,2017-12-23T04:23:31,0,0,0,2,1,0
1971,2017-12-23T04:24:02,0,0,0,1,1,0
1972,2017-12-23T04:24:33,0,0,0,2,1,0
1973,2017-12-23T04:25:03,0,0,0,1,1,0
1974,2017-12-23T04:25:34,0,0,0,1,1,0
1975,2017-12-23T04:26:04,0,0,0,1,1,0
1976,2017-12-23T04:26:35,0,0,0,0,1,0
1977,2017-12-23T04:27:06,0,0,0,0,1,0
1978,2017-12-23T04:27:36,0,0,0,1,1,0
1979,2017-12-23T04:28:07,0,0,0,0,1,0
1980,2017-12-23T04:28:38,0,0,0,1,1,0
1981,2017-12-23T04:29:08,0,0,0,1,1,0
1982,2017-12-23T04:29:39,0,0,0,1,1,0
1983,2017-12-23T04:30:10,0,0,0,1,1,0
1984,2017-12-23T04:30:40,0,0,0,0,1,0
1985,2017-12-23T04:31:11,0,0,0,1,1,0
1986,2017-12-23T04:31:41,0,0,0,0,1,0
1987,2017-12-23T04:32:12,0,0,0,1,1,0
1988,2017-12-23T04:32:43,0,0,0,1,1,0
1989,2017-12-23T04:33:13,0,0,0,0,1,0
1990,2017-12-23T04:33:44,0,0,0,1,1,0
1991,2017-12-23T04:34:15,0,0,0,1,1,0
1992,2017-12-23T04:34:45,0,0,0,1,1,0
1993,2017-12-23T04:35:16,0,0,0,1,1,0
1994,2017-12-23T04:35:47,0,0,0,1,1,0
1995,2017-12-23T04:36:17,0,0,0,1,1,0
1996,2017-12-23T04:36:48,0,0,0,0,1,0
1997,2017-12-23T04:37:18,0,0,0,1,1,0
1998,2017-12-23T04:37:49,0,0,0,1,1,0
1999,2017-12-23T04:38:20,0,0,0,0,1,0
2000,2017-12-23T04:38:50,0,0,0,1,1,0
2001,2017-12-23T04:39:21,0,0,0,0,1,0
2002,2017-12-23T04:39:52,0,0,0,1,1,0
2003,2017-12-23T04:40:22,0,0,0,1,1,0
2004,2017-12-23T04:40:53,0,0,0,1,1,0
2005,2017-12-23T04:41:23,0,0,0,0,1,0
2006,2017-12-23T04:41:54,0,0,0,1,1,0
2007,2017-12-23T04:42:25,0,0,0,0,1,0
2008,2017-12-23T04:42:55,0,0,0,0,1,0
2009,2017-12-23T04:43:26,0,0,0,0,1,0
2010,2017-12-23T04:43:57,0,0,0,1,1,0
2011,2017-12-23T04:44:27,0,0,0,1,1,0
2012,2017-12-23T04:44:58,0,0,0,1,1,0
2013,2017-12-23T04:45:29,0,0,0,1,1,0
2014,2017-12-23T04:45:59,0,0,0,0,1,0
2015,2017-12-23T04:46:30,0,0,0,0,1,0
2016,2017-12-23T04:47:00,0,0,0,1,1,0
2017,2017-12-23T04:47:31,0,0,0,1,1,0
2018,2017-12-23T04:48:02,0,0,0,0,1,0
2019,2017-12-23T04:48:32,0,0,0,1,1,0
2020,2017-12-23T04:49:03,0,0,0,1,1,0
2021,2017-12-23T04:49:34,0,0,0,0,1,0
2022,2017-12-23T04:50:04,0,0,0,1,1,0
2023,2017-12-23T04:50:35,0,0,0,0,1,0
2024,2017-12-23T04:51:06,0,0,0,1,1,0
2025,2017-12-23T04:51:36,0,0,0,0,1,0
2026,2017-12-23T04:52:07,0,0,0,1,1,0
2027,2017-12-23T04:52:37,0,0,0,0,1,0
2028,2017-12-23T04:53:08,0,0,0,1,1,0
2029,2017-12-23T04:53:39,0,0,0,1,1,0
2030,2017-12-23T04:54:09,0,0,0,0,1,0
2031,2017-12-23T04:54:40,0,0,0,1,1,0
2032,2017-12-23T04:55:11,0,0,0,0,1,0
2033,2017-12-23T04:55:41,0,0,0,1,1,0
2034,2017-12-23T04:56:12,0,0,0,1,1,0
2035,2017-12-23T04:56:43,0,0,0,1,1,0
2036,2017-12-23T04:57:13,0,0,0,1,1,0
2037,2017-12-23T04:57:44,0,0,0,1,1,0
2038,2017-12-23T04:58:14,0,0,0,1,1,0
2039,2017-12-23T04:58:45,0,0,0,1,1,0
2040,2017-12-23T04:59:16,0,0,0,1,1,0
2041,2017-12-23T04:59:46,0,0,0,1,1,0
2042,2017-12-23T05:00:17,0,0,0,0,1,0
2043,2017-12-23T05:00:48,0,0,0,1,1,0
2044,2017-12-23T05:01:18,0,0,0,1,1,0
2045,2017-12-23T05:01:49,0,0,0,0,1,0
2046,2017-12-23T05:02:20,0,0,0,0,1,0
2047,2017-12-23T05:02:50,0,0,0,1,1,0
2048,2017-12-23T05:03:21,0,0,0,1,1,0
2049,2017-12-23T05:03:51,0,0,0,1,1,0
2050,2017-12-23T05:04:22,0,0,0,1,1,0
2051,2017-12-23T05:04:53,0,0,0,1,1,0
2052,2017-12-23T05:05:23,0,0,0,0,1,0
2053,2017-12-23T05:05:54,0,0,0,1,1,0
2054,2017-12-23T05:06:25,0,0,0,0,1,0
2055,2017-12-23T05:06:55,0,0,0,0,1,0
2056,2017-12-23T05:07:26,0,0,0,1,1,0
2057,2017-12-23T05:07:57,0,0,0,0,1,0
2058,2017-12-23T05:08:58,0,0,0,1,1,0
2059,2017-12-23T05:09:28,0,0,0,1,1,0
2060,2017-12-23T05:09:59,0,0,0,1,1,0
2061,2017-12-23T05:10:30,0,0,0,1,1,0
2062,2017-12-23T05:11:00,0,0,0,0,1,0
2063,2017-12-23T05:11:31,0,0,0,1,1,0
2064,2017-12-23T05:12:02,0,0,0,0,1,0
2065,2017-12-23T05:12:32,0,0,0,0,1,0
2066,2017-12-23T05:13:03,0,0,0,0,1,0
2067,2017-12-23T05:13:33,0,0,0,0,1,0
2068,2017-12-23T05:14:04,0,0,0,0,1,0
2069,2017-12-23T05:14:35,0,0,0,0,1,0
2070,2017-12-23T05:15:05,0,0,0,0,1,0
2071,2017-12-23T05:15:36,0,0,0,1,1,0
2072,2017-12-23T05:16:07,0,0,0,0,1,0
2073,2017-12-23T05:16:37,0,0,0,1,1,0
2074,2017-12-23T05:17:08,0,0,0,1,1,0
2075,2017-12-23T05:17:39,0,0,0,0,1,0
2076,2017-12-23T05:18:09,0,0,0,1,1,0
2077,2017-12-23T05:18:40,0,0,0,0,1,0
2078,2017-12-23T05:19:10,0,0,0,1,1,0
2079,2017-12-23T05:19:41,0,0,0,1,1,0
2080,2017-12-23T05:20:12,0,0,0,0,1,0
2081,2017-12-23T05:20:42,0,0,0,1,1,0
2082,2017-12-23T05:21:13,0,0,0,1,1,0
2083,2017-12-23T05:21:44,0,0,0,1,1,0
2084,2017-12-23T05:22:14,0,0,0,0,1,0
2085,2017-12-23T05:22:45,0,0,0,1,1,0
2086,2017-12-23T05:23:16,0,0,0,0,1,0
2087,2017-12-23T05:23:46,0,0,0,1,1,0
2088,2017-12-23T05:24:17,0,0,0,1,1,0
2089,2017-12-23T05:24:47,0,0,0,0,1,0
2090,2017-12-23T05:25:18,0,0,0,0,1,0
2091,2017-12-23T05:25:49,0,0,0,1,1,0
2092,2017-12-23T05:26:19,0,0,0,0,1,0
2093,2017-12-23T05:26:50,0,0,0,1,1,0
2094,2017-12-23T05:27:21,0,0,0,1,1,0
2095,2017-12-23T05:27:51,0,0,0,0,1,0
2096,2017-12-23T05:28:22,0,0,0,0,1,0
2097,2017-12-23T05:28:53,0,0,0,0,1,0
2098,2017-12-23T05:29:23,0,0,0,0,1,0
2099,2017-12-23T05:29:54,0,0,0,1,1,0
2100,2017-12-23T05:30:24,0,0,0,1,1,0
2101,2017-12-23T05:30:55,0,0,0,1,1,0
2102,2017-12-23T05:31:26,0,0,0,1,1,0
2103,2017-12-23T05:31:56,0,0,0,0,1,0
2104,2017-12-23T05:32:27,0,0,0,1,1,0
2105,2017-12-23T05:32:58,0,0,0,1,1,0
2106,2017-12-23T05:33:28,0,0,0,0,1,0
2107,2017-12-23T05:33:59,0,0,0,1,1,0
2108,2017-12-23T05:34:30,0,0,0,1,1,0
2109,2017-12-23T05:35:00,0,0,0,1,1,0
2110,2017-12-23T05:35:31,0,0,0,1,1,0
2111,2017-12-23T05:36:01,0,0,0,0,1,0
2112,2017-12-23T05:36:32,0,0,0,1,1,0
2113,2017-12-23T05:37:03,0,0,0,0,1,0
2114,2017-12-23T05:37:33,0,0,0,1,1,0
2115,2017-12-23T05:38:04,0,0,0,0,1,0
2116,2017-12-23T05:38:35,0,0,0,0,1,0
2117,2017-12-23T05:39:05,0,0,0,1,1,0
2118,2017-12-23T05:39:36,0,0,0,1,1,0
2119,2017-12-23T05:40:07,0,0,0,0,1,0
2120,2017-12-23T05:40:37,0,0,0,0,1,0
2121,2017-12-23T05:41:08,0,0,0,0,1,0
2122,2017-12-23T05:41:38,0,0,0,0,1,0
2123,2017-12-23T05:42:09,0,0,0,1,1,0
2124,2017-12-23T05:42:40,0,0,0,1,1,0
2125,2017-12-23T05:43:10,0,0,0,0,1,0
2126,2017-12-23T05:43:41,0,0,0,1,1,0
2127,2017-12-23T05:44:12,0,0,0,1,1,0
2128,2017-12-23T05:44:42,0,0,0,0,1,0
2129,2017-12-23T05:45:13,0,0,0,1,1,0
2130,2017-12-23T05:45:44,0,0,0,0,1,0
2131,2017-12-23T05:46:14,0,0,0,1,0,0
2132,2017-12-23T05:46:45,0,0,0,0,0,0
2133,2017-12-23T05:47:15,0,0,0,1,1,0
2134,2017-12-23T05:47:46,0,0,0,1,0,0
2135,2017-12-23T05:48:17,0,0,0,1,0,0
2136,2017-12-23T05:48:47,0,0,0,0,1,0
2137,2017-12-23T05:49:18,0,0,0,1,1,0
2138,2017-12-23T05:49:49,0,0,0,1,1,0
2139,2017-12-23T05:50:19,0,0,0,0,1,0
2140,2017-12-23T05:50:50,0,0,0,1,0,0
2141,2017-12-23T05:51:20,0,0,0,1,1,0
2142,2017-12-23T05:51:51,0,0,0,1,1,0
2143,2017-12-23T05:52:22,0,0,0,0,1,0
2144,2017-12-23T05:52:52,0,0,0,0,1,0
2145,2017-12-23T05:53:23,0,0,0,0,1,0
2146,2017-12-23T05:53:54,0,0,0,1,1,0
2147,2017-12-23T05:54:24,0,0,0,0,0,0
2148,2017-12-23T05:54:55,0,0,0,0,0,0
2149,2017-12-23T05:55:26,0,0,0,0,0,0
2150,2017-12-23T05:55:56,0,0,0,0,1,0
2151,2017-12-23T05:56:27,0,0,0,0,1,0
2152,2017-12-23T05:56:57,0,0,0,1,1,0
2153,2017-12-23T05:57:28,0,0,0,0,1,0
2154,2017-12-23T05:57:59,0,0,0,0,1,0
2155,2017-12-23T05:58:29,0,0,0,1,1,0
2156,2017-12-23T05:59:00,0,0,0,1,1,0
2157,2017-12-23T05:59:31,0,0,0,1,1,0
2158,2017-12-23T06:00:01,0,0,0,0,1,0
2159,2017-12-23T06:00:32,0,0,0,0,1,0
2160,2017-12-23T06:01:03,0,0,0,1,1,0
2161,2017-12-23T06:01:33,0,0,0,0,0,0
2162,2017-12-23T06:02:04,0,0,0,1,1,0
2163,2017-12-23T06:02:34,0,0,0,0,0,0
2164,2017-12-23T06:03:05,0,0,0,1,0,0
2165,2017-12-23T06:03:36,0,0,0,1,1,0
2166,2017-12-23T06:04:06,0,0,0,0,0,0
2167,2017-12-23T06:04:37,0,0,0,1,1,0
2168,2017-12-23T06:05:08,0,0,0,0,1,0
2169,2017-12-23T06:06:09,0,0,0,0,1,0
2170,2017-12-23T06:06:40,0,0,0,1,1,0
2171,2017-12-23T06:07:10,0,0,0,0,1,0
2172,2017-12-23T06:07:41,0,0,0,1,0,0
2173,2017-12-23T06:08:11,0,0,0,1,0,0
2174,2017-12-23T06:08:42,0,0,0,1,0,0
2175,2017-12-23T06:09:13,0,0,0,0,0,0
2176,2017-12-23T06:09:43,0,0,0,1,1,0
2177,2017-12-23T06:10:14,0,0,0,0,0,0
2178,2017-12-23T06:10:45,0,0,0,1,1,0
2179,2017-12-23T06:11:15,0,0,0,1,1,0
2180,2017-12-23T06:11:46,0,0,0,0,0,0
2181,2017-12-23T06:12:17,0,0,0,0,0,0
2182,2017-12-23T06:12:47,0,0,0,1,1,0
2183,2017-12-23T06:13:18,0,0,0,1,1,0
2184,2017-12-23T06:13:48,0,0,0,0,1,0
2185,2017-12-23T06:14:19,0,0,0,1,1,0
2186,2017-12-23T06:14:50,0,0,0,1,0,0
2187,2017-12-23T06:15:20,0,0,0,1,0,0
2188,2017-12-23T06:15:51,0,0,0,1,0,0
2189,2017-12-23T06:16:22,0,0,0,1,0,0
2190,2017-12-23T06:16:52,0,0,0,0,1,0
2191,2017-12-23T06:17:23,0,0,0,0,0,0
2192,2017-12-23T06:17:54,0,0,0,0,0,0
2193,2017-12-23T06:18:24,0,0,0,1,0,0
2194,2017-12-23T06:18:55,0,0,0,0,0,0
2195,2017-12-23T06:19:25,0,0,0,1,0,0
2196,2017-12-23T06:19:56,0,0,0,1,0,0
2197,2017-12-23T06:20:27,0,0,0,0,0,0
2198,2017-12-23T06:20:57,0,0,0,1,0,0
2199,2017-12-23T06:21:28,0,0,0,0,0,0
2200,2017-12-23T06:21:59,0,0,0,1,0,0
2201,2017-12-23T06:22:29,0,0,0,1,0,0
2202,2017-12-23T06:23:00,0,0,0,0,0,0
2203,2017-12-23T06:23:31,0,0,0,1,0,0
2204,2017-12-23T06:24:01,0,0,0,1,0,0
2205,2017-12-23T06:24:32,0,0,0,1,0,0
2206,2017-12-23T06:25:02,0,0,0,1,0,0
2207,2017-12-23T06:25:33,0,0,0,0,1,0
2208,2017-12-23T06:26:04,0,0,0,1,0,0
2209,2017-12-23T06:26:34,0,0,0,1,0,0
2210,2017-12-23T06:27:05,0,0,0,0,0,0
2211,2017-12-23T06:27:36,0,0,0,1,0,0
2212,2017-12-23T06:28:06,0,0,0,0,0,0
2213,2017-12-23T06:28:37,0,0,0,1,0,0
2214,2017-12-23T06:29:07,0,0,0,0,0,0
2215,2017-12-23T06:29:38,0,0,0,1,0,0
2216,2017-12-23T06:30:09,0,0,0,1,0,0
2217,2017-12-23T06:30:39,0,0,0,1,0,0
2218,2017-12-23T06:31:10,0,0,0,1,0,0
2219,2017-12-23T06:31:41,0,0,0,0,0,0
2220,2017-12-23T06:32:11,0,0,0,1,0,0
2221,2017-12-23T06:32:42,0,0,0,0,0,0
2222,2017-12-23T06:33:13,0,0,0,1,0,0
2223,2017-12-23T06:33:43,0,0,0,1,0,0
2224,2017-12-23T06:34:14,0,0,0,1,0,0
2225,2017-12-23T06:34:44,0,0,0,1,0,0
2226,2017-12-23T06:35:15,0,0,0,0,0,0
2227,2017-12-23T06:35:46,0,0,0,1,0,0
2228,2017-12-23T06:36:16,0,0,0,1,0,0
2229,2017-12-23T06:36:47,0,0,0,1,0,0
2230,2017-12-23T06:37:18,0,0,0,1,0,0
2231,2017-12-23T06:37:48,0,0,0,1,0,0
2232,2017-12-23T06:38:19,0,0,0,1,0,0
2233,2017-12-23T06:38:50,0,0,0,1,0,0
2234,2017-12-23T06:39:20,0,0,0,0,0,0
2235,2017-12-23T06:39:51,0,0,0,1,0,0
2236,2017-12-23T06:40:21,0,0,0,2,0,0
2237,2017-12-23T06:40:52,0,0,0,1,0,0
2238,2017-12-23T06:41:23,0,0,0,0,0,0
2239,2017-12-23T06:41:53,0,0,0,1,0,0
2240,2017-12-23T06:42:24,0,0,0,0,0,0
2241,2017-12-23T06:42:55,0,0,0,1,0,0
2242,2017-12-23T06:43:25,0,0,0,0,0,0
2243,2017-12-23T06:43:56,0,0,0,0,0,0
2244,2017-12-23T06:44:27,0,0,0,0,0,0
2245,2017-12-23T06:44:57,0,0,0,1,0,0
2246,2017-12-23T06:45:28,0,0,0,0,0,0
2247,2017-12-23T06:46:29,0,0,0,0,0,0
2248,2017-12-23T06:47:00,0,0,0,0,0,0
2249,2017-12-23T06:47:30,0,0,0,1,0,0
2250,2017-12-23T06:48:01,0,0,0,1,1,0
2251,2017-12-23T06:48:32,0,0,0,1,0,0
2252,2017-12-23T06:49:02,0,0,0,1,0,0
2253,2017-12-23T06:49:33,0,0,0,1,0,0
2254,2017-12-23T06:50:04,0,0,0,0,0,0
2255,2017-12-23T06:50:34,0,0,0,0,0,0
2256,2017-12-23T06:51:05,0,0,0,1,0,0
2257,2017-12-23T06:51:35,0,0,0,1,0,0
2258,2017-12-23T06:52:06,0,0,0,1,0,0
2259,2017-12-23T06:52:37,0,0,0,1,0,0
2260,2017-12-23T06:53:07,0,0,0,0,0,0
2261,2017-12-23T06:53:38,0,0,0,1,0,0
2262,2017-12-23T06:54:09,0,0,0,0,1,0
2263,2017-12-23T06:54:39,0,0,0,0,0,0
2264,2017-12-23T06:55:10,0,0,0,0,0,0
2265,2017-12-23T06:55:41,0,0,0,0,0,0
2266,2017-12-23T06:56:11,0,0,0,0,0,0
2267,2017-12-23T06:56:42,0,0,0,1,0,0
2268,2017-12-23T06:57:12,0,0,0,1,0,0
2269,2017-12-23T06:57:43,0,0,0,1,0,0
2270,2017-12-23T06:58:14,0,0,0,0,0,0
2271,2017-12-23T06:58:44,0,0,0,0,0,0
2272,2017-12-23T06:59:15,0,0,0,0,0,0
2273,2017-12-23T06:59:46,0,0,0,0,0,0
2274,2017-12-23T07:00:16,0,0,0,0,0,0
2275,2017-12-23T07:00:47,0,0,0,1,0,0
2276,2017-12-23T07:01:17,0,0,0,1,0,0
2277,2017-12-23T07:01:48,0,0,0,1,0,0
2278,2017-12-23T07:02:19,0,0,0,1,0,0
2279,2017-12-23T07:03:20,0,0,0,1,0,0
2280,2017-12-23T07:03:51,0,0,0,0,0,0
2281,2017-12-23T07:04:21,0,0,0,1,0,0
2282,2017-12-23T07:04:52,0,0,0,1,0,0
2283,2017-12-23T07:05:23,0,0,0,1,0,0
2284,2017-12-23T07:05:53,0,0,0,1,0,0
2285,2017-12-23T07:06:24,0,0,0,0,0,0
2286,2017-12-23T07:06:54,0,0,0,0,0,0
2287,2017-12-23T07:07:25,0,0,0,0,0,0
2288,2017-12-23T07:07:56,0,0,0,1,0,0
2289,2017-12-23T07:08:26,0,0,0,0,0,0
2290,2017-12-23T07:08:57,0,0,0,1,0,0
2291,2017-12-23T07:09:28,0,0,0,1,0,0
2292,2017-12-23T07:09:58,0,0,0,0,0,0
2293,2017-12-23T07:10:29,0,0,0,0,0,0
2294,2017-12-23T07:11:00,0,0,0,1,0,0
2295,2017-12-23T07:11:30,0,0,0,0,0,0
2296,2017-12-23T07:12:01,0,0,0,1,0,0
2297,2017-12-23T07:12:31,0,0,0,1,0,0
2298,2017-12-23T07:13:02,0,0,0,1,0,0
2299,2017-12-23T07:13:33,0,0,0,1,0,0
2300,2017-12-23T07:14:03,0,0,0,1,0,0
2301,2017-12-23T07:14:34,0,0,0,1,0,0
2302,2017-12-23T07:15:05,0,0,0,0,0,0
2303,2017-12-23T07:15:35,0,0,0,1,0,0
2304,2017-12-23T07:16:06,0,0,0,0,0,0
2305,2017-12-23T07:16:37,0,0,0,1,0,0
2306,2017-12-23T07:17:07,0,0,0,1,0,0
2307,2017-12-23T07:17:38,0,0,0,0,0,0
2308,2017-12-23T07:18:08,0,0,0,1,0,0
2309,2017-12-23T07:18:39,0,0,0,1,0,0
2310,2017-12-23T07:19:10,0,0,0,0,0,0
2311,2017-12-23T07:19:40,0,0,0,1,0,0
2312,2017-12-23T07:20:11,0,0,0,1,0,0
2313,2017-12-23T07:20:42,0,0,0,1,0,0
2314,2017-12-23T07:21:12,0,0,0,1,0,0
2315,2017-12-23T07:21:43,0,0,0,0,0,0
2316,2017-12-23T07:22:14,0,0,0,0,0,0
2317,2017-12-23T07:22:44,0,0,0,0,0,0
2318,2017-12-23T07:23:15,0,0,0,0,0,0
2319,2017-12-23T07:23:45,0,0,0,0,0,0
2320,2017-12-23T07:24:16,0,0,0,1,0,0
2321,2017-12-23T07:24:47,0,0,0,1,0,0
2322,2017-12-23T07:25:17,0,0,0,1,0,0
2323,2017-12-23T07:25:48,0,0,0,1,0,0
2324,2017-12-23T07:26:19,0,0,0,0,0,0
2325,2017-12-23T07:26:49,0,0,0,1,1,0
2326,2017-12-23T07:27:20,0,0,0,1,0,0
2327,2017-12-23T07:27:51,0,0,0,1,0,0
2328,2017-12-23T07:28:21,0,0,0,1,0,0
2329,2017-12-23T07:28:52,0,0,0,1,0,0
2330,2017-12-23T07:29:53,0,0,0,1,0,0
2331,2017-12-23T07:30:24,0,0,0,1,0,0
2332,2017-12-23T07:30:54,0,0,0,0,0,0
2333,2017-12-23T07:31:25,0,0,0,1,0,0
2334,2017-12-23T07:31:56,0,0,0,1,0,0
2335,2017-12-23T07:32:26,0,0,0,1,0,0
2336,2017-12-23T07:32:57,0,0,0,0,0,0
2337,2017-12-23T07:33:58,0,0,0,0,0,0
2338,2017-12-23T07:34:29,0,0,0,1,0,0
2339,2017-12-23T07:34:59,0,0,0,1,0,0
2340,2017-12-23T07:35:30,0,0,0,1,0,0
2341,2017-12-23T07:36:01,0,0,0,1,0,0
2342,2017-12-23T07:36:31,0,0,0,0,0,0
2343,2017-12-23T07:37:02,0,0,0,0,0,0
2344,2017-12-23T07:37:33,0,0,0,0,0,0
2345,2017-12-23T07:38:03,0,0,0,1,0,0
2346,2017-12-23T07:38:34,0,0,0,1,1,0
2347,2017-12-23T07:39:04,0,0,0,0,1,0
2348,2017-12-23T07:39:35,0,0,0,1,0,0
2349,2017-12-23T07:40:06,0,0,0,1,0,0
2350,2017-12-23T07:40:36,0,0,0,1,0,0
2351,2017-12-23T07:41:07,0,0,0,1,0,0
2352,2017-12-23T07:41:38,0,0,0,0,0,0
2353,2017-12-23T07:42:08,0,0,0,0,0,0
2354,2017-12-23T07:42:39,0,0,0,0,0,0
2355,2017-12-23T07:43:10,0,0,0,0,0,0
2356,2017-12-23T07:43:40,0,0,0,0,0,0
2357,2017-12-23T07:44:11,0,0,0,1,0,0
2358,2017-12-23T07:44:41,0,0,0,1,0,0
2359,2017-12-23T07:45:12,0,0,0,1,0,0
2360,2017-12-23T07:45:43,0,0,0,1,0,0
2361,2017-12-23T07:46:13,0,0,0,1,1,0
2362,2017-12-23T07:46:44,0,0,0,1,0,0
2363,2017-12-23T07:47:15,0,0,0,1,0,0
2364,2017-12-23T07:47:45,0,0,0,1,1,0
2365,2017-12-23T07:48:16,0,0,0,0,0,0
2366,2017-12-23T07:48:47,0,0,0,1,0,0
2367,2017-12-23T07:49:17,0,0,0,1,0,0
2368,2017-12-23T07:49:48,0,0,0,1,0,0
2369,2017-12-23T07:50:18,0,0,0,1,1,0
2370,2017-12-23T07:50:49,0,0,0,1,0,0
2371,2017-12-23T07:51:20,0,0,0,1,1,0
2372,2017-12-23T07:51:50,0,0,0,1,0,0
2373,2017-12-23T07:52:21,0,0,0,1,0,0
2374,2017-12-23T07:52:52,0,0,0,1,0,0
2375,2017-12-23T07:53:22,0,0,0,0,0,0
2376,2017-12-23T07:53:53,0,0,0,1,0,0
2377,2017-12-23T07:54:24,0,0,0,1,1,0
2378,2017-12-23T07:54:54,0,0,0,1,0,0
2379,2017-12-23T07:55:25,0,0,0,1,0,0
2380,2017-12-23T07:55:55,0,0,0,1,1,0
2381,2017-12-23T07:56:26,0,0,0,1,1,0
2382,2017-12-23T07:56:57,0,0,0,1,0,0
2383,2017-12-23T07:57:27,0,0,0,1,0,0
2384,2017-12-23T07:57:58,0,0,0,0,0,0
2385,2017-12-23T07:58:29,0,0,0,1,1,0
2386,2017-12-23T07:58:59,0,0,0,1,1,0
2387,2017-12-23T07:59:30,0,0,0,1,0,0
2388,2017-12-23T08:00:01,0,0,0,1,0,0
2389,2017-12-23T08:01:02,0,0,0,1,0,0
2390,2017-12-23T08:01:32,0,0,0,1,1,0
2391,2017-12-23T08:02:03,0,0,0,0,1,0
2392,2017-12-23T08:02:34,0,0,0,1,1,0
2393,2017-12-23T08:03:04,0,0,0,0,1,0
2394,2017-12-23T08:03:35,0,0,0,1,1,0
2395,2017-12-23T08:04:06,0,0,0,0,1,0
2396,2017-12-23T08:04:36,0,0,0,1,1,0
2397,2017-12-23T08:05:07,0,0,0,0,1,0
2398,2017-12-23T08:05:37,0,0,0,1,1,0
2399,2017-12-23T08:06:08,0,0,0,1,1,0
2400,2017-12-23T08:06:39,0,0,0,1,1,0
2401,2017-12-23T08:07:09,0,0,0,1,1,0
2402,2017-12-23T08:07:40,0,0,0,0,0,0
2403,2017-12-23T08:08:11,0,0,0,1,0,0
2404,2017-12-23T08:08:41,0,0,0,1,1,0
2405,2017-12-23T08:09:12,0,0,0,1,1,0
2406,2017-12-23T08:09:43,0,0,0,1,1,0
2407,2017-12-23T08:10:13,0,0,0,1,1,0
2408,2017-12-23T08:10:44,0,0,0,1,1,0
2409,2017-12-23T08:11:14,0,0,0,1,1,0
2410,2017-12-23T08:11:45,0,0,0,1,1,0
2411,2017-12-23T08:12:16,0,0,0,0,1,0
2412,2017-12-23T08:12:46,0,0,0,0,1,0
2413,2017-12-23T08:13:17,0,0,0,1,1,0
2414,2017-12-23T08:13:48,0,0,0,1,1,0
2415,2017-12-23T08:14:18,0,0,0,0,1,0
2416,2017-12-23T08:14:49,0,0,0,0,1,0
2417,2017-12-23T08:15:20,0,0,0,0,1,0
2418,2017-12-23T08:15:50,0,0,0,1,1,0
2419,2017-12-23T08:16:21,0,0,0,1,1,0
2420,2017-12-23T08:16:51,0,0,0,0,1,0
2421,2017-12-23T08:17:22,0,0,0,1,1,0
2422,2017-12-23T08:17:53,0,0,0,1,1,0
2423,2017-12-23T08:18:23,0,0,0,1,1,0
2424,2017-12-23T08:18:54,0,0,0,1,1,0
2425,2017-12-23T08:19:25,0,0,0,0,1,0
2426,2017-12-23T08:19:55,0,0,0,0,1,0
2427,2017-12-23T08:20:26,0,0,0,1,1,0
2428,2017-12-23T08:20:57,0,0,0,0,1,0
2429,2017-12-23T08:21:27,0,0,0,1,1,0
2430,2017-12-23T08:21:58,0,0,0,1,1,0
2431,2017-12-23T08:22:28,0,0,0,0,1,0
2432,2017-12-23T08:22:59,0,0,0,1,1,0
2433,2017-12-23T08:23:30,0,0,0,1,1,0
2434,2017-12-23T08:24:00,0,0,0,0,1,0
2435,2017-12-23T08:24:31,0,0,0,0,1,0
2436,2017-12-23T08:25:02,0,0,0,1,1,0
2437,2017-12-23T08:25:32,0,0,0,1,1,0
2438,2017-12-23T08:26:03,0,0,0,0,1,0
2439,2017-12-23T08:26:34,0,0,0,0,1,0
2440,2017-12-23T08:27:04,0,0,0,1,1,0
2441,2017-12-23T08:27:35,0,0,0,1,1,0
2442,2017-12-23T08:28:05,0,0,0,1,1,0
2443,2017-12-23T08:28:36,0,0,0,0,1,0
2444,2017-12-23T08:29:07,0,0,0,1,1,0
2445,2017-12-23T08:29:37,0,0,0,0,1,0
2446,2017-12-23T08:30:08,0,0,0,1,1,0
2447,2017-12-23T08:30:39,0,0,0,1,1,0
2448,2017-12-23T08:31:09,0,0,0,0,1,0
2449,2017-12-23T08:31:40,0,0,0,1,1,0
2450,2017-12-23T08:32:11,0,0,0,1,1,0
2451,2017-12-23T08:32:41,0,0,0,1,1,0
2452,2017-12-23T08:33:12,0,0,0,0,1,0
2453,2017-12-23T08:33:42,0,0,0,1,1,0
2454,2017-12-23T08:34:13,0,0,0,1,1,0
2455,2017-12-23T08:34:44,0,0,0,1,1,0
2456,2017-12-23T08:35:14,0,0,0,1,1,0
2457,2017-12-23T08:35:45,0,0,0,0,1,0
2458,2017-12-23T08:36:16,0,0,0,1,1,0
2459,2017-12-23T08:36:46,0,0,0,1,1,0
2460,2017-12-23T08:37:17,0,0,0,1,1,0
2461,2017-12-23T08:37:47,0,0,0,0,1,0
2462,2017-12-23T08:38:18,0,0,0,1,1,0
2463,2017-12-23T08:38:49,0,0,0,0,1,0
2464,2017-12-23T08:39:19,0,0,0,1,1,0
2465,2017-12-23T08:39:50,0,0,0,1,1,0
2466,2017-12-23T08:40:21,0,0,0,0,1,0
2467,2017-12-23T08:40:51,0,0,0,0,1,0
2468,2017-12-23T08:41:22,0,0,0,0,1,0
2469,2017-12-23T08:41:53,0,0,0,0,1,0
2470,2017-12-23T08:42:23,0,0,0,0,1,0
2471,2017-12-23T08:42:54,0,0,0,1,1,0
2472,2017-12-23T08:43:24,0,0,0,1,1,0
2473,2017-12-23T08:43:55,0,0,0,1,1,0
2474,2017-12-23T08:44:26,0,0,0,1,1,0
2475,2017-12-23T08:44:56,0,0,0,1,1,0
2476,2017-12-23T08:45:27,0,0,0,1,1,0
2477,2017-12-23T08:45:58,0,0,0,1,1,0
2478,2017-12-23T08:46:28,0,0,0,0,1,0
2479,2017-12-23T08:46:59,0,0,0,0,1,0
2480,2017-12-23T08:47:30,0,0,0,1,1,0
2481,2017-12-23T08:48:00,0,0,0,1,1,0
2482,2017-12-23T08:48:31,0,0,0,1,1,0
2483,2017-12-23T08:49:01,0,0,0,1,1,0
2484,2017-12-23T08:49:32,0,0,0,1,1,0
2485,2017-12-23T08:50:03,0,0,0,0,1,0
2486,2017-12-23T08:50:33,0,0,0,0,1,0
2487,2017-12-23T08:51:04,0,0,0,0,1,0
2488,2017-12-23T08:51:35,0,0,0,0,1,0
2489,2017-12-23T08:52:05,0,0,0,1,1,0
2490,2017-12-23T08:52:36,0,0,0,0,1,0
2491,2017-12-23T08:53:07,0,0,0,1,1,0
2492,2017-12-23T08:53:37,0,0,0,1,1,0
2493,2017-12-23T08:54:08,0,0,0,1,1,0
2494,2017-12-23T08:54:38,0,0,0,1,1,0
2495,2017-12-23T08:55:09,0,0,0,0,1,0
2496,2017-12-23T08:55:40,0,0,0,0,1,0
2497,2017-12-23T08:56:41,0,0,0,1,1,0
2498,2017-12-23T08:57:12,0,0,0,1,1,0
2499,2017-12-23T08:57:42,0,0,0,0,1,0
2500,2017-12-23T08:58:13,0,0,0,1,1,0
2501,2017-12-23T08:58:44,0,0,0,1,1,0
2502,2017-12-23T08:59:14,0,0,0,1,1,0
2503,2017-12-23T08:59:45,0,0,0,1,1,0
2504,2017-12-23T09:00:15,0,0,0,0,1,0
2505,2017-12-23T09:00:46,0,0,0,1,1,0
2506,2017-12-23T09:01:17,0,0,0,0,1,0
2507,2017-12-23T09:01:47,0,0,0,1,1,0
2508,2017-12-23T09:02:18,0,0,0,1,1,0
2509,2017-12-23T09:02:49,0,0,0,0,1,0
2510,2017-12-23T09:03:19,0,0,0,0,1,0
2511,2017-12-23T09:03:50,0,0,0,1,1,0
2512,2017-12-23T09:04:21,0,0,0,1,1,0
2513,2017-12-23T09:04:51,0,0,0,1,1,0
2514,2017-12-23T09:05:22,0,0,0,0,1,0
2515,2017-12-23T09:05:52,0,0,0,0,1,0
2516,2017-12-23T09:06:23,0,0,0,1,1,0
2517,2017-12-23T09:06:54,0,0,0,1,1,0
2518,2017-12-23T09:07:24,0,0,0,1,1,0
2519,2017-12-23T09:07:55,0,0,0,2,1,0
2520,2017-12-23T09:08:26,0,0,0,1,1,0
2521,2017-12-23T09:08:56,0,0,0,1,1,0
2522,2017-12-23T09:09:27,0,0,0,1,1,0
2523,2017-12-23T09:09:57,0,0,0,0,1,0
2524,2017-12-23T09:10:28,0,0,0,1,1,0
2525,2017-12-23T09:10:59,0,0,0,1,1,0
2526,2017-12-23T09:11:29,0,0,0,0,1,0
2527,2017-12-23T09:12:00,0,0,0,0,1,0
2528,2017-12-23T09:12:31,0,0,0,1,1,0
2529,2017-12-23T09:13:01,0,0,0,1,1,0
2530,2017-12-23T09:13:32,0,0,0,1,1,0
2531,2017-12-23T09:14:03,0,0,0,1,1,0
2532,2017-12-23T09:14:33,0,0,0,1,1,0
2533,2017-12-23T09:15:04,0,0,0,1,1,0
2534,2017-12-23T09:15:34,0,0,0,1,1,0
2535,2017-12-23T09:16:05,0,0,0,1,1,0
2536,2017-12-23T09:16:36,0,0,0,0,1,0
2537,2017-12-23T09:17:06,0,0,0,0,0,0
2538,2017-12-23T09:17:37,0,0,0,1,1,0
2539,2017-12-23T09:18:08,0,0,0,1,1,0
2540,2017-12-23T09:18:38,0,0,0,2,1,0
2541,2017-12-23T09:19:09,0,0,0,1,1,0
2542,2017-12-23T09:19:40,0,0,0,1,1,0
2543,2017-12-23T09:20:10,0,0,0,1,1,0
2544,2017-12-23T09:20:41,0,0,0,1,1,0
2545,2017-12-23T09:21:11,0,0,0,1,0,0
2546,2017-12-23T09:21:42,0,0,0,1,1,0
2547,2017-12-23T09:22:13,0,0,0,1,1,0
2548,2017-12-23T09:22:43,0,0,0,2,1,0
2549,2017-12-23T09:23:14,0,0,0,1,1,0
2550,2017-12-23T09:23:45,0,0,0,1,1,0
2551,2017-12-23T09:24:15,0,0,0,1,1,0
2552,2017-12-23T09:24:46,0,0,0,1,1,0
2553,2017-12-23T09:25:17,0,0,0,1,1,0
2554,2017-12-23T09:25:47,0,0,0,1,1,0
2555,2017-12-23T09:26:18,0,0,0,1,1,0
2556,2017-12-23T09:26:48,0,0,0,0,1,0
2557,2017-12-23T09:27:19,0,0,0,1,1,0
2558,2017-12-23T09:27:50,0,0,0,1,1,0
2559,2017-12-23T09:28:20,0,0,0,2,1,0
2560,2017-12-23T09:28:51,0,0,0,2,1,0
2561,2017-12-23T09:29:22,0,0,0,2,1,0
2562,2017-12-23T09:29:52,0,0,0,1,1,0
2563,2017-12-23T09:30:23,0,0,0,1,1,0
2564,2017-12-23T09:30:54,0,0,0,0,1,0
2565,2017-12-23T09:31:24,0,0,0,1,1,0
2566,2017-12-23T09:31:55,0,0,0,1,1,0
2567,2017-12-23T09:32:25,0,0,0,1,1,0
2568,2017-12-23T09:32:56,0,0,0,2,1,0
2569,2017-12-23T09:33:27,0,0,0,1,1,0
2570,2017-12-23T09:33:57,0,0,0,1,1,0
2571,2017-12-23T09:34:28,0,0,0,1,1,0
2572,2017-12-23T09:34:59,0,0,0,1,1,0
2573,2017-12-23T09:35:29,0,0,0,1,1,0
2574,2017-12-23T09:36:00,0,0,0,0,1,0
2575,2017-12-23T09:36:31,0,0,0,1,1,0
2576,2017-12-23T09:37:01,0,0,0,1,0,0
2577,2017-12-23T09:37:32,0,0,0,1,1,0
2578,2017-12-23T09:38:02,0,0,0,1,1,0
2579,2017-12-23T09:38:33,0,0,0,1,1,0
2580,2017-12-23T09:39:04,0,0,0,0,1,0
2581,2017-12-23T09:39:34,0,0,0,1,1,0
2582,2017-12-23T09:40:05,0,0,0,1,1,0
2583,2017-12-23T09:40:36,0,0,0,0,1,0
2584,2017-12-23T09:41:06,0,0,0,1,1,0
2585,2017-12-23T09:41:37,0,0,0,1,1,0
2586,2017-12-23T09:42:07,0,0,0,1,1,0
2587,2017-12-23T09:42:38,0,0,0,1,1,0
2588,2017-12-23T09:43:09,0,0,0,1,1,0
2589,2017-12-23T09:43:39,0,0,0,1,1,0
2590,2017-12-23T09:44:10,0,0,0,1,0,0
2591,2017-12-23T09:44:41,0,0,0,1,0,0
2592,2017-12-23T09:45:11,0,0,0,1,1,0
2593,2017-12-23T09:45:42,0,0,0,1,1,0
2594,2017-12-23T09:46:13,0,0,0,1,1,0
2595,2017-12-23T09:46:43,0,0,0,1,1,0
2596,2017-12-23T09:47:14,0,0,0,2,1,0
2597,2017-12-23T09:47:44,0,0,0,1,1,0
2598,2017-12-23T09:48:15,0,0,0,1,1,0
2599,2017-12-23T09:48:46,0,0,0,1,1,0
2600,2017-12-23T09:49:16,0,0,0,1,1,0
2601,2017-12-23T09:49:47,0,0,0,1,1,0
2602,2017-12-23T09:50:18,0,0,0,1,1,0
2603,2017-12-23T09:50:48,0,0,0,1,1,0
2604,2017-12-23T09:51:19,0,0,0,0,1,0
2605,2017-12-23T09:51:50,0,0,0,1,0,0
2606,2017-12-23T09:52:20,0,0,0,1,1,0
2607,2017-12-23T09:52:51,0,0,0,2,1,0
2608,2017-12-23T09:53:52,0,0,0,1,0,0
2609,2017-12-23T09:54:23,0,0,0,1,0,0
2610,2017-12-23T09:54:53,0,0,0,1,0,0
2611,2017-12-23T09:55:24,0,0,0,1,0,0
2612,2017-12-23T09:55:55,0,0,0,0,1,0
2613,2017-12-23T09:56:25,0,0,0,0,1,0
2614,2017-12-23T09:56:56,0,0,0,1,0,0
2615,2017-12-23T09:57:27,0,0,0,1,0,0
2616,2017-12-23T09:57:57,0,0,0,2,0,0
2617,2017-12-23T09:58:28,0,0,0,2,0,0
2618,2017-12-23T09:58:58,0,0,0,1,1,0
2619,2017-12-23T09:59:29,0,0,0,1,1,0
2620,2017-12-23T10:00:00,0,0,0,1,1,0
2621,2017-12-23T10:00:30,0,0,0,1,1,0
2622,2017-12-23T10:01:01,0,0,0,2,1,0
2623,2017-12-23T10:01:32,0,0,0,2,0,0
2624,2017-12-23T10:02:02,0,0,0,1,0,0
2625,2017-12-23T10:02:33,0,0,0,1,0,0
2626,2017-12-23T10:03:04,0,0,0,1,0,0
2627,2017-12-23T10:03:34,0,0,0,1,1,0
2628,2017-12-23T10:04:05,0,0,0,1,1,0
2629,2017-12-23T10:04:35,0,0,0,0,1,0
2630,2017-12-23T10:05:06,0,0,0,1,1,0
2631,2017-12-23T10:05:37,0,0,0,1,0,0
2632,2017-12-23T10:06:07,0,0,0,1,0,0
2633,2017-12-23T10:06:38,0,0,0,0,0,0
2634,2017-12-23T10:07:09,0,0,0,1,0,0
2635,2017-12-23T10:07:39,0,0,0,1,0,0
2636,2017-12-23T10:08:10,0,0,0,0,0,0
2637,2017-12-23T10:08:41,0,0,0,0,0,0
2638,2017-12-23T10:09:11,0,0,0,1,0,0
2639,2017-12-23T10:09:42,0,0,0,1,1,0
2640,2017-12-23T10:10:12,0,0,0,1,0,0
2641,2017-12-23T10:10:43,0,0,0,1,1,0
2642,2017-12-23T10:11:14,0,0,0,1,1,0
2643,2017-12-23T10:11:44,0,0,0,1,0,0
2644,2017-12-23T10:12:15,0,0,0,1,1,0
2645,2017-12-23T10:12:46,0,0,0,1,1,0
2646,2017-12-23T10:13:16,0,0,0,1,0,0
2647,2017-12-23T10:13:47,0,0,0,1,1,0
2648,2017-12-23T10:14:18,0,0,0,1,1,0
2649,2017-12-23T10:14:48,0,0,0,1,1,0
2650,2017-12-23T10:15:19,0,0,0,1,1,0
2651,2017-12-23T10:15:49,0,0,0,1,1,0
2652,2017-12-23T10:16:20,0,0,0,1,1,0
2653,2017-12-23T10:16:51,0,0,0,1,0,0
2654,2017-12-23T10:17:21,0,0,0,1,0,0
2655,2017-12-23T10:17:52,0,0,0,0,0,0
2656,2017-12-23T10:18:23,0,0,0,1,1,0
2657,2017-12-23T10:18:53,0,0,0,1,0,0
2658,2017-12-23T10:19:24,0,0,0,0,0,0
2659,2017-12-23T10:19:54,0,0,0,1,0,0
2660,2017-12-23T10:20:25,0,0,0,1,0,0
2661,2017-12-23T10:20:56,0,0,0,0,0,0
2662,2017-12-23T10:21:26,0,0,0,1,0,0
2663,2017-12-23T10:21:57,0,0,0,1,0,0
2664,2017-12-23T10:22:28,0,0,0,1,1,0
2665,2017-12-23T10:22:58,0,0,0,0,1,0
2666,2017-12-23T10:23:29,0,0,0,1,0,0
2667,2017-12-23T10:24:00,0,0,0,1,0,0
2668,2017-12-23T10:24:30,0,0,0,1,0,0
2669,2017-12-23T10:25:01,0,0,0,1,0,0
2670,2017-12-23T10:25:31,0,0,0,1,0,0
2671,2017-12-23T10:26:02,0,0,0,1,0,0
2672,2017-12-23T10:26:33,0,0,0,1,1,0
2673,2017-12-23T10:27:03,0,0,0,1,1,0
2674,2017-12-23T10:27:34,0,0,0,1,1,0
2675,2017-12-23T10:28:05,0,0,0,0,1,0
2676,2017-12-23T10:28:35,0,0,0,1,1,0
2677,2017-12-23T10:29:06,0,0,0,1,1,0
2678,2017-12-23T10:29:37,0,0,0,1,1,0
2679,2017-12-23T10:30:07,0,0,0,0,0,0
2680,2017-12-23T10:30:38,0,0,0,0,1,0
2681,2017-12-23T10:31:08,0,0,0,1,0,0
2682,2017-12-23T10:31:39,0,0,0,1,0,0
2683,2017-12-23T10:32:10,0,0,0,1,1,0
2684,2017-12-23T10:32:40,0,0,0,1,0,0
2685,2017-12-23T10:33:11,0,0,0,1,0,0
2686,2017-12-23T10:33:42,0,0,0,1,0,0
2687,2017-12-23T10:34:12,0,0,0,1,0,0
2688,2017-12-23T10:34:43,0,0,0,1,0,0
2689,2017-12-23T10:35:14,0,0,0,1,0,0
2690,2017-12-23T10:35:44,0,0,0,1,0,0
2691,2017-12-23T10:36:15,0,0,0,1,0,0
2692,2017-12-23T10:36:45,0,0,0,0,1,0
2693,2017-12-23T10:37:16,0,0,0,1,1,0
2694,2017-12-23T10:37:47,0,0,0,0,1,0
2695,2017-12-23T10:38:17,0,0,0,2,1,0
2696,2017-12-23T10:38:48,0,0,0,1,1,0
2697,2017-12-23T10:39:19,0,0,0,1,0,0
2698,2017-12-23T10:39:49,0,0,0,2,1,0
2699,2017-12-23T10:40:20,0,0,0,1,0,0
2700,2017-12-23T10:40:51,0,0,0,1,0,0
2701,2017-12-23T10:41:21,0,0,0,1,1,0
2702,2017-12-23T10:41:52,0,0,0,1,1,0
2703,2017-12-23T10:42:22,0,0,0,0,1,0
2704,2017-12-23T10:42:53,0,0,0,0,1,0
2705,2017-12-23T10:43:24,0,0,0,0,1,0
2706,2017-12-23T10:43:54,0,0,0,1,1,0
2707,2017-12-23T10:44:25,0,0,0,1,1,0
2708,2017-12-23T10:44:56,0,0,0,1,0,0
2709,2017-12-23T10:45:26,0,0,0,2,0,0
2710,2017-12-23T10:45:57,0,0,0,1,1,0
2711,2017-12-23T10:46:28,0,0,0,1,1,0
2712,2017-12-23T10:46:58,0,0,0,1,1,0
2713,2017-12-23T10:47:29,0,0,0,1,1,0
2714,2017-12-23T10:47:59,0,0,0,1,1,0
2715,2017-12-23T10:48:30,0,0,0,2,1,0
2716,2017-12-23T10:49:01,0,0,0,1,1,0
2717,2017-12-23T10:50:02,0,0,0,1,1,0
2718,2017-12-23T10:50:33,0,0,0,1,1,0
2719,2017-12-23T10:51:03,0,0,0,1,1,0
2720,2017-12-23T10:51:34,0,0,0,1,1,0
2721,2017-12-23T10:52:04,0,0,0,1,1,0
2722,2017-12-23T10:52:35,0,0,0,1,1,0
2723,2017-12-23T10:53:06,0,0,0,1,1,0
2724,2017-12-23T10:53:36,0,0,0,2,1,0
2725,2017-12-23T10:54:07,0,0,0,1,0,0
2726,2017-12-23T10:54:38,0,0,0,1,1,0
2727,2017-12-23T10:55:08,0,0,0,2,1,0
2728,2017-12-23T10:55:39,0,0,0,2,1,0
2729,2017-12-23T10:56:10,0,0,0,1,1,0
2730,2017-12-23T10:56:40,0,0,0,1,1,0
2731,2017-12-23T10:57:11,0,0,0,1,1,0
2732,2017-12-23T10:57:41,0,0,0,1,1,0
2733,2017-12-23T10:58:12,0,0,1,1,1,0
2734,2017-12-23T10:58:43,0,0,0,1,1,0
2735,2017-12-23T10:59:13,0,0,0,0,1,0
2736,2017-12-23T10:59:44,0,0,0,1,1,0
2737,2017-12-23T11:00:15,0,0,1,0,1,0
2738,2017-12-23T11:00:45,0,0,0,1,0,0
2739,2017-12-23T11:01:16,0,0,0,2,1,0
2740,2017-12-23T11:01:47,0,0,0,1,1,0
2741,2017-12-23T11:02:17,0,0,0,0,1,0
2742,2017-12-23T11:02:48,0,0,0,1,1,0
2743,2017-12-23T11:03:18,0,0,0,1,1,0
2744,2017-12-23T11:03:49,0,0,0,1,0,0
2745,2017-12-23T11:04:20,0,0,0,1,0,0
2746,2017-12-23T11:04:50,0,0,0,1,1,0
2747,2017-12-23T11:05:21,0,0,0,1,0,0
2748,2017-12-23T11:05:52,0,0,0,1,0,0
2749,2017-12-23T11:06:22,0,0,0,1,1,0
2750,2017-12-23T11:06:53,0,0,0,1,0,0
2751,2017-12-23T11:07:24,0,0,0,0,0,0
2752,2017-12-23T11:07:54,0,0,0,1,1,0
2753,2017-12-23T11:08:25,0,0,0,1,1,0
2754,2017-12-23T11:08:55,0,0,0,1,1,0
2755,2017-12-23T11:09:26,0,0,0,1,1,0
2756,2017-12-23T11:09:57,0,0,1,2,0,0
2757,2017-12-23T11:10:27,0,0,1,2,0,0
2758,2017-12-23T11:10:58,0,0,1,1,1,0
2759,2017-12-23T11:11:29,0,0,1,1,1,0
2760,2017-12-23T11:11:59,0,0,1,0,1,0
2761,2017-12-23T11:12:30,0,0,1,1,0,0
2762,2017-12-23T11:13:01,0,0,1,1,0,0
2763,2017-12-23T11:13:31,0,0,1,1,1,0
2764,2017-12-23T11:14:02,0,0,1,1,0,0
2765,2017-12-23T11:14:32,0,0,1,1,0,0
2766,2017-12-23T11:15:03,0,0,0,2,0,0
2767,2017-12-23T11:15:34,0,0,0,2,0,0
2768,2017-12-23T11:16:04,0,0,0,2,0,0
2769,2017-12-23T11:16:35,0,0,1,0,1,0
2770,2017-12-23T11:17:06,0,0,1,1,1,0
2771,2017-12-23T11:17:36,0,0,1,1,1,0
2772,2017-12-23T11:18:07,0,0,1,1,1,0
2773,2017-12-23T11:18:38,0,0,1,1,1,0
2774,2017-12-23T11:19:08,0,0,1,1,1,0
2775,2017-12-23T11:19:39,0,0,1,1,1,0
2776,2017-12-23T11:20:09,0,0,1,1,1,0
2777,2017-12-23T11:20:40,0,0,1,1,0,0
2778,2017-12-23T11:21:11,0,0,1,1,0,0
2779,2017-12-23T11:21:41,0,0,1,1,0,0
2780,2017-12-23T11:22:12,0,0,1,2,1,0
2781,2017-12-23T11:22:43,0,0,1,2,1,0
2782,2017-12-23T11:23:13,0,0,1,1,1,0
2783,2017-12-23T11:23:44,0,0,1,0,1,0
2784,2017-12-23T11:24:14,0,0,1,1,1,0
2785,2017-12-23T11:24:45,0,0,1,1,1,0
2786,2017-12-23T11:25:16,0,0,1,0,1,0
2787,2017-12-23T11:25:46,0,0,1,1,1,0
2788,2017-12-23T11:26:17,0,0,1,1,1,0
2789,2017-12-23T11:26:48,0,0,1,1,1,0
2790,2017-12-23T11:27:18,0,0,1,1,1,0
2791,2017-12-23T11:27:49,0,0,1,1,1,0
2792,2017-12-23T11:28:20,0,0,1,1,1,0
2793,2017-12-23T11:28:50,0,0,1,1,1,0
2794,2017-12-23T11:29:21,0,0,1,1,1,0
2795,2017-12-23T11:29:51,0,0,1,1,1,0
2796,2017-12-23T11:30:22,0,0,1,1,1,0
2797,2017-12-23T11:30:53,0,0,1,1,1,0
2798,2017-12-23T11:31:23,0,0,1,1,1,0
2799,2017-12-23T11:31:54,0,0,1,1,1,0
2800,2017-12-23T11:32:25,0,0,1,1,0,0
2801,2017-12-23T11:32:55,0,0,1,1,1,0
2802,2017-12-23T11:33:26,0,0,1,1,1,0
2803,2017-12-23T11:33:57,0,0,1,1,1,0
2804,2017-12-23T11:34:27,0,0,1,0,0,0
2805,2017-12-23T11:34:58,0,0,1,1,1,0
2806,2017-12-23T11:35:28,0,0,1,1,1,0
2807,2017-12-23T11:35:59,0,0,1,1,1,0
2808,2017-12-23T11:36:30,0,0,1,1,1,0
2809,2017-12-23T11:37:00,0,0,1,1,1,0
2810,2017-12-23T11:37:31,0,0,1,1,1,0
2811,2017-12-23T11:38:02,0,0,1,1,1,0
2812,2017-12-23T11:38:32,0,0,1,1,1,0
2813,2017-12-23T11:39:03,0,1,1,1,1,0
2814,2017-12-23T11:39:34,0,0,1,0,1,0
2815,2017-12-23T11:40:04,0,0,1,1,1,0
2816,2017-12-23T11:40:35,0,0,1,1,1,0
2817,2017-12-23T11:41:05,0,0,1,1,0,0
2818,2017-12-23T11:41:36,0,0,1,1,1,0
2819,2017-12-23T11:42:07,0,0,1,1,1,0
2820,2017-12-23T11:42:37,0,0,1,1,0,0
2821,2017-12-23T11:43:08,0,1,1,1,0,0
2822,2017-12-23T11:43:39,0,0,1,1,1,0
2823,2017-12-23T11:44:09,0,0,1,1,1,0
2824,2017-12-23T11:44:40,0,1,1,1,1,0
2825,2017-12-23T11:45:11,0,1,1,1,0,0
2826,2017-12-23T11:46:12,0,1,1,1,1,0
2827,2017-12-23T11:46:42,0,1,1,1,1,0
2828,2017-12-23T11:47:13,0,1,1,1,0,0
2829,2017-12-23T11:47:44,0,1,1,1,1,0
2830,2017-12-23T11:48:14,0,1,1,1,1,0
2831,2017-12-23T11:48:45,0,1,1,2,1,1
2832,2017-12-23T11:49:16,1,1,1,2,1,1
2833,2017-12-23T11:49:46,1,1,1,2,1,1
2834,2017-12-23T11:50:17,1,1,1,2,1,1
2835,2017-12-23T11:50:48,1,1,1,2,1,1
2836,2017-12-23T11:51:18,1,1,1,2,1,0
2837,2017-12-23T11:51:49,1,1,1,2,1,0
2838,2017-12-23T11:52:19,1,1,1,2,1,0
2839,2017-12-23T11:52:50,1,1,1,1,1,0
2840,2017-12-23T11:53:21,1,1,1,2,1,0
2841,2017-12-23T11:53:51,1,1,1,2,1,0
2842,2017-12-23T11:54:22,1,1,1,2,1,0
2843,2017-12-23T11:54:53,1,1,1,2,1,0
2844,2017-12-23T11:55:23,1,1,1,2,1,1
2845,2017-12-23T11:55:54,1,1,1,2,1,1
2846,2017-12-23T11:56:24,1,1,1,2,1,1
2847,2017-12-23T11:56:55,1,1,1,2,1,1
2848,2017-12-23T11:57:26,1,1,1,2,1,0
2849,2017-12-23T11:57:56,1,1,1,2,1,1
2850,2017-12-23T11:58:27,1,1,1,2,1,0
2851,2017-12-23T11:58:58,1,1,1,2,1,1
2852,2017-12-23T11:59:28,1,1,1,2,1,0
2853,2017-12-23T11:59:59,1,1,1,1,1,1
2854,2017-12-23T12:00:30,1,1,1,2,1,0
2855,2017-12-23T12:01:00,1,1,1,2,1,0
2856,2017-12-23T12:01:31,1,1,1,1,1,1
2857,2017-12-23T12:02:01,1,1,1,2,1,0
2858,2017-12-23T12:02:32,1,1,1,2,1,0
2859,2017-12-23T12:03:03,1,1,1,2,1,1
2860,2017-12-23T12:03:33,1,1,1,2,1,0
2861,2017-12-23T12:04:04,1,1,1,2,1,1
2862,2017-12-23T12:04:35,1,1,1,2,1,0
2863,2017-12-23T12:05:05,1,1,1,2,1,0
2864,2017-12-23T12:05:36,1,1,1,2,1,0
2865,2017-12-23T12:06:07,1,1,1,2,1,0
2866,2017-12-23T12:06:37,1,1,1,1,1,0
2867,2017-12-23T12:07:08,1,1,1,2,1,0
2868,2017-12-23T12:07:38,1,1,1,2,1,0
2869,2017-12-23T12:08:09,1,1,1,2,1,1
2870,2017-12-23T12:08:40,1,1,1,2,1,1
2871,2017-12-23T12:09:10,1,1,1,2,1,1
2872,2017-12-23T12:09:41,1,1,1,2,1,1
2873,2017-12-23T12:10:12,1,1,1,2,1,1
2874,2017-12-23T12:10:42,1,1,1,2,1,0
2875,2017-12-23T12:11:13,1,1,1,2,1,1
2876,2017-12-23T12:11:44,1,1,1,2,1,0
2877,2017-12-23T12:12:14,1,1,1,2,1,0
2878,2017-12-23T12:12:45,1,1,1,2,1,1
2879,2017-12-23T12:13:15,1,1,1,2,1,1
2880,2017-12-23T12:13:46,1,1,1,2,1,0
2881,2017-12-23T12:14:17,1,1,1,2,1,1
2882,2017-12-23T12:14:47,1,1,1,2,1,0
2883,2017-12-23T12:15:18,1,1,1,2,1,1
2884,2017-12-23T12:15:49,1,1,1,2,1,1
2885,2017-12-23T12:16:19,1,1,1,2,1,0
2886,2017-12-23T12:16:50,1,1,1,2,1,1
2887,2017-12-23T12:17:21,1,1,1,2,1,1
2888,2017-12-23T12:17:51,1,1,1,2,1,0
2889,2017-12-23T12:18:22,1,1,1,2,1,1
2890,2017-12-23T12:18:52,1,1,1,2,1,0
2891,2017-12-23T12:19:23,1,1,1,2,1,0
2892,2017-12-23T12:19:54,1,1,1,2,1,0
2893,2017-12-23T12:20:24,1,1,1,2,1,1
2894,2017-12-23T12:20:55,1,1,1,2,1,1
2895,2017-12-23T12:21:26,1,1,1,2,1,1
2896,2017-12-23T12:21:56,1,1,1,2,1,0
2897,2017-12-23T12:22:27,1,1,1,2,1,0
2898,2017-12-23T12:22:58,1,1,1,2,1,0
2899,2017-12-23T12:23:28,1,1,1,2,1,0
2900,2017-12-23T12:23:59,1,1,1,2,1,1
2901,2017-12-23T12:24:29,1,1,1,2,1,1
2902,2017-12-23T12:25:00,1,1,1,2,1,1
2903,2017-12-23T12:25:31,1,1,1,2,1,0
2904,2017-12-23T12:26:01,1,1,1,2,1,0
2905,2017-12-23T12:26:32,1,1,1,2,1,1
2906,2017-12-23T12:27:03,1,1,1,2,1,0
2907,2017-12-23T12:27:33,1,1,1,2,1,1
2908,2017-12-23T12:28:04,1,1,1,2,1,1
2909,2017-12-23T12:28:35,1,1,1,2,1,1
2910,2017-12-23T12:29:05,1,1,1,2,1,0
2911,2017-12-23T12:29:36,1,1,1,2,1,1
2912,2017-12-23T12:30:06,1,1,1,2,1,1
2913,2017-12-23T12:30:37,1,1,1,2,1,0
2914,2017-12-23T12:31:08,1,1,1,2,1,0
2915,2017-12-23T12:31:38,1,1,1,2,1,0
2916,2017-12-23T12:32:09,1,1,1,2,1,1
2917,2017-12-23T12:32:40,1,1,1,2,1,0
2918,2017-12-23T12:33:10,1,1,1,2,1,0
2919,2017-12-23T12:33:41,1,1,1,2,1,0
2920,2017-12-23T12:34:11,1,1,1,2,1,0
2921,2017-12-23T12:34:42,1,1,1,2,1,0
2922,2017-12-23T12:35:13,1,1,1,1,1,0
2923,2017-12-23T12:35:43,1,1,1,2,1,0
2924,2017-12-23T12:36:14,1,1,1,1,1,0
2925,2017-12-23T12:36:45,1,1,1,2,1,0
2926,2017-12-23T12:37:15,1,1,1,2,1,0
2927,2017-12-23T12:37:46,1,1,1,1,1,1
2928,2017-12-23T12:38:17,1,1,1,0,1,0
2929,2017-12-23T12:38:47,1,1,1,2,1,1
2930,2017-12-23T12:39:18,1,1,1,2,1,1
2931,2017-12-23T12:39:48,1,1,1,2,1,0
2932,2017-12-23T12:40:19,1,1,1,2,1,0
2933,2017-12-23T12:40:50,1,1,1,2,1,0
2934,2017-12-23T12:41:51,1,1,1,2,1,0
2935,2017-12-23T12:42:22,1,1,1,2,1,0
2936,2017-12-23T12:42:52,1,1,1,2,1,1
2937,2017-12-23T12:43:23,1,1,1,2,1,1
2938,2017-12-23T12:43:54,1,1,1,2,1,0
2939,2017-12-23T12:44:24,1,1,1,2,1,1
2940,2017-12-23T12:44:55,1,1,1,2,1,0
2941,2017-12-23T12:45:25,1,1,1,2,1,1
2942,2017-12-23T12:45:56,1,1,1,2,1,1
2943,2017-12-23T12:46:27,1,1,1,2,1,0
2944,2017-12-23T12:46:57,1,1,1,2,1,1
2945,2017-12-23T12:47:28,1,1,1,2,1,1
2946,2017-12-23T12:47:59,1,1,1,2,1,0
2947,2017-12-23T12:48:29,1,1,1,2,1,1
2948,2017-12-23T12:49:00,1,1,1,2,1,1
2949,2017-12-23T12:49:31,1,2,1,2,1,1
2950,2017-12-23T12:50:01,1,1,1,2,1,1
2951,2017-12-23T12:50:32,1,2,1,2,1,1
2952,2017-12-23T12:51:02,1,2,1,2,1,1
2953,2017-12-23T12:51:33,1,2,1,2,1,1
2954,2017-12-23T12:52:04,1,2,1,2,1,1
2955,2017-12-23T12:52:34,1,2,1,2,1,1
2956,2017-12-23T12:53:05,1,2,1,2,1,1
2957,2017-12-23T12:53:36,1,2,1,2,1,1
2958,2017-12-23T12:54:06,1,2,1,2,1,1
2959,2017-12-23T12:54:37,1,2,1,2,1,1
2960,2017-12-23T12:55:08,1,2,1,2,1,0
2961,2017-12-23T12:55:38,1,2,1,2,1,1
2962,2017-12-23T12:56:09,1,2,1,2,1,0
2963,2017-12-23T12:56:39,1,2,1,2,1,1
2964,2017-12-23T12:57:10,1,2,1,2,1,0
2965,2017-12-23T12:57:41,1,2,1,2,1,0
2966,2017-12-23T12:58:11,1,2,1,2,1,0
2967,2017-12-23T12:58:42,1,2,1,2,1,1
2968,2017-12-23T12:59:13,1,2,1,2,1,1
2969,2017-12-23T13:00:14,1,2,1,2,1,1
2970,2017-12-23T13:00:45,1,2,1,2,1,1
2971,2017-12-23T13:01:15,1,2,1,2,1,1
2972,2017-12-23T13:01:46,1,2,1,2,1,0
2973,2017-12-23T13:02:16,1,2,1,2,1,0
2974,2017-12-23T13:02:47,1,2,1,2,1,1
2975,2017-12-23T13:03:18,1,2,1,2,1,1
2976,2017-12-23T13:03:48,1,2,1,2,1,1
2977,2017-12-23T13:04:19,1,2,1,2,1,1
2978,2017-12-23T13:04:50,1,2,1,2,1,1
2979,2017-12-23T13:05:20,1,2,1,2,1,0
2980,2017-12-23T13:05:51,1,2,1,2,1,0
2981,2017-12-23T13:06:22,1,2,1,2,1,1
2982,2017-12-23T13:06:52,1,2,1,2,1,1
2983,2017-12-23T13:07:23,1,2,1,2,2,1
2984,2017-12-23T13:07:53,1,2,1,2,2,1
2985,2017-12-23T13:08:24,1,2,1,2,2,1
2986,2017-12-23T13:08:55,1,2,1,2,2,0
2987,2017-12-23T13:09:25,1,2,1,2,2,1
2988,2017-12-23T13:09:56,1,2,1,2,2,1
2989,2017-12-23T13:10:27,1,2,1,2,2,0
2990,2017-12-23T13:10:57,1,2,1,2,2,0
2991,2017-12-23T13:11:28,1,2,1,2,2,1
2992,2017-12-23T13:11:58,1,2,1,2,2,0
2993,2017-12-23T13:12:29,1,2,1,2,2,1
2994,2017-12-23T13:13:00,1,2,1,2,2,1
2995,2017-12-23T13:13:30,1,2,1,2,2,0
2996,2017-12-23T13:14:01,1,2,1,2,2,1
2997,2017-12-23T13:14:32,1,2,1,2,2,1
2998,2017-12-23T13:15:02,1,2,1,2,2,1
2999,2017-12-23T13:15:33,1,2,1,2,2,1
3000,2017-12-23T13:16:04,1,2,1,2,2,1
3001,2017-12-23T13:16:34,1,2,1,2,2,1
3002,2017-12-23T13:17:05,1,2,1,2,2,0
3003,2017-12-23T13:17:35,1,2,1,2,2,0
3004,2017-12-23T13:18:06,1,2,1,2,2,0
3005,2017-12-23T13:18:37,1,2,1,2,2,0
3006,2017-12-23T13:19:07,1,2,1,2,2,0
3007,2017-12-23T13:19:38,1,2,1,2,2,0
3008,2017-12-23T13:20:09,1,2,1,2,2,0
3009,2017-12-23T13:20:39,1,2,1,2,2,0
3010,2017-12-23T13:21:10,1,2,1,2,2,1
3011,2017-12-23T13:21:41,1,2,1,2,2,1
3012,2017-12-23T13:22:11,1,2,1,2,2,0
3013,2017-12-23T13:22:42,1,2,1,2,2,1
3014,2017-12-23T13:23:12,1,2,1,2,2,1
3015,2017-12-23T13:23:43,1,2,1,2,2,1
3016,2017-12-23T13:24:14,1,2,1,2,2,0
3017,2017-12-23T13:24:44,1,2,1,2,2,0
3018,2017-12-23T13:25:15,1,2,1,2,2,0
3019,2017-12-23T13:25:46,1,2,1,2,2,1
3020,2017-12-23T13:26:16,1,2,1,2,2,1
3021,2017-12-23T13:26:47,1,2,1,2,2,1
3022,2017-12-23T13:27:18,1,2,1,2,2,1
3023,2017-12-23T13:27:48,1,2,1,2,2,1
3024,2017-12-23T13:28:19,1,2,1,2,2,1
3025,2017-12-23T13:28:49,1,2,1,2,2,1
3026,2017-12-23T13:29:20,1,2,1,2,2,0
3027,2017-12-23T13:29:51,1,2,1,2,2,0
3028,2017-12-23T13:30:21,1,2,1,2,2,0
3029,2017-12-23T13:30:52,1,2,1,2,2,0
3030,2017-12-23T13:31:23,1,2,1,2,2,0
3031,2017-12-23T13:31:53,1,2,1,2,2,1
3032,2017-12-23T13:32:24,1,2,1,2,2,0
3033,2017-12-23T13:32:55,1,2,1,2,2,1
3034,2017-12-23T13:33:25,1,2,1,2,2,0
3035,2017-12-23T13:33:56,1,2,1,2,2,1
3036,2017-12-23T13:34:26,1,2,1,2,2,1
3037,2017-12-23T13:34:57,1,2,1,2,2,1
3038,2017-12-23T13:35:28,1,2,1,2,2,0
3039,2017-12-23T13:35:58,1,2,1,2,2,0
3040,2017-12-23T13:36:29,1,2,1,2,2,0
3041,2017-12-23T13:37:00,1,2,1,2,2,1
3042,2017-12-23T13:38:01,1,2,1,2,2,0
3043,2017-12-23T13:38:32,1,2,1,2,2,1
3044,2017-12-23T13:39:02,1,2,1,2,2,1
3045,2017-12-23T13:39:33,1,2,1,2,2,1
3046,2017-12-23T13:40:03,1,2,1,2,2,0
3047,2017-12-23T13:40:34,1,2,1,2,2,0
3048,2017-12-23T13:41:05,1,2,1,2,2,0
3049,2017-12-23T13:41:35,1,2,1,2,2,0
3050,2017-12-23T13:42:06,1,2,1,2,2,0
3051,2017-12-23T13:42:37,1,2,1,2,2,0
3052,2017-12-23T13:43:07,1,2,1,2,2,1
3053,2017-12-23T13:43:38,1,2,1,2,2,1
3054,2017-12-23T13:44:08,1,2,1,2,2,0
3055,2017-12-23T13:44:39,1,2,1,2,2,1
3056,2017-12-23T13:45:10,1,2,1,2,2,1
3057,2017-12-23T13:45:40,1,2,1,2,2,1
3058,2017-12-23T13:46:11,1,2,1,2,2,1
3059,2017-12-23T13:46:42,1,2,1,2,2,0
3060,2017-12-23T13:47:12,1,2,1,2,2,0
3061,2017-12-23T13:47:43,1,2,1,2,2,0
3062,2017-12-23T13:48:14,1,2,1,2,2,1
3063,2017-12-23T13:48:44,1,2,1,2,2,1
3064,2017-12-23T13:49:15,1,2,1,2,2,1
3065,2017-12-23T13:49:45,1,2,1,2,2,0
3066,2017-12-23T13:50:16,1,2,1,2,2,1
3067,2017-12-23T13:50:47,1,2,1,2,2,1
3068,2017-12-23T13:51:17,1,2,1,2,2,1
3069,2017-12-23T13:51:48,1,2,1,2,2,0
3070,2017-12-23T13:52:19,1,2,1,2,2,1
3071,2017-12-23T13:52:49,1,2,1,2,2,0
3072,2017-12-23T13:53:20,1,2,1,2,2,1
3073,2017-12-23T13:53:51,1,2,1,2,2,1
3074,2017-12-23T13:54:21,1,2,1,2,2,1
3075,2017-12-23T13:54:52,1,2,1,2,2,1
3076,2017-12-23T13:55:22,1,2,1,2,2,1
3077,2017-12-23T13:55:53,1,2,1,2,2,1
3078,2017-12-23T13:56:24,1,2,1,2,2,0
3079,2017-12-23T13:56:54,1,2,1,2,2,1
3080,2017-12-23T13:57:25,1,2,1,2,2,0
3081,2017-12-23T13:57:56,1,2,1,2,2,0
3082,2017-12-23T13:58:26,1,2,1,2,2,0
3083,2017-12-23T13:58:57,1,2,1,2,2,0
3084,2017-12-23T13:59:28,1,2,1,0,2,0
3085,2017-12-23T13:59:58,1,2,1,2,2,0
3086,2017-12-23T14:00:29,1,2,1,2,2,0
3087,2017-12-23T14:00:59,1,2,1,2,2,0
3088,2017-12-23T14:01:30,1,2,1,2,2,0
3089,2017-12-23T14:02:01,1,2,1,2,2,0
3090,2017-12-23T14:02:31,1,2,1,2,2,0
3091,2017-12-23T14:03:02,1,2,1,2,2,0
3092,2017-12-23T14:03:33,1,2,1,2,2,0
3093,2017-12-23T14:04:03,1,2,1,2,2,1
3094,2017-12-23T14:04:34,1,2,1,2,2,0
3095,2017-12-23T14:05:05,1,2,1,2,2,1
3096,2017-12-23T14:05:35,1,2,1,2,2,1
3097,2017-12-23T14:06:06,1,2,1,2,2,1
3098,2017-12-23T14:07:07,1,2,1,2,2,1
3099,2017-12-23T14:07:38,1,2,1,2,2,0
3100,2017-12-23T14:08:08,1,2,1,2,2,0
3101,2017-12-23T14:08:39,1,2,1,2,2,1
3102,2017-12-23T14:09:10,1,2,1,2,2,1
3103,2017-12-23T14:09:40,1,2,1,2,2,1
3104,2017-12-23T14:10:11,0,2,1,2,2,1
3105,2017-12-23T14:10:42,0,2,1,2,2,1
3106,2017-12-23T14:11:12,0,2,1,1,2,0
3107,2017-12-23T14:11:43,0,2,1,1,2,0
3108,2017-12-23T14:12:13,0,2,1,1,2,0
3109,2017-12-23T14:12:44,0,2,1,1,2,0
3110,2017-12-23T14:13:15,0,2,1,1,2,0
3111,2017-12-23T14:13:45,0,2,1,1,2,0
3112,2017-12-23T14:14:16,0,2,1,1,2,0
3113,2017-12-23T14:14:47,0,2,1,1,2,0
3114,2017-12-23T14:15:17,0,2,1,1,2,0
3115,2017-12-23T14:15:48,0,2,1,1,2,0
3116,2017-12-23T14:16:18,0,2,1,1,2,0
3117,2017-12-23T14:16:49,0,2,1,1,2,0
3118,2017-12-23T14:17:20,0,2,1,1,2,0
3119,2017-12-23T14:17:50,0,2,1,1,2,0
3120,2017-12-23T14:18:21,0,2,1,1,2,0
3121,2017-12-23T14:18:52,0,2,1,1,2,0
3122,2017-12-23T14:19:22,0,2,1,1,2,0
3123,2017-12-23T14:19:53,0,2,1,1,2,0
3124,2017-12-23T14:20:24,0,2,1,1,2,0
3125,2017-12-23T14:20:54,0,2,1,2,2,0
3126,2017-12-23T14:21:25,0,2,1,0,2,0
3127,2017-12-23T14:21:55,0,2,1,0,2,0
3128,2017-12-23T14:22:26,0,2,1,1,2,0
3129,2017-12-23T14:22:57,0,2,1,1,2,0
3130,2017-12-23T14:23:27,0,2,1,1,2,0
3131,2017-12-23T14:23:58,0,2,1,0,2,0
3132,2017-12-23T14:24:29,0,2,1,1,2,0
3133,2017-12-23T14:24:59,0,2,1,1,2,0
3134,2017-12-23T14:25:30,0,2,1,2,2,0
3135,2017-12-23T14:26:01,0,2,1,2,2,0
3136,2017-12-23T14:26:31,0,2,1,2,2,0
3137,2017-12-23T14:27:02,0,2,1,2,2,0
3138,2017-12-23T14:27:32,0,2,1,1,2,0
3139,2017-12-23T14:28:03,0,2,1,1,2,0
3140,2017-12-23T14:28:34,0,2,1,2,2,0
3141,2017-12-23T14:29:04,0,2,1,1,2,0
3142,2017-12-23T14:29:35,0,2,1,1,2,0
3143,2017-12-23T14:30:06,0,2,1,1,2,0
3144,2017-12-23T14:30:36,0,2,1,1,2,0
3145,2017-12-23T14:31:07,0,2,1,2,2,0
3146,2017-12-23T14:31:38,0,2,1,1,2,0
3147,2017-12-23T14:32:39,0,2,1,1,2,0
3148,2017-12-23T14:33:09,0,2,1,1,2,0
3149,2017-12-23T14:33:40,0,2,1,1,2,0
3150,2017-12-23T14:34:11,0,2,1,1,2,0
3151,2017-12-23T14:34:41,0,2,1,2,2,0
3152,2017-12-23T14:35:12,0,2,1,1,2,0
3153,2017-12-23T14:35:43,0,2,1,1,2,0
3154,2017-12-23T14:36:13,0,2,1,1,2,0
3155,2017-12-23T14:36:44,0,2,1,2,2,0
3156,2017-12-23T14:37:15,0,2,1,2,2,0
3157,2017-12-23T14:37:45,0,2,1,1,2,0
3158,2017-12-23T14:38:16,0,2,1,1,2,0
3159,2017-12-23T14:38:46,0,2,1,1,2,0
3160,2017-12-23T14:39:17,0,2,1,2,2,0
3161,2017-12-23T14:39:48,0,2,1,2,2,0
3162,2017-12-23T14:40:18,0,2,1,2,2,0
3163,2017-12-23T14:40:49,0,2,1,2,2,0
3164,2017-12-23T14:41:20,0,2,1,2,2,0
3165,2017-12-23T14:41:50,0,2,1,2,2,0
3166,2017-12-23T14:42:21,0,2,1,2,2,0
3167,2017-12-23T14:42:52,0,2,1,2,2,0
3168,2017-12-23T14:43:22,0,2,1,2,2,1
3169,2017-12-23T14:43:53,0,2,1,2,2,1
3170,2017-12-23T14:44:23,0,2,1,2,2,1
3171,2017-12-23T14:44:54,0,2,1,2,2,1
3172,2017-12-23T14:45:25,0,2,1,2,2,0
3173,2017-12-23T14:45:55,0,2,1,2,2,0
3174,2017-12-23T14:46:26,0,2,1,2,2,0
3175,2017-12-23T14:46:57,0,2,1,2,2,0
3176,2017-12-23T14:47:27,0,2,1,2,2,0
3177,2017-12-23T14:47:58,0,2,1,2,2,0
3178,2017-12-23T14:48:29,0,2,1,2,2,0
3179,2017-12-23T14:48:59,0,2,1,2,2,0
3180,2017-12-23T14:49:30,0,2,1,2,2,0
3181,2017-12-23T14:50:00,0,2,1,2,2,0
3182,2017-12-23T14:50:31,0,2,1,2,2,0
3183,2017-12-23T14:51:02,0,2,1,2,2,0
3184,2017-12-23T14:51:32,0,2,1,2,2,0
3185,2017-12-23T14:52:03,0,2,1,2,2,0
3186,2017-12-23T14:52:34,0,2,1,2,2,0
3187,2017-12-23T14:53:04,0,2,1,2,2,0
3188,2017-12-23T14:53:35,0,2,1,2,2,0
3189,2017-12-23T14:54:36,0,2,1,1,2,0
3190,2017-12-23T14:55:07,0,2,1,2,2,0
3191,2017-12-23T14:55:37,0,2,1,2,2,0
3192,2017-12-23T14:56:08,0,2,1,2,2,0
3193,2017-12-23T14:56:39,0,2,1,1,2,0
3194,2017-12-23T14:57:09,0,2,1,0,2,0
3195,2017-12-23T14:57:40,0,2,1,1,2,0
3196,2017-12-23T14:58:11,0,2,1,2,2,0
3197,2017-12-23T14:58:41,0,2,0,1,2,0
3198,2017-12-23T14:59:12,0,2,0,1,2,0
3199,2017-12-23T14:59:42,0,2,0,2,2,1
3200,2017-12-23T15:00:13,0,2,0,2,2,0
3201,2017-12-23T15:00:44,0,2,0,1,2,0
3202,2017-12-23T15:01:14,0,2,0,1,2,0
3203,2017-12-23T15:01:45,0,2,0,2,2,0
3204,2017-12-23T15:02:16,0,2,0,1,2,0
3205,2017-12-23T15:02:46,0,2,0,1,2,0
3206,2017-12-23T15:03:17,0,2,1,1,2,0
3207,2017-12-23T15:03:48,0,2,1,1,2,0
3208,2017-12-23T15:04:18,0,2,1,1,2,0
3209,2017-12-23T15:04:49,0,2,1,1,2,0
3210,2017-12-23T15:05:19,0,2,1,1,2,0
3211,2017-12-23T15:05:50,0,2,1,1,2,0
3212,2017-12-23T15:06:21,0,2,1,1,2,0
3213,2017-12-23T15:06:51,0,2,0,1,2,0
3214,2017-12-23T15:07:22,0,2,0,0,2,0
3215,2017-12-23T15:07:53,0,2,0,2,2,0
3216,2017-12-23T15:08:23,0,2,0,1,2,0
3217,2017-12-23T15:08:54,0,2,0,1,2,0
3218,2017-12-23T15:09:25,0,2,0,2,2,0
3219,2017-12-23T15:09:55,0,2,0,1,2,0
3220,2017-12-23T15:10:26,0,2,0,1,2,0
3221,2017-12-23T15:10:56,0,2,0,1,2,0
3222,2017-12-23T15:11:27,0,2,0,1,2,0
3223,2017-12-23T15:11:58,0,2,0,1,2,0
3224,2017-12-23T15:12:28,0,2,0,1,2,0
3225,2017-12-23T15:12:59,0,2,0,1,2,0
3226,2017-12-23T15:13:30,0,2,0,1,2,0
3227,2017-12-23T15:14:00,0,2,0,1,2,0
3228,2017-12-23T15:14:31,0,2,0,1,2,0
3229,2017-12-23T15:15:02,0,2,0,1,2,0
3230,2017-12-23T15:15:32,0,2,0,1,2,0
3231,2017-12-23T15:16:03,0,2,0,1,2,0
3232,2017-12-23T15:16:33,0,2,0,1,2,0
3233,2017-12-23T15:17:04,0,2,0,0,2,0
3234,2017-12-23T15:17:35,0,2,0,1,2,0
3235,2017-12-23T15:18:05,0,2,0,1,2,0
3236,2017-12-23T15:18:36,0,2,0,1,2,0
3237,2017-12-23T15:19:07,0,2,0,0,2,0
3238,2017-12-23T15:19:37,0,2,0,0,2,0
3239,2017-12-23T15:20:08,0,2,0,1,2,0
3240,2017-12-23T15:20:39,0,2,0,1,2,0
3241,2017-12-23T15:21:09,0,2,0,1,2,0
3242,2017-12-23T15:21:40,0,2,0,1,2,0
3243,2017-12-23T15:22:10,0,2,0,1,2,0
3244,2017-12-23T15:22:41,0,2,0,1,2,0
3245,2017-12-23T15:23:12,0,2,0,1,2,0
3246,2017-12-23T15:23:42,0,2,0,0,2,0
3247,2017-12-23T15:24:13,0,2,0,1,2,0
3248,2017-12-23T15:24:44,0,2,0,0,2,0
3249,2017-12-23T15:25:14,0,2,0,0,2,0
3250,2017-12-23T15:25:45,0,2,0,1,2,0
3251,2017-12-23T15:26:16,0,2,1,2,2,1
3252,2017-12-23T15:26:46,1,2,1,2,2,1
3253,2017-12-23T15:27:17,1,2,1,2,2,0
3254,2017-12-23T15:28:18,1,2,1,2,2,0
3255,2017-12-23T15:28:49,1,2,1,2,2,0
3256,2017-12-23T15:29:19,1,2,1,2,2,0
3257,2017-12-23T15:29:50,1,2,1,2,2,0
3258,2017-12-23T15:30:21,1,2,1,2,2,0
3259,2017-12-23T15:30:51,1,2,1,2,2,0
3260,2017-12-23T15:31:22,1,2,1,2,2,1
3261,2017-12-23T15:31:53,1,2,1,2,2,0
3262,2017-12-23T15:32:23,1,2,1,2,2,0
3263,2017-12-23T15:32:54,1,2,1,2,2,0
3264,2017-12-23T15:33:24,1,2,1,2,2,0
3265,2017-12-23T15:33:55,1,2,1,2,2,0
3266,2017-12-23T15:34:26,1,2,1,2,2,1
3267,2017-12-23T15:34:56,1,2,1,2,2,0
3268,2017-12-23T15:35:27,1,2,1,2,2,0
3269,2017-12-23T15:35:58,1,2,1,2,2,0
3270,2017-12-23T15:36:28,1,2,1,2,1,0
3271,2017-12-23T15:36:59,1,2,1,2,2,1
3272,2017-12-23T15:37:29,1,2,1,2,2,0
3273,2017-12-23T15:38:00,1,2,1,2,1,0
3274,2017-12-23T15:38:31,1,2,1,1,2,1
3275,2017-12-23T15:39:01,1,2,1,2,2,0
3276,2017-12-23T15:39:32,1,2,1,2,2,0
3277,2017-12-23T15:40:03,1,2,1,2,2,1
3278,2017-12-23T15:40:33,1,2,1,2,2,0
3279,2017-12-23T15:41:04,1,2,1,2,2,0
3280,2017-12-23T15:41:35,1,2,1,2,2,0
3281,2017-12-23T15:42:05,1,2,1,2,2,0
3282,2017-12-23T15:42:36,1,2,1,2,2,0
3283,2017-12-23T15:43:06,1,2,1,1,2,0
3284,2017-12-23T15:43:37,1,2,1,2,2,1
3285,2017-12-23T15:44:08,1,2,1,2,2,1
3286,2017-12-23T15:44:38,1,2,1,2,2,0
3287,2017-12-23T15:45:09,1,2,1,1,2,0
3288,2017-12-23T15:45:40,1,2,1,2,2,1
3289,2017-12-23T15:46:10,1,2,1,2,2,1
3290,2017-12-23T15:46:41,1,2,1,2,2,0
3291,2017-12-23T15:47:12,1,2,1,1,2,0
3292,2017-12-23T15:47:42,1,2,1,1,2,0
3293,2017-12-23T15:48:13,1,2,1,1,2,1
3294,2017-12-23T15:48:43,1,2,1,2,2,0
3295,2017-12-23T15:49:14,1,2,1,1,2,0
3296,2017-12-23T15:49:45,1,2,1,2,2,1
3297,2017-12-23T15:50:15,1,2,1,1,2,0
3298,2017-12-23T15:50:46,1,2,1,2,2,0
3299,2017-12-23T15:51:17,1,2,1,2,2,1
3300,2017-12-23T15:51:47,1,2,1,2,2,0
3301,2017-12-23T15:52:18,1,2,1,2,2,1
3302,2017-12-23T15:52:49,1,2,1,2,2,1
3303,2017-12-23T15:53:19,1,2,1,2,2,0
3304,2017-12-23T15:53:50,1,2,1,2,2,1
3305,2017-12-23T15:54:20,1,2,1,2,2,1
3306,2017-12-23T15:54:51,1,2,1,2,2,1
3307,2017-12-23T15:55:22,1,2,1,2,2,0
3308,2017-12-23T15:55:52,1,2,1,2,2,0
3309,2017-12-23T15:56:23,1,2,1,2,2,0
3310,2017-12-23T15:56:54,1,2,1,2,2,0
3311,2017-12-23T15:57:24,1,2,1,2,2,0
3312,2017-12-23T15:57:55,1,2,1,2,2,0
3313,2017-12-23T15:58:26,1,2,1,2,2,0
3314,2017-12-23T15:58:56,1,2,1,0,2,0
3315,2017-12-23T15:59:27,1,2,1,2,2,1
3316,2017-12-23T15:59:57,1,2,1,2,2,1
3317,2017-12-23T16:00:28,1,2,1,2,2,1
3318,2017-12-23T16:00:59,1,2,1,1,2,1
3319,2017-12-23T16:01:29,1,2,1,2,2,1
3320,2017-12-23T16:02:00,1,2,1,2,2,1
3321,2017-12-23T16:02:31,1,2,1,2,2,1
3322,2017-12-23T16:03:01,1,2,1,2,2,1
3323,2017-12-23T16:03:32,1,2,1,2,2,0
3324,2017-12-23T16:04:03,1,2,1,2,2,0
3325,2017-12-23T16:04:33,1,2,1,2,2,0
3326,2017-12-23T16:05:04,1,2,1,2,2,1
3327,2017-12-23T16:05:34,1,2,1,2,2,0
3328,2017-12-23T16:06:05,1,2,1,1,2,0
3329,2017-12-23T16:06:36,1,2,1,2,2,0
3330,2017-12-23T16:07:06,1,2,1,2,2,0
3331,2017-12-23T16:07:37,1,2,1,1,2,0
3332,2017-12-23T16:08:08,1,2,1,1,2,0
3333,2017-12-23T16:08:38,1,2,1,1,2,0
3334,2017-12-23T16:09:09,1,2,1,2,2,0
3335,2017-12-23T16:09:40,1,2,1,1,2,0
3336,2017-12-23T16:10:10,1,2,1,2,2,0
3337,2017-12-23T16:10:41,1,2,1,2,2,0
3338,2017-12-23T16:11:11,1,2,1,1,2,0
3339,2017-12-23T16:11:42,1,2,1,2,2,1
3340,2017-12-23T16:12:13,1,2,1,2,2,1
3341,2017-12-23T16:12:43,1,2,1,2,2,0
3342,2017-12-23T16:13:14,1,2,1,2,2,0
3343,2017-12-23T16:13:45,1,2,1,2,2,0
3344,2017-12-23T16:14:15,1,2,1,2,2,0
3345,2017-12-23T16:14:46,1,2,1,2,2,0
3346,2017-12-23T16:15:16,1,2,1,2,2,0
3347,2017-12-23T16:15:47,1,2,1,2,2,0
3348,2017-12-23T16:16:18,1,2,1,2,2,1
3349,2017-12-23T16:16:48,1,2,1,2,2,0
3350,2017-12-23T16:17:19,1,2,1,2,2,1
3351,2017-12-23T16:17:50,1,2,1,2,2,1
3352,2017-12-23T16:18:20,1,2,1,2,2,1
3353,2017-12-23T16:18:51,1,2,1,2,2,0
3354,2017-12-23T16:19:22,1,2,1,2,2,1
3355,2017-12-23T16:19:52,1,2,1,2,2,0
3356,2017-12-23T16:20:23,1,2,1,2,2,0
3357,2017-12-23T16:20:53,1,2,1,2,2,0
3358,2017-12-23T16:21:24,1,2,1,2,2,1
3359,2017-12-23T16:21:55,1,2,1,2,2,0
3360,2017-12-23T16:22:25,1,2,1,2,2,0
3361,2017-12-23T16:22:56,1,2,1,2,2,0
3362,2017-12-23T16:23:27,1,2,1,2,2,0
3363,2017-12-23T16:24:28,1,2,1,2,2,0
3364,2017-12-23T16:24:59,1,2,1,2,2,0
3365,2017-12-23T16:25:29,1,2,1,2,2,1
3366,2017-12-23T16:26:00,1,2,1,2,2,1
3367,2017-12-23T16:26:30,1,2,1,2,2,0
3368,2017-12-23T16:27:01,1,2,1,2,2,1
3369,2017-12-23T16:27:32,1,2,1,2,2,0
3370,2017-12-23T16:28:02,1,2,1,2,2,1
3371,2017-12-23T16:28:33,1,2,1,2,2,1
3372,2017-12-23T16:29:04,1,2,1,2,2,0
3373,2017-12-23T16:29:34,1,2,1,1,2,0
3374,2017-12-23T16:30:05,1,2,1,1,2,0
3375,2017-12-23T16:30:36,1,2,1,2,2,1
3376,2017-12-23T16:31:06,1,2,1,2,2,1
3377,2017-12-23T16:31:37,1,2,1,2,2,0
3378,2017-12-23T16:32:07,1,2,1,1,2,0
3379,2017-12-23T16:32:38,1,2,1,2,2,0
3380,2017-12-23T16:33:09,1,2,1,2,2,0
3381,2017-12-23T16:33:39,1,2,1,2,2,0
3382,2017-12-23T16:34:10,1,2,1,1,2,0
3383,2017-12-23T16:34:41,1,2,1,2,2,1
3384,2017-12-23T16:35:11,1,2,1,2,2,0
3385,2017-12-23T16:35:42,1,2,1,2,2,0
3386,2017-12-23T16:36:13,1,2,1,1,2,0
3387,2017-12-23T16:36:43,1,2,1,1,2,0
3388,2017-12-23T16:37:14,1,2,1,2,2,1
3389,2017-12-23T16:37:44,1,2,1,2,2,1
3390,2017-12-23T16:40:18,1,2,1,2,2,1
3391,2017-12-23T16:40:48,1,2,1,2,2,1
3392,2017-12-23T16:41:19,1,2,1,2,2,0
3393,2017-12-23T16:41:50,1,2,1,2,2,0
3394,2017-12-23T16:42:20,1,2,1,2,2,0
3395,2017-12-23T16:42:51,1,2,1,2,2,1
3396,2017-12-23T16:43:21,1,2,1,2,2,1
3397,2017-12-23T16:43:52,1,2,1,2,2,1
3398,2017-12-23T16:44:23,1,2,1,2,2,0
3399,2017-12-23T16:44:53,1,2,1,2,2,0
3400,2017-12-23T16:45:24,1,2,1,2,2,1
3401,2017-12-23T16:45:55,1,2,1,2,2,1
3402,2017-12-23T16:46:25,1,2,1,2,2,1
3403,2017-12-23T16:46:56,1,2,1,2,2,0
3404,2017-12-23T16:47:26,1,2,1,2,2,0
3405,2017-12-23T16:47:57,1,2,1,2,2,1
3406,2017-12-23T16:48:28,1,2,1,2,2,1
3407,2017-12-23T16:48:58,1,2,1,2,2,0
3408,2017-12-23T16:49:29,1,2,1,2,2,1
3409,2017-12-23T16:50:00,1,2,1,2,2,0
3410,2017-12-23T16:50:30,1,2,1,2,2,1
3411,2017-12-23T16:51:01,1,2,1,2,2,0
3412,2017-12-23T16:51:32,1,2,1,2,2,1
3413,2017-12-23T16:52:02,1,2,1,2,2,1
3414,2017-12-23T16:52:33,1,2,1,2,2,1
3415,2017-12-23T16:53:03,1,2,1,2,2,1
3416,2017-12-23T16:53:34,1,2,1,2,2,0
3417,2017-12-23T16:54:05,1,2,1,2,2,1
3418,2017-12-23T16:54:35,1,2,1,2,2,1
3419,2017-12-23T16:55:06,1,2,1,2,2,1
3420,2017-12-23T16:55:37,1,2,1,2,2,1
3421,2017-12-23T16:56:07,1,2,1,2,2,0
3422,2017-12-23T16:56:38,1,2,1,2,2,0
3423,2017-12-23T16:57:09,1,2,1,2,2,0
3424,2017-12-23T16:57:39,1,2,1,2,2,1
3425,2017-12-23T16:58:10,1,2,1,2,2,1
3426,2017-12-23T16:58:40,1,2,1,2,2,1
3427,2017-12-23T16:59:11,1,2,1,2,2,1
3428,2017-12-23T16:59:42,1,2,1,2,2,0
3429,2017-12-23T17:00:12,1,2,1,2,2,0
3430,2017-12-23T17:00:43,1,2,1,2,2,0
3431,2017-12-23T17:01:14,1,2,1,2,2,1
3432,2017-12-23T17:01:44,1,2,1,2,2,1
3433,2017-12-23T17:02:15,1,2,1,2,2,1
3434,2017-12-23T17:02:46,1,2,1,2,2,0
3435,2017-12-23T17:03:16,1,2,1,2,2,1
3436,2017-12-23T17:03:47,1,2,1,2,2,1
3437,2017-12-23T17:04:17,1,2,1,2,2,1
3438,2017-12-23T17:04:48,1,2,1,2,2,1
3439,2017-12-23T17:05:19,1,2,1,2,2,1
3440,2017-12-23T17:05:49,1,2,1,2,2,0
3441,2017-12-23T17:06:20,1,2,1,2,2,0
3442,2017-12-23T17:06:51,1,2,1,2,2,0
3443,2017-12-23T17:07:21,1,2,1,2,2,0
3444,2017-12-23T17:07:52,1,2,1,2,2,0
3445,2017-12-23T17:08:23,1,2,1,2,2,0
3446,2017-12-23T17:08:53,1,2,1,2,2,0
3447,2017-12-23T17:09:24,1,2,1,2,2,0
3448,2017-12-23T17:09:54,1,2,1,2,2,0
3449,2017-12-23T17:10:25,1,2,1,2,2,1
3450,2017-12-23T17:10:56,1,2,1,2,2,1
3451,2017-12-23T17:11:26,1,2,1,2,2,1
3452,2017-12-23T17:11:57,1,2,1,2,2,0
3453,2017-12-23T17:12:28,1,2,1,2,2,0
3454,2017-12-23T17:12:58,1,2,1,2,2,0
3455,2017-12-23T17:13:29,1,2,1,2,2,0
3456,2017-12-23T17:14:00,1,2,1,2,2,0
3457,2017-12-23T17:14:30,1,2,1,2,2,1
3458,2017-12-23T17:15:01,1,2,1,2,2,1
3459,2017-12-23T17:15:31,1,2,1,2,2,1
3460,2017-12-23T17:16:02,1,2,1,2,2,1
3461,2017-12-23T17:16:33,1,2,1,2,2,0
3462,2017-12-23T17:17:03,1,2,1,2,2,0
3463,2017-12-23T17:17:34,1,2,1,2,2,0
3464,2017-12-23T17:18:05,1,2,1,2,2,0
3465,2017-12-23T17:18:35,1,2,1,2,2,1
3466,2017-12-23T17:19:06,1,2,1,2,2,1
3467,2017-12-23T17:20:07,1,2,1,2,2,1
3468,2017-12-23T17:20:38,1,2,1,2,2,0
3469,2017-12-23T17:21:08,1,2,1,2,2,1
3470,2017-12-23T17:21:39,1,2,1,2,2,1
3471,2017-12-23T17:22:10,1,2,1,2,2,0
3472,2017-12-23T17:22:40,1,2,1,2,2,1
3473,2017-12-23T17:23:11,1,2,1,2,2,1
3474,2017-12-23T17:23:42,1,2,1,2,2,1
3475,2017-12-23T17:24:12,1,2,1,2,2,1
3476,2017-12-23T17:24:43,1,2,1,2,2,0
3477,2017-12-23T17:25:13,1,2,1,2,2,1
3478,2017-12-23T17:25:44,1,2,1,2,2,1
3479,2017-12-23T17:26:15,1,2,1,2,2,1
3480,2017-12-23T17:26:45,1,2,1,2,2,0
3481,2017-12-23T17:27:16,1,2,1,2,2,0
3482,2017-12-23T17:27:47,1,2,1,2,2,0
3483,2017-12-23T17:28:17,1,2,1,2,2,0
3484,2017-12-23T17:28:48,1,2,1,2,2,0
3485,2017-12-23T17:29:19,1,2,1,2,2,0
3486,2017-12-23T17:29:49,1,2,1,2,2,0
3487,2017-12-23T17:30:20,1,2,1,2,2,0
3488,2017-12-23T17:30:50,1,2,1,2,2,0
3489,2017-12-23T17:31:21,1,2,1,2,2,0
3490,2017-12-23T17:31:52,1,2,1,2,2,0
3491,2017-12-23T17:32:22,1,2,1,2,2,0
3492,2017-12-23T17:32:53,1,2,1,2,2,0
3493,2017-12-23T17:33:24,1,2,1,2,2,0
3494,2017-12-23T17:33:54,1,2,1,2,2,0
3495,2017-12-23T17:34:25,1,2,1,2,2,1
3496,2017-12-23T17:34:56,1,2,1,2,2,1
3497,2017-12-23T17:35:26,1,2,1,2,2,1
3498,2017-12-23T17:35:57,1,2,1,2,2,1
3499,2017-12-23T17:36:27,1,2,1,2,2,1
3500,2017-12-23T17:36:58,1,2,1,2,2,1
3501,2017-12-23T17:37:29,1,2,1,2,2,1
3502,2017-12-23T17:37:59,1,2,1,2,2,0
3503,2017-12-23T17:38:30,1,2,1,2,2,0
3504,2017-12-23T17:39:01,1,2,1,2,2,0
3505,2017-12-23T17:39:31,1,2,1,2,2,0
3506,2017-12-23T17:40:02,1,2,1,2,2,1
3507,2017-12-23T17:40:33,1,2,1,2,2,1
3508,2017-12-23T17:41:03,1,2,1,2,2,1
3509,2017-12-23T17:41:34,1,2,1,2,2,1
3510,2017-12-23T17:42:04,1,2,1,2,2,1
3511,2017-12-23T17:42:35,1,2,1,2,2,1
3512,2017-12-23T17:43:06,1,2,1,2,2,1
3513,2017-12-23T17:43:36,1,2,1,2,2,1
3514,2017-12-23T17:44:07,1,2,1,2,2,1
3515,2017-12-23T17:44:38,1,2,1,2,2,0
3516,2017-12-23T17:45:08,1,2,1,2,2,0
3517,2017-12-23T17:45:39,1,2,1,2,2,0
3518,2017-12-23T17:46:09,1,2,1,2,2,1
3519,2017-12-23T17:46:40,1,2,1,2,2,1
3520,2017-12-23T17:47:11,1,2,1,2,2,0
3521,2017-12-23T17:47:41,1,2,1,2,2,0
3522,2017-12-23T17:48:12,1,2,1,2,2,1
3523,2017-12-23T17:48:43,1,2,1,2,2,1
3524,2017-12-23T17:49:13,1,2,1,2,2,1
3525,2017-12-23T17:49:44,1,2,1,2,2,0
3526,2017-12-23T17:50:15,1,2,1,2,2,1
3527,2017-12-23T17:50:45,1,2,1,2,2,1
3528,2017-12-23T17:51:16,1,2,1,2,2,1
3529,2017-12-23T17:51:46,1,2,1,2,2,1
3530,2017-12-23T17:52:17,1,2,1,2,2,1
3531,2017-12-23T17:52:48,1,2,1,2,2,1
3532,2017-12-23T17:53:18,1,2,1,2,2,1
3533,2017-12-23T17:53:49,1,2,1,2,2,1
3534,2017-12-23T17:54:20,1,2,1,2,2,0
3535,2017-12-23T17:54:50,1,2,1,2,2,0
3536,2017-12-23T17:55:21,1,2,1,2,2,1
3537,2017-12-23T17:55:52,1,2,1,2,2,1
3538,2017-12-23T17:56:22,1,2,1,2,2,1
3539,2017-12-23T17:56:53,1,2,1,2,2,1
3540,2017-12-23T17:57:23,1,2,1,2,2,1
3541,2017-12-23T17:57:54,1,2,1,2,2,1
3542,2017-12-23T17:58:25,1,2,1,2,2,1
3543,2017-12-23T17:58:55,1,2,1,2,2,1
3544,2017-12-23T17:59:26,1,2,1,2,2,1
3545,2017-12-23T17:59:57,1,2,1,2,2,1
3546,2017-12-23T18:00:27,1,2,1,2,2,1
3547,2017-12-23T18:00:58,1,2,1,2,2,1
3548,2017-12-23T18:01:29,1,2,1,2,2,1
3549,2017-12-23T18:01:59,1,2,1,2,2,1
3550,2017-12-23T18:02:30,1,2,1,2,2,0
3551,2017-12-23T18:03:00,1,2,1,2,2,0
3552,2017-12-23T18:03:31,1,2,1,2,2,1
3553,2017-12-23T18:04:02,1,2,1,2,2,1
3554,2017-12-23T18:04:32,1,2,1,2,2,1
3555,2017-12-23T18:05:03,1,2,1,2,2,0
3556,2017-12-23T18:05:34,1,2,1,2,2,0
3557,2017-12-23T18:06:04,1,2,1,2,2,1
3558,2017-12-23T18:06:35,1,2,1,2,2,0
3559,2017-12-23T18:07:06,1,2,1,2,2,0
3560,2017-12-23T18:07:36,1,2,1,2,2,0
3561,2017-12-23T18:08:07,1,2,1,2,2,1
3562,2017-12-23T18:08:37,1,2,1,2,2,0
3563,2017-12-23T18:09:08,1,2,1,2,2,0
3564,2017-12-23T18:09:39,1,2,1,2,2,1
3565,2017-12-23T18:10:09,1,2,1,2,2,1
3566,2017-12-23T18:10:40,1,2,1,2,2,0
3567,2017-12-23T18:11:11,1,2,1,2,2,0
3568,2017-12-23T18:11:41,1,2,1,2,2,0
3569,2017-12-23T18:12:12,1,2,1,2,2,1
3570,2017-12-23T18:12:43,1,2,1,2,2,0
3571,2017-12-23T18:13:13,1,2,1,2,2,0
3572,2017-12-23T18:13:44,1,2,1,2,2,0
3573,2017-12-23T18:14:45,1,2,1,2,2,1
3574,2017-12-23T18:15:16,1,2,1,2,2,1
3575,2017-12-23T18:15:46,1,2,1,2,2,0
3576,2017-12-23T18:16:17,1,2,1,1,2,1
3577,2017-12-23T18:16:48,1,2,1,2,2,0
3578,2017-12-23T18:17:18,1,2,1,2,2,0
3579,2017-12-23T18:17:49,1,2,1,2,2,0
3580,2017-12-23T18:18:19,1,2,1,2,2,1
3581,2017-12-23T18:18:50,1,2,1,2,2,0
3582,2017-12-23T18:19:21,1,2,1,2,2,1
3583,2017-12-23T18:19:51,1,2,1,2,2,1
3584,2017-12-23T18:20:22,1,2,1,2,2,1
3585,2017-12-23T18:20:53,1,2,1,2,2,1
3586,2017-12-23T18:21:23,1,2,1,2,2,1
3587,2017-12-23T18:21:54,1,2,1,2,2,0
3588,2017-12-23T18:22:25,1,2,1,2,2,1
3589,2017-12-23T18:22:55,1,2,1,2,2,0
3590,2017-12-23T18:23:26,1,2,1,2,2,0
3591,2017-12-23T18:24:27,1,2,1,2,2,0
3592,2017-12-23T18:24:58,1,2,1,2,2,1
3593,2017-12-23T18:25:28,1,2,1,2,2,1
3594,2017-12-23T18:25:59,1,2,1,2,2,0
3595,2017-12-23T18:26:30,1,2,1,2,2,1
3596,2017-12-23T18:27:00,1,2,1,2,2,0
3597,2017-12-23T18:27:31,1,2,1,2,2,0
3598,2017-12-23T18:28:02,1,2,1,2,2,0
3599,2017-12-23T18:28:32,1,2,1,2,2,1
3600,2017-12-23T18:29:03,1,2,1,2,2,1
3601,2017-12-23T18:29:33,1,2,1,2,2,1
3602,2017-12-23T18:30:04,1,2,1,2,2,0
3603,2017-12-23T18:30:35,1,2,1,2,2,1
3604,2017-12-23T18:31:05,1,2,1,2,2,1
3605,2017-12-23T18:31:36,1,2,1,2,2,0
3606,2017-12-23T18:32:07,1,2,1,2,2,0
3607,2017-12-23T18:32:37,1,2,1,2,2,0
3608,2017-12-23T18:33:08,1,2,1,2,2,0
3609,2017-12-23T18:33:39,1,2,1,2,2,1
3610,2017-12-23T18:34:09,1,2,1,2,2,1
3611,2017-12-23T18:34:40,1,2,1,2,2,1
3612,2017-12-23T18:35:10,1,2,1,2,2,0
3613,2017-12-23T18:35:41,1,2,1,2,2,1
3614,2017-12-23T18:36:12,1,2,1,2,2,1
3615,2017-12-23T18:36:42,1,2,1,2,2,1
3616,2017-12-23T18:37:13,1,2,1,2,2,0
3617,2017-12-23T18:37:44,1,2,1,2,2,0
3618,2017-12-23T18:38:14,1,2,1,2,2,0
3619,2017-12-23T18:38:45,1,2,1,2,2,0
3620,2017-12-23T18:39:16,1,2,1,2,2,0
3621,2017-12-23T18:39:46,1,2,1,2,2,1
3622,2017-12-23T18:40:17,1,2,1,2,2,1
3623,2017-12-23T18:40:47,1,2,1,2,2,1
3624,2017-12-23T18:41:18,1,2,1,2,2,1
3625,2017-12-23T18:41:49,1,2,1,2,2,1
3626,2017-12-23T18:42:19,1,2,1,2,2,1
3627,2017-12-23T18:42:50,1,2,1,2,2,1
3628,2017-12-23T18:43:21,1,2,1,2,2,0
3629,2017-12-23T18:43:51,1,2,1,2,2,0
3630,2017-12-23T18:44:22,1,2,1,2,2,1
3631,2017-12-23T18:44:53,1,2,1,2,2,1
3632,2017-12-23T18:45:23,1,2,1,2,2,0
3633,2017-12-23T18:45:54,1,2,1,2,2,1
3634,2017-12-23T18:46:24,1,2,1,2,2,0
3635,2017-12-23T18:46:55,1,2,1,2,2,0
3636,2017-12-23T18:47:26,1,2,1,2,2,0
3637,2017-12-23T18:47:56,1,2,1,2,2,0
3638,2017-12-23T18:48:27,1,2,1,2,2,1
3639,2017-12-23T18:48:58,1,2,1,2,2,1
3640,2017-12-23T18:49:28,1,2,1,2,2,0
3641,2017-12-23T18:49:59,1,2,1,2,2,0
3642,2017-12-23T18:50:30,1,2,1,2,2,1
3643,2017-12-23T18:51:00,1,2,1,2,2,1
3644,2017-12-23T18:51:31,1,2,1,2,2,1
3645,2017-12-23T18:52:01,1,2,1,2,2,1
3646,2017-12-23T18:52:32,1,2,1,2,2,0
3647,2017-12-23T18:53:03,1,2,1,2,2,0
3648,2017-12-23T18:53:33,1,2,1,2,2,1
3649,2017-12-23T18:54:04,1,2,1,2,2,0
3650,2017-12-23T18:54:35,1,2,1,2,2,0
3651,2017-12-23T18:55:05,1,2,1,2,2,0
3652,2017-12-23T18:55:36,1,2,1,2,2,0
3653,2017-12-23T18:56:07,1,2,1,2,2,0
3654,2017-12-23T18:56:37,1,2,1,2,2,0
3655,2017-12-23T18:57:08,1,2,1,2,2,1
3656,2017-12-23T18:57:38,1,2,1,2,2,1
3657,2017-12-23T18:58:09,1,2,1,2,2,0
3658,2017-12-23T18:58:40,1,2,1,2,2,0
3659,2017-12-23T18:59:10,1,2,1,2,2,1
3660,2017-12-23T18:59:41,1,2,1,2,2,1
3661,2017-12-23T19:00:12,1,2,1,2,2,1
3662,2017-12-23T19:00:42,1,2,1,2,2,0
3663,2017-12-23T19:01:13,1,2,1,2,2,0
3664,2017-12-23T19:01:43,1,2,1,2,2,1
3665,2017-12-23T19:02:14,1,2,1,2,2,1
3666,2017-12-23T19:02:45,1,2,1,2,2,1
3667,2017-12-23T19:03:15,1,2,1,2,2,1
3668,2017-12-23T19:03:46,1,2,1,2,2,1
3669,2017-12-23T19:04:17,1,2,1,2,2,0
3670,2017-12-23T19:04:47,1,2,1,2,2,1
3671,2017-12-23T19:05:18,1,2,1,2,2,1
3672,2017-12-23T19:05:49,1,2,1,2,2,0
3673,2017-12-23T19:06:19,1,2,1,2,2,0
3674,2017-12-23T19:06:50,1,2,1,2,2,0
3675,2017-12-23T19:07:20,1,2,1,2,2,1
3676,2017-12-23T19:07:51,1,2,1,1,2,0
3677,2017-12-23T19:08:22,1,2,1,2,2,1
3678,2017-12-23T19:09:23,1,2,1,2,2,1
3679,2017-12-23T19:09:54,1,2,1,2,2,0
3680,2017-12-23T19:10:24,1,2,1,2,2,0
3681,2017-12-23T19:10:55,1,2,1,2,2,0
3682,2017-12-23T19:11:26,1,2,1,2,2,0
3683,2017-12-23T19:11:56,1,2,1,2,2,0
3684,2017-12-23T19:12:27,1,2,1,2,2,0
3685,2017-12-23T19:12:57,1,2,1,2,2,0
3686,2017-12-23T19:13:28,1,2,1,2,2,0
3687,2017-12-23T19:13:59,1,2,1,2,2,1
3688,2017-12-23T19:14:29,1,2,1,2,2,0
3689,2017-12-23T19:15:00,1,2,1,2,2,0
3690,2017-12-23T19:15:31,1,2,1,2,2,1
3691,2017-12-23T19:16:01,1,2,1,2,2,0
3692,2017-12-23T19:16:32,1,2,1,2,2,1
3693,2017-12-23T19:17:03,1,2,1,2,2,0
3694,2017-12-23T19:17:33,1,2,1,2,2,0
3695,2017-12-23T19:18:04,1,2,1,2,2,0
3696,2017-12-23T19:18:34,1,2,1,1,2,0
3697,2017-12-23T19:19:05,1,2,1,2,2,0
3698,2017-12-23T19:19:36,1,2,1,2,2,1
3699,2017-12-23T19:20:06,1,2,1,2,2,1
3700,2017-12-23T19:20:37,1,2,1,2,2,1
3701,2017-12-23T19:21:08,1,2,1,2,2,1
3702,2017-12-23T19:21:38,1,2,1,2,2,0
3703,2017-12-23T19:22:09,1,2,1,2,2,0
3704,2017-12-23T19:22:40,1,2,1,2,2,0
3705,2017-12-23T19:23:10,1,2,1,2,2,0
3706,2017-12-23T19:23:41,1,2,1,2,2,0
3707,2017-12-23T19:24:11,1,2,1,2,2,1
3708,2017-12-23T19:24:42,1,2,1,2,2,1
3709,2017-12-23T19:25:13,1,2,1,2,2,1
3710,2017-12-23T19:25:43,1,2,1,2,2,1
3711,2017-12-23T19:26:14,1,2,1,2,2,0
3712,2017-12-23T19:26:45,1,2,1,2,2,0
3713,2017-12-23T19:27:15,1,2,1,2,2,0
3714,2017-12-23T19:27:46,1,2,1,2,2,0
3715,2017-12-23T19:28:17,1,2,1,2,2,1
3716,2017-12-23T19:28:47,1,2,1,2,2,0
3717,2017-12-23T19:29:18,1,2,1,2,2,0
3718,2017-12-23T19:29:48,1,2,1,2,2,0
3719,2017-12-23T19:30:19,1,2,1,2,2,0
3720,2017-12-23T19:30:50,1,2,1,2,2,0
3721,2017-12-23T19:31:20,1,2,1,2,2,0
3722,2017-12-23T19:31:51,1,2,1,2,2,1
3723,2017-12-23T19:32:22,1,2,1,2,2,1
3724,2017-12-23T19:32:52,1,2,1,2,2,0
3725,2017-12-23T19:33:23,1,2,1,2,2,0
3726,2017-12-23T19:33:54,1,2,1,2,2,0
3727,2017-12-23T19:34:24,1,2,1,2,2,0
3728,2017-12-23T19:34:55,1,2,1,2,2,0
3729,2017-12-23T19:35:25,1,2,1,2,2,0
3730,2017-12-23T19:35:56,1,2,1,2,2,0
3731,2017-12-23T19:36:27,1,2,1,2,2,0
3732,2017-12-23T19:36:57,1,2,1,2,2,0
3733,2017-12-23T19:37:28,1,2,1,2,2,0
3734,2017-12-23T19:37:59,1,2,1,2,2,1
3735,2017-12-23T19:38:29,1,2,1,2,2,0
3736,2017-12-23T19:39:00,1,2,1,2,2,0
3737,2017-12-23T19:39:31,1,2,1,2,2,0
3738,2017-12-23T19:40:01,1,2,1,2,2,1
3739,2017-12-23T19:40:32,1,2,1,2,2,0
3740,2017-12-23T19:41:02,1,2,1,2,2,0
3741,2017-12-23T19:41:33,1,2,1,2,2,0
3742,2017-12-23T19:42:04,1,2,1,2,2,0
3743,2017-12-23T19:42:34,1,2,1,2,2,0
3744,2017-12-23T19:43:05,1,2,1,2,2,0
3745,2017-12-23T19:43:36,1,2,1,2,2,0
3746,2017-12-23T19:44:06,1,2,1,2,2,0
3747,2017-12-23T19:44:37,1,2,1,2,2,0
3748,2017-12-23T19:45:08,1,2,1,2,2,0
3749,2017-12-23T19:45:38,1,2,1,2,2,0
3750,2017-12-23T19:46:09,1,2,1,2,2,1
3751,2017-12-23T19:46:39,1,2,1,2,2,1
3752,2017-12-23T19:47:10,1,2,1,2,2,1
3753,2017-12-23T19:47:41,1,2,1,2,2,1
3754,2017-12-23T19:48:11,1,2,1,2,2,1
3755,2017-12-23T19:48:42,1,2,1,2,2,1
3756,2017-12-23T19:49:13,1,2,1,2,2,1
3757,2017-12-23T19:49:43,1,2,1,2,2,1
3758,2017-12-23T19:50:14,1,2,1,2,2,1
3759,2017-12-23T19:50:44,1,2,1,2,2,1
3760,2017-12-23T19:51:15,1,2,1,2,2,1
3761,2017-12-23T19:51:46,1,2,1,2,2,1
3762,2017-12-23T19:52:16,0,2,0,2,2,1
3763,2017-12-23T19:52:47,0,2,0,2,2,1
3764,2017-12-23T19:53:18,0,2,0,0,2,0
3765,2017-12-23T19:53:48,0,2,0,1,2,0
3766,2017-12-23T19:54:19,0,2,0,0,2,0
3767,2017-12-23T19:54:50,0,2,0,0,2,0
3768,2017-12-23T19:55:20,0,2,0,1,2,0
3769,2017-12-23T19:55:51,0,2,0,0,2,0
3770,2017-12-23T19:56:21,0,2,0,1,2,0
3771,2017-12-23T19:56:52,0,2,0,0,2,0
3772,2017-12-23T19:57:23,0,2,0,0,2,0
3773,2017-12-23T19:57:53,0,2,0,0,2,0
3774,2017-12-23T19:58:24,0,2,0,0,2,0
3775,2017-12-23T19:58:55,0,2,0,1,2,0
3776,2017-12-23T19:59:25,0,2,0,1,2,0
3777,2017-12-23T19:59:56,0,2,0,1,2,0
3778,2017-12-23T20:00:27,0,2,0,0,2,0
3779,2017-12-23T20:00:57,0,2,0,0,2,0
3780,2017-12-23T20:01:28,0,2,0,0,2,0
3781,2017-12-23T20:01:58,0,2,0,0,2,0
3782,2017-12-23T20:02:29,0,2,0,0,2,0
3783,2017-12-23T20:03:00,0,2,0,1,2,0
3784,2017-12-23T20:03:30,0,2,0,0,2,0
3785,2017-12-23T20:04:01,0,2,0,0,2,0
3786,2017-12-23T20:04:32,0,2,0,1,2,0
3787,2017-12-23T20:05:33,0,2,0,0,2,0
3788,2017-12-23T20:06:04,0,2,0,0,2,0
3789,2017-12-23T20:06:34,0,2,0,0,2,0
3790,2017-12-23T20:07:05,0,2,0,0,2,0
3791,2017-12-23T20:07:35,0,2,0,0,2,0
3792,2017-12-23T20:08:06,0,2,0,0,2,0
3793,2017-12-23T20:08:37,0,2,0,0,2,0
3794,2017-12-23T20:09:07,0,2,0,0,2,0
3795,2017-12-23T20:09:38,0,2,0,0,2,0
3796,2017-12-23T20:10:09,0,2,0,0,2,0
3797,2017-12-23T20:10:39,0,2,0,0,2,0
3798,2017-12-23T20:11:10,0,2,0,0,2,0
3799,2017-12-23T20:11:41,0,2,0,0,2,0
3800,2017-12-23T20:12:11,0,2,0,0,2,0
3801,2017-12-23T20:12:42,0,2,0,0,2,0
3802,2017-12-23T20:13:12,0,2,0,0,2,0
3803,2017-12-23T20:13:43,0,2,0,1,2,0
3804,2017-12-23T20:14:14,0,2,0,0,2,0
3805,2017-12-23T20:14:44,0,2,0,0,2,0
3806,2017-12-23T20:15:15,0,2,0,1,2,0
3807,2017-12-23T20:15:46,0,2,0,1,2,0
3808,2017-12-23T20:16:16,0,2,0,0,2,0
3809,2017-12-23T20:16:47,0,2,0,0,2,0
3810,2017-12-23T20:17:17,0,2,0,0,2,0
3811,2017-12-23T20:17:48,0,2,0,1,2,0
3812,2017-12-23T20:18:19,0,2,0,0,2,0
3813,2017-12-23T20:18:49,0,2,0,1,2,0
3814,2017-12-23T20:19:20,0,2,0,1,2,0
3815,2017-12-23T20:19:51,0,2,0,0,2,0
3816,2017-12-23T20:20:21,0,2,0,0,2,0
3817,2017-12-23T20:20:52,0,2,0,0,2,0
3818,2017-12-23T20:21:23,0,2,0,0,2,0
3819,2017-12-23T20:21:53,0,2,0,0,2,0
3820,2017-12-23T20:22:24,0,2,0,0,2,0
3821,2017-12-23T20:22:54,0,2,0,0,2,0
3822,2017-12-23T20:23:25,0,2,0,1,2,0
3823,2017-12-23T20:23:56,0,2,0,0,2,0
3824,2017-12-23T20:24:26,0,2,0,0,2,0
3825,2017-12-23T20:24:57,0,2,0,0,2,0
3826,2017-12-23T20:25:28,0,2,0,0,2,0
3827,2017-12-23T20:25:58,0,2,0,0,2,0
3828,2017-12-23T20:26:29,0,2,0,0,2,0
3829,2017-12-23T20:27:00,0,2,0,0,2,0
3830,2017-12-23T20:27:30,0,2,0,0,2,0
3831,2017-12-23T20:28:01,0,2,0,1,2,0
3832,2017-12-23T20:28:31,0,2,0,1,2,0
3833,2017-12-23T20:29:02,0,2,0,0,2,0
3834,2017-12-23T20:29:33,0,2,0,1,2,0
3835,2017-12-23T20:30:03,0,2,0,0,2,0
3836,2017-12-23T20:30:34,0,2,0,0,2,0
3837,2017-12-23T20:31:05,0,2,0,0,2,0
3838,2017-12-23T20:31:35,0,2,0,0,2,0
3839,2017-12-23T20:32:06,0,2,0,0,2,0
3840,2017-12-23T20:32:37,0,2,0,0,2,0
3841,2017-12-23T20:33:07,0,2,0,0,2,0
3842,2017-12-23T20:33:38,0,2,0,0,2,0
3843,2017-12-23T20:34:08,0,2,0,0,2,0
3844,2017-12-23T20:34:39,0,2,0,0,2,0
3845,2017-12-23T20:35:10,0,2,0,0,2,0
3846,2017-12-23T20:35:40,0,2,0,0,2,0
3847,2017-12-23T20:36:11,0,2,0,1,2,0
3848,2017-12-23T20:36:42,0,2,0,1,2,0
3849,2017-12-23T20:37:12,0,2,0,0,2,0
3850,2017-12-23T20:37:43,0,2,0,1,2,0
3851,2017-12-23T20:38:14,0,2,0,0,2,0
3852,2017-12-23T20:38:44,0,2,0,2,2,0
3853,2017-12-23T20:39:15,0,2,0,2,2,0
3854,2017-12-23T20:39:45,0,2,0,0,2,0
3855,2017-12-23T20:40:16,0,2,0,0,2,0
3856,2017-12-23T20:40:47,0,2,0,1,2,0
3857,2017-12-23T20:41:17,0,2,0,1,2,0
3858,2017-12-23T20:41:48,0,2,0,0,2,0
3859,2017-12-23T20:42:19,0,2,0,0,2,0
3860,2017-12-23T20:42:49,0,2,0,1,2,0
3861,2017-12-23T20:43:20,0,2,0,1,2,0
3862,2017-12-23T20:43:51,0,2,0,0,2,0
3863,2017-12-23T20:44:21,0,2,0,0,2,0
3864,2017-12-23T20:44:52,0,2,0,1,2,0
3865,2017-12-23T20:45:22,0,2,0,0,2,0
3866,2017-12-23T20:45:53,0,2,0,0,2,0
3867,2017-12-23T20:46:24,0,2,0,0,2,0
3868,2017-12-23T20:46:54,0,2,0,0,2,0
3869,2017-12-23T20:47:25,0,2,0,1,2,0
3870,2017-12-23T20:47:56,0,2,0,0,2,0
3871,2017-12-23T20:48:26,0,2,0,1,2,0
3872,2017-12-23T20:48:57,0,2,0,0,2,0
3873,2017-12-23T20:49:28,0,2,0,1,2,0
3874,2017-12-23T20:49:58,0,2,0,0,2,0
3875,2017-12-23T20:50:29,0,2,0,1,2,0
3876,2017-12-23T20:50:59,0,2,0,1,2,0
3877,2017-12-23T20:51:30,0,2,0,0,2,0
3878,2017-12-23T20:52:01,0,2,0,1,2,0
3879,2017-12-23T20:52:31,0,2,0,0,2,0
3880,2017-12-23T20:53:02,0,2,0,0,2,0
3881,2017-12-23T20:53:33,0,2,0,0,2,0
3882,2017-12-23T20:54:03,0,2,0,0,2,0
3883,2017-12-23T20:54:34,0,2,0,0,2,0
3884,2017-12-23T20:55:04,0,2,0,0,2,0
3885,2017-12-23T20:55:35,0,2,0,0,2,0
3886,2017-12-23T20:56:06,0,2,0,0,2,0
3887,2017-12-23T20:56:36,0,2,0,1,2,0
3888,2017-12-23T20:57:07,0,2,0,0,2,0
3889,2017-12-23T20:57:38,0,2,0,0,2,0
3890,2017-12-23T20:58:08,0,2,0,0,2,0
3891,2017-12-23T20:58:39,0,2,0,1,2,0
3892,2017-12-23T20:59:10,0,2,0,1,2,0
3893,2017-12-23T20:59:40,0,2,0,0,2,0
3894,2017-12-23T21:00:11,0,2,0,0,2,0
3895,2017-12-23T21:01:12,0,2,0,1,2,0
3896,2017-12-23T21:01:43,0,2,0,1,2,0
3897,2017-12-23T21:02:13,0,2,0,0,2,0
3898,2017-12-23T21:02:44,0,2,0,1,2,0
3899,2017-12-23T21:03:15,0,2,0,0,2,0
3900,2017-12-23T21:03:45,0,2,0,1,2,0
3901,2017-12-23T21:04:16,0,2,0,1,2,0
3902,2017-12-23T21:04:47,0,2,0,0,2,0
3903,2017-12-23T21:05:17,0,2,0,1,2,0
3904,2017-12-23T21:05:48,0,2,0,0,2,0
3905,2017-12-23T21:06:18,0,2,0,0,2,0
3906,2017-12-23T21:06:49,0,2,0,1,2,0
3907,2017-12-23T21:07:20,0,2,0,1,2,0
3908,2017-12-23T21:07:50,0,2,0,0,2,0
3909,2017-12-23T21:08:21,0,2,0,0,2,0
3910,2017-12-23T21:08:52,0,2,0,0,2,0
3911,2017-12-23T21:09:22,0,2,0,1,2,0
3912,2017-12-23T21:09:53,0,2,0,1,2,0
3913,2017-12-23T21:10:24,0,2,0,0,2,0
3914,2017-12-23T21:10:54,0,2,0,1,2,0
3915,2017-12-23T21:11:25,0,2,0,0,2,0
3916,2017-12-23T21:11:55,0,2,0,0,2,0
3917,2017-12-23T21:12:26,0,2,0,1,2,0
3918,2017-12-23T21:12:57,0,2,0,0,2,0
3919,2017-12-23T21:13:27,0,2,0,0,2,0
3920,2017-12-23T21:13:58,0,2,0,0,2,0
3921,2017-12-23T21:14:29,0,2,0,0,2,0
3922,2017-12-23T21:14:59,0,2,0,0,2,0
3923,2017-12-23T21:15:30,0,2,0,2,2,0
3924,2017-12-23T21:16:01,0,2,0,1,2,0
3925,2017-12-23T21:16:31,0,2,0,0,2,0
3926,2017-12-23T21:17:02,0,2,0,1,2,0
3927,2017-12-23T21:17:32,0,2,0,1,2,0
3928,2017-12-23T21:18:03,0,2,0,0,2,0
3929,2017-12-23T21:18:34,0,2,0,1,2,0
3930,2017-12-23T21:19:04,0,2,0,1,2,0
3931,2017-12-23T21:19:35,0,2,0,0,2,0
3932,2017-12-23T21:20:06,0,2,0,0,2,0
3933,2017-12-23T21:20:36,0,2,0,0,2,0
3934,2017-12-23T21:21:07,0,2,0,1,2,0
3935,2017-12-23T21:21:38,0,2,0,0,2,0
3936,2017-12-23T21:22:08,0,2,0,1,2,0
3937,2017-12-23T21:22:39,0,2,0,0,2,0
3938,2017-12-23T21:23:09,0,2,0,0,2,0
3939,2017-12-23T21:23:40,0,2,0,0,2,0
3940,2017-12-23T21:24:11,0,2,0,1,2,0
3941,2017-12-23T21:24:41,0,2,0,0,2,0
3942,2017-12-23T21:25:12,0,2,0,0,2,0
3943,2017-12-23T21:25:43,0,2,0,0,2,0
3944,2017-12-23T21:26:13,0,2,0,0,2,0
3945,2017-12-23T21:26:44,0,2,0,1,2,0
3946,2017-12-23T21:27:45,0,2,0,1,2,0
3947,2017-12-23T21:28:16,0,2,0,0,2,0
3948,2017-12-23T21:28:46,0,2,0,0,2,0
3949,2017-12-23T21:29:17,0,2,0,0,2,0
3950,2017-12-23T21:29:48,0,2,0,0,2,0
3951,2017-12-23T21:30:18,0,2,0,1,2,0
3952,2017-12-23T21:30:49,0,2,0,1,2,0
3953,2017-12-23T21:31:20,0,2,0,0,2,0
3954,2017-12-23T21:31:50,0,2,0,0,2,0
3955,2017-12-23T21:32:21,0,2,0,0,2,0
3956,2017-12-23T21:32:51,0,2,0,1,2,0
3957,2017-12-23T21:33:22,0,2,0,1,2,0
3958,2017-12-23T21:33:53,0,2,0,0,2,0
3959,2017-12-23T21:34:23,0,2,0,0,2,0
3960,2017-12-23T21:34:54,0,2,0,1,2,0
3961,2017-12-23T21:35:25,0,2,0,1,2,0
3962,2017-12-23T21:35:55,0,2,0,0,2,0
3963,2017-12-23T21:36:26,0,2,0,0,2,0
3964,2017-12-23T21:36:57,0,2,0,0,2,0
3965,2017-12-23T21:37:27,0,2,0,0,2,0
3966,2017-12-23T21:37:58,0,2,0,0,2,0
3967,2017-12-23T21:38:28,0,2,0,0,2,0
3968,2017-12-23T21:38:59,0,2,0,0,2,0
3969,2017-12-23T21:39:30,0,2,0,0,2,0
3970,2017-12-23T21:40:00,0,2,0,0,2,0
3971,2017-12-23T21:40:31,0,2,0,0,2,0
3972,2017-12-23T21:41:02,0,2,0,1,2,0
3973,2017-12-23T21:41:32,0,2,0,1,2,0
3974,2017-12-23T21:42:03,0,2,0,2,2,0
3975,2017-12-23T21:42:34,0,2,0,0,2,0
3976,2017-12-23T21:43:04,0,1,0,0,2,0
3977,2017-12-23T21:43:35,0,1,0,0,2,0
3978,2017-12-23T21:44:05,0,2,0,0,2,0
3979,2017-12-23T21:44:36,0,1,0,0,2,0
3980,2017-12-23T21:45:07,0,2,0,0,2,0
3981,2017-12-23T21:45:37,0,2,0,0,2,0
3982,2017-12-23T21:46:08,0,2,0,0,2,0
3983,2017-12-23T21:46:39,0,2,0,0,2,0
3984,2017-12-23T21:47:09,0,2,0,0,2,0
3985,2017-12-23T21:47:40,0,2,0,1,2,0
3986,2017-12-23T21:48:11,0,2,0,0,2,0
3987,2017-12-23T21:48:41,0,2,0,0,2,0
3988,2017-12-23T21:49:12,0,2,0,2,2,0
3989,2017-12-23T21:49:42,0,2,0,1,2,0
3990,2017-12-23T21:50:13,0,2,0,1,2,0
3991,2017-12-23T21:50:44,0,2,0,2,2,0
3992,2017-12-23T21:51:14,0,1,0,0,2,0
3993,2017-12-23T21:51:45,0,2,0,0,2,0
3994,2017-12-23T21:52:16,0,1,0,0,2,0
3995,2017-12-23T21:52:46,0,1,0,1,2,0
3996,2017-12-23T21:53:17,0,1,0,0,2,0
3997,2017-12-23T21:53:48,0,1,0,0,2,0
3998,2017-12-23T21:54:18,0,2,0,0,2,0
3999,2017-12-23T21:54:49,0,1,0,1,2,0
4000,2017-12-23T21:55:19,0,1,0,1,2,0
4001,2017-12-23T21:55:50,0,1,0,0,2,0
4002,2017-12-23T21:56:21,0,1,0,0,2,0
4003,2017-12-23T21:57:22,0,1,0,1,2,0
4004,2017-12-23T21:57:53,0,1,0,0,2,0
4005,2017-12-23T21:58:23,0,1,0,0,2,0
4006,2017-12-23T21:58:54,0,1,0,0,2,0
4007,2017-12-23T21:59:24,0,1,0,0,2,0
4008,2017-12-23T21:59:55,0,1,0,0,2,0
4009,2017-12-23T22:00:26,0,1,0,0,2,0
4010,2017-12-23T22:00:56,0,1,0,0,2,0
4011,2017-12-23T22:01:27,0,1,0,1,2,0
4012,2017-12-23T22:01:58,0,1,0,1,2,0
4013,2017-12-23T22:02:28,0,1,0,1,2,0
4014,2017-12-23T22:02:59,0,1,0,0,2,0
4015,2017-12-23T22:03:30,0,1,0,0,2,0
4016,2017-12-23T22:04:00,0,1,0,1,2,0
4017,2017-12-23T22:04:31,0,1,0,1,2,0
4018,2017-12-23T22:05:01,0,1,0,0,2,0
4019,2017-12-23T22:05:32,0,1,0,0,2,0
4020,2017-12-23T22:06:03,0,1,0,0,2,0
4021,2017-12-23T22:06:33,0,1,0,0,2,0
4022,2017-12-23T22:07:04,0,1,0,1,2,0
4023,2017-12-23T22:07:35,0,1,0,0,2,0
4024,2017-12-23T22:08:05,0,1,0,1,2,0
4025,2017-12-23T22:08:36,0,1,0,0,2,0
4026,2017-12-23T22:09:07,0,1,0,0,2,0
4027,2017-12-23T22:09:37,0,1,0,1,2,0
4028,2017-12-23T22:10:08,0,1,0,0,2,0
4029,2017-12-23T22:10:38,0,1,0,0,2,0
4030,2017-12-23T22:11:09,0,1,0,0,2,0
4031,2017-12-23T22:11:40,0,1,0,0,2,0
4032,2017-12-23T22:12:10,0,1,0,0,2,0
4033,2017-12-23T22:12:41,0,1,0,0,2,0
4034,2017-12-23T22:13:12,0,1,0,0,2,0
4035,2017-12-23T22:13:42,0,1,0,0,2,0
4036,2017-12-23T22:14:13,0,1,0,0,2,0
4037,2017-12-23T22:14:44,0,1,0,1,2,0
4038,2017-12-23T22:15:14,0,1,0,0,2,0
4039,2017-12-23T22:15:45,0,1,0,0,2,0
4040,2017-12-23T22:16:15,0,1,0,0,2,0
4041,2017-12-23T22:16:46,0,1,0,0,2,0
4042,2017-12-23T22:17:17,0,1,0,0,2,0
4043,2017-12-23T22:17:47,0,1,0,0,2,0
4044,2017-12-23T22:18:18,0,1,0,1,2,0
4045,2017-12-23T22:18:49,0,1,0,1,2,0
4046,2017-12-23T22:19:19,0,1,0,0,2,0
4047,2017-12-23T22:19:50,0,1,0,1,2,0
4048,2017-12-23T22:20:21,0,1,0,0,2,0
4049,2017-12-23T22:20:51,0,1,0,0,2,0
4050,2017-12-23T22:21:22,0,1,0,0,2,0
4051,2017-12-23T22:21:52,0,1,0,1,2,0
4052,2017-12-23T22:22:23,0,1,0,1,2,0
4053,2017-12-23T22:22:54,0,1,0,0,2,0
4054,2017-12-23T22:23:24,0,1,0,0,2,0
4055,2017-12-23T22:23:55,0,1,0,0,2,0
4056,2017-12-23T22:24:26,0,1,0,0,2,0
4057,2017-12-23T22:24:56,0,1,0,1,2,0
4058,2017-12-23T22:25:27,0,1,0,0,2,0
4059,2017-12-23T22:25:58,0,1,0,0,2,0
4060,2017-12-23T22:26:28,0,1,0,1,2,0
4061,2017-12-23T22:26:59,0,1,0,0,2,0
4062,2017-12-23T22:27:29,0,1,0,1,2,0
4063,2017-12-23T22:28:00,0,1,0,1,2,0
4064,2017-12-23T22:28:31,0,1,0,0,2,0
4065,2017-12-23T22:29:01,0,1,0,0,2,0
4066,2017-12-23T22:29:32,0,1,0,1,1,0
4067,2017-12-23T22:30:03,0,1,0,1,1,0
4068,2017-12-23T22:30:33,0,1,0,0,1,0
4069,2017-12-23T22:31:04,0,1,0,0,1,0
4070,2017-12-23T22:31:34,0,1,0,0,1,0
4071,2017-12-23T22:32:05,0,1,0,1,1,0
4072,2017-12-23T22:32:36,0,1,0,0,1,0
4073,2017-12-23T22:33:06,0,1,0,0,1,0
4074,2017-12-23T22:33:37,0,1,0,0,1,0
4075,2017-12-23T22:34:08,0,1,0,0,1,0
4076,2017-12-23T22:34:38,0,1,0,0,1,0
4077,2017-12-23T22:35:09,0,1,0,0,1,0
4078,2017-12-23T22:35:40,0,1,0,0,1,0
4079,2017-12-23T22:36:10,0,1,0,1,1,0
4080,2017-12-23T22:36:41,0,1,0,0,1,0
4081,2017-12-23T22:37:11,0,1,0,0,1,0
4082,2017-12-23T22:37:42,0,1,0,0,1,0
4083,2017-12-23T22:38:13,0,1,0,0,1,0
4084,2017-12-23T22:38:43,0,1,0,1,1,0
4085,2017-12-23T22:39:14,0,1,0,0,1,0
4086,2017-12-23T22:39:45,0,1,0,0,1,0
4087,2017-12-23T22:40:15,0,1,0,1,1,0
4088,2017-12-23T22:40:46,0,1,0,0,1,0
4089,2017-12-23T22:41:17,0,1,0,0,1,0
4090,2017-12-23T22:41:47,0,1,0,0,1,0
4091,2017-12-23T22:42:18,0,1,0,0,1,0
4092,2017-12-23T22:42:48,0,1,0,1,1,0
4093,2017-12-23T22:43:19,0,1,0,0,1,0
4094,2017-12-23T22:43:50,0,1,0,1,1,0
4095,2017-12-23T22:44:20,0,1,0,0,1,0
4096,2017-12-23T22:44:51,0,1,0,0,1,0
4097,2017-12-23T22:45:22,0,1,0,0,1,0
4098,2017-12-23T22:45:52,0,1,0,1,1,0
4099,2017-12-23T22:46:23,0,1,0,1,1,0
4100,2017-12-23T22:46:54,0,1,0,0,1,0
4101,2017-12-23T22:47:24,0,1,0,0,1,0
4102,2017-12-23T22:47:55,0,1,0,0,1,0
4103,2017-12-23T22:48:25,0,1,0,0,1,0
4104,2017-12-23T22:48:56,0,1,0,0,1,0
4105,2017-12-23T22:49:27,0,1,0,0,1,0
4106,2017-12-23T22:49:57,0,1,0,0,1,0
4107,2017-12-23T22:50:28,0,1,0,0,1,0
4108,2017-12-23T22:50:59,0,1,0,0,1,0
4109,2017-12-23T22:51:29,0,1,0,0,1,0
4110,2017-12-23T22:52:00,0,1,0,0,1,0
4111,2017-12-23T22:52:31,0,1,0,0,1,0
4112,2017-12-23T22:53:01,0,1,0,0,1,0
4113,2017-12-23T22:53:32,0,1,0,0,1,0
4114,2017-12-23T22:54:33,0,1,0,0,1,0
4115,2017-12-23T22:55:04,0,1,0,0,1,0
4116,2017-12-23T22:55:34,0,1,0,1,1,0
4117,2017-12-23T22:56:05,0,1,0,0,1,0
4118,2017-12-23T22:56:36,0,1,0,0,1,0
4119,2017-12-23T22:57:06,0,1,0,0,1,0
4120,2017-12-23T22:57:37,0,1,0,0,1,0
4121,2017-12-23T22:58:08,0,1,0,0,1,0
4122,2017-12-23T22:58:38,0,1,0,0,1,0
4123,2017-12-23T22:59:09,0,1,0,1,1,0
4124,2017-12-23T22:59:39,0,1,0,0,1,0
4125,2017-12-23T23:00:10,0,1,0,0,1,0
4126,2017-12-23T23:00:41,0,1,0,0,1,0
4127,2017-12-23T23:01:11,0,1,0,0,1,0
4128,2017-12-23T23:01:42,0,1,0,0,1,0
4129,2017-12-23T23:02:13,0,1,0,1,1,0
4130,2017-12-23T23:02:43,0,1,0,0,1,0
4131,2017-12-23T23:03:14,0,1,0,0,1,0
4132,2017-12-23T23:03:45,0,1,0,0,1,0
4133,2017-12-23T23:04:15,0,1,0,0,1,0
4134,2017-12-23T23:04:46,0,1,0,0,1,0
4135,2017-12-23T23:05:16,0,1,0,0,1,0
4136,2017-12-23T23:05:47,0,1,0,0,1,0
4137,2017-12-23T23:06:18,0,1,0,1,1,0
4138,2017-12-23T23:06:48,0,1,0,0,1,0
4139,2017-12-23T23:07:19,0,1,0,0,1,0
4140,2017-12-23T23:07:50,0,1,0,1,1,0
4141,2017-12-23T23:08:20,0,1,0,0,1,0
4142,2017-12-23T23:08:51,0,1,0,0,1,0
4143,2017-12-23T23:09:21,0,1,0,1,1,0
4144,2017-12-23T23:09:52,0,1,0,0,1,0
4145,2017-12-23T23:10:23,0,1,0,0,1,0
4146,2017-12-23T23:10:53,0,1,0,0,1,0
4147,2017-12-23T23:11:24,0,1,0,0,1,0
4148,2017-12-23T23:11:55,0,1,0,0,1,0
4149,2017-12-23T23:12:25,0,1,0,0,1,0
4150,2017-12-23T23:12:56,0,1,0,0,1,0
4151,2017-12-23T23:13:27,0,1,0,0,1,0
4152,2017-12-23T23:13:57,0,1,0,0,1,0
4153,2017-12-23T23:14:28,0,1,0,0,1,0
4154,2017-12-23T23:14:58,0,1,0,0,1,0
4155,2017-12-23T23:15:29,0,1,0,0,1,0
4156,2017-12-23T23:16:00,0,1,0,1,1,0
4157,2017-12-23T23:16:30,0,1,0,0,1,0
4158,2017-12-23T23:17:01,0,1,0,0,1,0
4159,2017-12-23T23:17:32,0,1,0,2,1,0
4160,2017-12-23T23:18:02,0,1,0,2,1,0
4161,2017-12-23T23:18:33,0,1,0,0,1,0
4162,2017-12-23T23:19:04,0,1,0,0,1,0
4163,2017-12-23T23:19:34,0,1,0,0,1,0
4164,2017-12-23T23:20:05,0,1,0,1,1,0
4165,2017-12-23T23:20:35,0,1,0,0,1,0
4166,2017-12-23T23:21:06,0,1,0,0,1,0
4167,2017-12-23T23:21:37,0,1,0,1,1,0
4168,2017-12-23T23:22:07,0,1,0,1,1,0
4169,2017-12-23T23:22:38,0,1,0,0,1,0
4170,2017-12-23T23:23:09,0,1,0,1,1,0
4171,2017-12-23T23:23:39,0,1,0,1,1,0
4172,2017-12-23T23:24:10,0,1,0,0,1,0
4173,2017-12-23T23:24:41,0,1,0,0,1,0
4174,2017-12-23T23:25:11,0,1,0,0,1,0
4175,2017-12-23T23:25:42,0,1,0,1,1,0
4176,2017-12-23T23:26:12,0,1,0,0,1,0
4177,2017-12-23T23:26:43,0,1,0,0,1,0
4178,2017-12-23T23:27:14,0,1,0,0,1,0
4179,2017-12-23T23:27:44,0,1,0,1,1,0
4180,2017-12-23T23:28:15,0,1,0,0,1,0
4181,2017-12-23T23:28:46,0,1,0,0,1,0
4182,2017-12-23T23:29:16,0,1,0,0,1,0
4183,2017-12-23T23:29:47,0,1,0,0,1,0
4184,2017-12-23T23:30:18,0,1,0,1,1,0
4185,2017-12-23T23:30:48,0,1,0,0,1,0
4186,2017-12-23T23:31:19,0,1,0,0,1,0
4187,2017-12-23T23:31:49,0,1,0,0,1,0
4188,2017-12-23T23:32:20,0,1,0,1,1,0
4189,2017-12-23T23:32:51,0,1,0,0,1,0
4190,2017-12-23T23:33:21,0,1,0,0,1,0
4191,2017-12-23T23:33:52,0,1,0,0,1,0
4192,2017-12-23T23:34:23,0,1,0,1,1,0
4193,2017-12-23T23:34:53,0,1,0,0,1,0
4194,2017-12-23T23:35:24,0,1,0,1,1,0
4195,2017-12-23T23:35:55,0,1,0,0,1,0
4196,2017-12-23T23:36:25,0,1,0,0,1,0
4197,2017-12-23T23:36:56,0,1,0,0,1,0
4198,2017-12-23T23:37:26,0,1,0,0,1,0
4199,2017-12-23T23:37:57,0,1,0,0,1,0
4200,2017-12-23T23:38:28,0,1,0,0,1,0
4201,2017-12-23T23:38:58,0,1,0,0,1,0
4202,2017-12-23T23:39:29,0,1,0,0,1,0
4203,2017-12-23T23:40:00,0,1,0,0,1,0
4204,2017-12-23T23:40:30,0,1,0,0,1,0
4205,2017-12-23T23:41:01,0,1,0,0,1,0
4206,2017-12-23T23:41:32,0,1,0,0,1,0
4207,2017-12-23T23:42:02,0,1,0,0,1,0
4208,2017-12-23T23:42:33,0,1,0,0,1,0
4209,2017-12-23T23:43:03,0,1,0,0,1,0
4210,2017-12-23T23:43:34,0,1,0,0,1,0
4211,2017-12-23T23:44:05,0,1,0,0,1,0
4212,2017-12-23T23:44:35,0,1,0,0,1,0
4213,2017-12-23T23:45:06,0,1,0,0,1,0
4214,2017-12-23T23:45:37,0,1,0,0,1,0
4215,2017-12-23T23:46:07,0,1,0,1,1,0
4216,2017-12-23T23:46:38,0,1,0,0,1,0
4217,2017-12-23T23:47:08,0,1,0,0,1,0
4218,2017-12-23T23:47:39,0,1,0,1,1,0
4219,2017-12-23T23:48:10,0,1,0,0,1,0
4220,2017-12-23T23:48:40,0,1,0,0,1,0
4221,2017-12-23T23:49:11,0,1,0,0,1,0
4222,2017-12-23T23:49:42,0,1,0,0,1,0
4223,2017-12-23T23:50:43,0,1,0,1,1,0
4224,2017-12-23T23:51:14,0,1,0,0,1,0
4225,2017-12-23T23:51:44,0,1,0,0,1,0
4226,2017-12-23T23:52:15,0,1,0,1,1,0
4227,2017-12-23T23:52:45,0,1,0,1,1,0
4228,2017-12-23T23:53:16,0,1,0,0,1,0
4229,2017-12-23T23:53:47,0,1,0,0,1,0
4230,2017-12-23T23:54:17,0,1,0,0,1,0
4231,2017-12-23T23:54:48,0,1,0,0,1,0
4232,2017-12-23T23:55:19,0,1,0,1,1,0
4233,2017-12-23T23:56:20,0,1,0,0,1,0
4234,2017-12-23T23:56:51,0,1,0,0,1,0
4235,2017-12-23T23:57:21,0,1,0,0,1,0
4236,2017-12-23T23:57:52,0,1,0,0,1,0
4237,2017-12-23T23:58:22,0,1,0,1,1,0
4238,2017-12-23T23:58:53,0,1,0,0,1,0
4239,2017-12-23T23:59:24,0,1,0,0,1,0
4240,2017-12-23T23:59:54,0,1,0,0,1,0
4241,2017-12-24T00:00:56,0,1,0,0,1,0
4242,2017-12-24T00:01:26,0,1,0,0,1,0
4243,2017-12-24T00:01:57,0,1,0,1,1,0
4244,2017-12-24T00:02:28,0,1,0,0,1,0
4245,2017-12-24T00:02:58,0,1,0,1,1,0
4246,2017-12-24T00:03:29,0,1,0,1,1,0
4247,2017-12-24T00:03:59,0,1,0,0,1,0
4248,2017-12-24T00:04:30,0,1,0,0,1,0
4249,2017-12-24T00:05:01,0,1,0,0,1,0
4250,2017-12-24T00:05:31,0,1,0,0,1,0
4251,2017-12-24T00:06:02,0,1,0,0,1,0
4252,2017-12-24T00:06:33,0,1,0,0,1,0
4253,2017-12-24T00:07:03,0,1,0,0,1,0
4254,2017-12-24T00:07:34,0,1,0,0,1,0
4255,2017-12-24T00:08:05,0,1,0,0,1,0
4256,2017-12-24T00:08:35,0,1,0,0,1,0
4257,2017-12-24T00:09:06,0,1,0,1,1,0
4258,2017-12-24T00:09:36,0,1,0,1,1,0
4259,2017-12-24T00:10:07,0,1,0,0,1,0
4260,2017-12-24T00:10:38,0,1,0,1,1,0
4261,2017-12-24T00:11:08,0,1,0,0,1,0
4262,2017-12-24T00:11:39,0,1,0,0,1,0
4263,2017-12-24T00:12:10,0,1,0,0,1,0
4264,2017-12-24T00:12:40,0,1,0,0,1,0
4265,2017-12-24T00:13:11,0,1,0,1,1,0
4266,2017-12-24T00:13:42,0,1,0,0,1,0
4267,2017-12-24T00:14:12,0,1,0,0,1,0
4268,2017-12-24T00:14:43,0,1,0,0,1,0
4269,2017-12-24T00:15:13,0,1,0,0,1,0
4270,2017-12-24T00:15:44,0,1,0,0,1,0
4271,2017-12-24T00:16:15,0,1,0,0,1,0
4272,2017-12-24T00:16:45,0,1,0,0,1,0
4273,2017-12-24T00:17:16,0,1,0,0,1,0
4274,2017-12-24T00:17:47,0,1,0,1,1,0
4275,2017-12-24T00:18:17,0,1,0,0,1,0
4276,2017-12-24T00:18:48,0,1,0,0,1,0
4277,2017-12-24T00:19:19,0,1,0,0,1,0
4278,2017-12-24T00:19:49,0,1,0,0,1,0
4279,2017-12-24T00:20:20,0,1,0,0,1,0
4280,2017-12-24T00:20:50,0,1,0,0,1,0
4281,2017-12-24T00:21:21,0,1,0,0,1,0
4282,2017-12-24T00:21:52,0,1,0,0,1,0
4283,2017-12-24T00:22:22,0,1,0,0,1,0
4284,2017-12-24T00:22:53,0,1,0,0,1,0
4285,2017-12-24T00:23:24,0,1,0,1,1,0
4286,2017-12-24T00:23:54,0,1,0,0,1,0
4287,2017-12-24T00:24:25,0,1,0,0,1,0
4288,2017-12-24T00:24:56,0,1,0,1,1,0
4289,2017-12-24T00:25:26,0,1,0,0,1,0
4290,2017-12-24T00:25:57,0,1,0,0,1,0
4291,2017-12-24T00:26:27,0,1,0,0,1,0
4292,2017-12-24T00:26:58,0,1,0,1,1,0
4293,2017-12-24T00:27:29,0,1,0,0,1,0
4294,2017-12-24T00:27:59,0,1,0,0,1,0
4295,2017-12-24T00:28:30,0,1,0,0,1,0
4296,2017-12-24T00:29:01,0,1,0,0,1,0
4297,2017-12-24T00:29:31,0,1,0,0,1,0
4298,2017-12-24T00:30:02,0,1,0,0,1,0
4299,2017-12-24T00:30:32,0,1,0,0,1,0
4300,2017-12-24T00:31:03,0,1,0,0,1,0
4301,2017-12-24T00:31:34,0,1,0,0,1,0
4302,2017-12-24T00:32:04,0,1,0,0,1,0
4303,2017-12-24T00:32:35,0,1,0,0,1,0
4304,2017-12-24T00:33:06,0,1,0,0,1,0
4305,2017-12-24T00:33:36,0,1,0,1,1,0
4306,2017-12-24T00:34:07,0,1,0,0,1,0
4307,2017-12-24T00:34:38,0,1,0,0,1,0
4308,2017-12-24T00:35:08,0,1,0,1,1,0
4309,2017-12-24T00:35:39,0,1,0,0,1,0
4310,2017-12-24T00:36:09,0,1,0,2,1,0
4311,2017-12-24T00:36:40,0,1,0,2,1,0
4312,2017-12-24T00:37:11,0,1,0,0,1,0
4313,2017-12-24T00:37:41,0,1,0,1,1,0
4314,2017-12-24T00:38:12,0,1,0,0,1,0
4315,2017-12-24T00:38:43,0,1,0,0,1,0
4316,2017-12-24T00:39:13,0,1,0,0,1,0
4317,2017-12-24T00:39:44,0,1,0,0,1,0
4318,2017-12-24T00:40:15,0,1,0,0,1,0
4319,2017-12-24T00:40:45,0,1,0,1,1,0
4320,2017-12-24T00:41:16,0,1,0,0,1,0
4321,2017-12-24T00:42:17,0,1,0,0,1,0
4322,2017-12-24T00:42:48,0,1,0,0,1,0
4323,2017-12-24T00:43:18,0,1,0,0,1,0
4324,2017-12-24T00:43:49,0,1,0,0,1,0
4325,2017-12-24T00:44:20,0,1,0,0,1,0
4326,2017-12-24T00:44:50,0,1,0,1,1,0
4327,2017-12-24T00:45:21,0,1,0,0,1,0
4328,2017-12-24T00:45:52,0,1,0,0,1,0
4329,2017-12-24T00:46:53,0,1,0,0,1,0
4330,2017-12-24T00:47:23,0,1,0,0,1,0
4331,2017-12-24T00:47:54,0,1,0,0,1,0
4332,2017-12-24T00:48:25,0,1,0,1,1,0
4333,2017-12-24T00:48:55,0,1,0,0,1,0
4334,2017-12-24T00:49:26,0,1,0,0,1,0
4335,2017-12-24T00:49:57,0,1,0,1,1,0
4336,2017-12-24T00:50:27,0,1,0,1,1,0
4337,2017-12-24T00:50:58,0,1,0,0,1,0
4338,2017-12-24T00:51:29,0,1,0,1,1,0
4339,2017-12-24T00:51:59,0,1,0,0,1,0
4340,2017-12-24T00:52:30,0,1,0,0,1,0
4341,2017-12-24T00:53:00,0,1,0,1,1,0
4342,2017-12-24T00:53:31,0,1,0,0,1,0
4343,2017-12-24T00:54:02,0,1,0,1,1,0
4344,2017-12-24T00:54:32,0,1,0,0,1,0
4345,2017-12-24T00:55:03,0,1,0,0,1,0
4346,2017-12-24T00:55:34,0,1,0,1,1,0
4347,2017-12-24T00:56:04,0,1,0,0,1,0
4348,2017-12-24T00:56:35,0,1,0,0,1,0
4349,2017-12-24T00:57:06,0,1,0,0,1,0
4350,2017-12-24T00:57:36,0,1,0,0,1,0
4351,2017-12-24T00:58:07,0,1,0,0,1,0
4352,2017-12-24T00:58:37,0,1,0,1,1,0
4353,2017-12-24T00:59:08,0,1,0,0,1,0
4354,2017-12-24T00:59:39,0,1,0,0,1,0
4355,2017-12-24T01:00:09,0,1,0,0,1,0
4356,2017-12-24T01:00:40,0,1,0,0,1,0
4357,2017-12-24T01:01:11,0,1,0,0,1,0
4358,2017-12-24T01:01:41,0,1,0,0,1,0
4359,2017-12-24T01:02:12,0,1,0,0,1,0
4360,2017-12-24T01:02:42,0,1,0,0,1,0
4361,2017-12-24T01:03:13,0,1,0,0,1,0
4362,2017-12-24T01:03:44,0,1,0,0,1,0
4363,2017-12-24T01:04:14,0,1,0,0,1,0
4364,2017-12-24T01:04:45,0,1,0,0,1,0
4365,2017-12-24T01:05:16,0,1,0,0,1,0
4366,2017-12-24T01:05:46,0,1,0,0,1,0
4367,2017-12-24T01:06:17,0,1,0,0,1,0
4368,2017-12-24T01:06:48,0,1,0,0,1,0
4369,2017-12-24T01:07:18,0,1,0,0,1,0
4370,2017-12-24T01:07:49,0,1,0,0,1,0
4371,2017-12-24T01:08:19,0,1,0,0,1,0
4372,2017-12-24T01:08:50,0,1,0,0,1,0
4373,2017-12-24T01:09:21,0,1,0,0,1,0
4374,2017-12-24T01:09:51,0,1,0,1,1,0
4375,2017-12-24T01:10:22,0,1,0,1,1,0
4376,2017-12-24T01:10:53,0,1,0,0,1,0
4377,2017-12-24T01:11:23,0,1,0,0,1,0
4378,2017-12-24T01:11:54,0,1,0,0,1,0
4379,2017-12-24T01:12:25,0,1,0,0,1,0
4380,2017-12-24T01:12:55,0,1,0,0,1,0
4381,2017-12-24T01:13:26,0,1,0,0,1,0
4382,2017-12-24T01:13:56,0,1,0,0,1,0
4383,2017-12-24T01:14:27,0,1,0,1,1,0
4384,2017-12-24T01:14:58,0,1,0,0,1,0
4385,2017-12-24T01:15:28,0,1,0,0,1,0
4386,2017-12-24T01:15:59,0,1,0,0,1,0
4387,2017-12-24T01:16:30,0,1,0,1,1,0
4388,2017-12-24T01:17:00,0,1,0,0,1,0
4389,2017-12-24T01:17:31,0,1,0,0,1,0
4390,2017-12-24T01:18:02,0,1,0,0,1,0
4391,2017-12-24T01:18:32,0,1,0,0,1,0
4392,2017-12-24T01:19:03,0,1,0,0,1,0
4393,2017-12-24T01:19:33,0,1,0,0,1,0
4394,2017-12-24T01:20:04,0,1,0,0,1,0
4395,2017-12-24T01:20:35,0,1,0,0,1,0
4396,2017-12-24T01:21:05,0,1,0,0,1,0
4397,2017-12-24T01:21:36,0,1,0,1,1,0
4398,2017-12-24T01:22:07,0,1,0,0,1,0
4399,2017-12-24T01:22:37,0,1,0,0,1,0
4400,2017-12-24T01:23:08,0,1,0,1,1,0
4401,2017-12-24T01:23:39,0,1,0,1,1,0
4402,2017-12-24T01:24:09,0,1,0,0,1,0
4403,2017-12-24T01:24:40,0,1,0,0,1,0
4404,2017-12-24T01:25:10,0,1,0,0,1,0
4405,2017-12-24T01:25:41,0,1,0,0,1,0
4406,2017-12-24T01:26:12,0,1,0,0,1,0
4407,2017-12-24T01:26:42,0,1,0,0,1,0
4408,2017-12-24T01:27:13,0,1,0,0,1,0
4409,2017-12-24T01:27:44,0,1,0,0,1,0
4410,2017-12-24T01:28:14,0,1,0,1,1,0
4411,2017-12-24T01:28:45,0,1,0,1,1,0
4412,2017-12-24T01:29:16,0,1,0,0,1,0
4413,2017-12-24T01:29:46,0,1,0,0,1,0
4414,2017-12-24T01:30:17,0,1,0,1,1,0
4415,2017-12-24T01:30:47,0,1,0,0,1,0
4416,2017-12-24T01:31:18,0,1,0,2,1,0
4417,2017-12-24T01:31:49,0,1,0,0,1,0
4418,2017-12-24T01:32:19,0,1,0,1,1,0
4419,2017-12-24T01:32:50,0,1,0,0,1,0
4420,2017-12-24T01:33:21,0,1,0,0,1,0
4421,2017-12-24T01:33:51,0,1,0,0,1,0
4422,2017-12-24T01:34:22,0,1,0,0,1,0
4423,2017-12-24T01:34:53,0,1,0,0,1,0
4424,2017-12-24T01:35:23,0,1,0,0,1,0
4425,2017-12-24T01:35:54,0,1,0,0,1,0
4426,2017-12-24T01:36:24,0,1,0,0,1,0
4427,2017-12-24T01:36:55,0,1,0,0,1,0
4428,2017-12-24T01:37:26,0,1,0,0,1,0
4429,2017-12-24T01:37:56,0,1,0,0,1,0
4430,2017-12-24T01:38:27,0,1,0,0,1,0
4431,2017-12-24T01:38:58,0,1,0,0,1,0
4432,2017-12-24T01:39:28,0,1,0,1,1,0
4433,2017-12-24T01:39:59,0,1,0,0,1,0
4434,2017-12-24T01:40:29,0,1,0,1,1,0
4435,2017-12-24T01:41:00,0,1,0,0,1,0
4436,2017-12-24T01:41:31,0,1,0,0,1,0
4437,2017-12-24T01:42:32,0,1,0,0,1,0
4438,2017-12-24T01:43:03,0,1,0,0,1,0
4439,2017-12-24T01:43:33,0,1,0,0,1,0
4440,2017-12-24T01:44:04,0,1,0,0,1,0
4441,2017-12-24T01:44:35,0,1,0,0,1,0
4442,2017-12-24T01:45:05,0,1,0,0,1,0
4443,2017-12-24T01:45:36,0,1,0,0,1,0
4444,2017-12-24T01:46:06,0,1,0,0,1,0
4445,2017-12-24T01:46:37,0,1,0,1,1,0
4446,2017-12-24T01:47:08,0,1,0,0,1,0
4447,2017-12-24T01:47:38,0,1,0,0,1,0
4448,2017-12-24T01:48:09,0,1,0,1,1,0
4449,2017-12-24T01:48:40,0,1,0,0,1,0
4450,2017-12-24T01:49:10,0,1,0,0,1,0
4451,2017-12-24T01:49:41,0,1,0,0,1,0
4452,2017-12-24T01:50:12,0,1,0,0,1,0
4453,2017-12-24T01:50:42,0,1,0,0,1,0
4454,2017-12-24T01:51:13,0,1,0,0,1,0
4455,2017-12-24T01:51:43,0,1,0,0,1,0
4456,2017-12-24T01:52:14,0,1,0,1,1,0
4457,2017-12-24T01:52:45,0,1,0,0,1,0
4458,2017-12-24T01:53:15,0,1,0,0,1,0
4459,2017-12-24T01:53:46,0,1,0,0,1,0
4460,2017-12-24T01:54:17,0,1,0,0,1,0
4461,2017-12-24T01:54:47,0,1,0,0,1,0
4462,2017-12-24T01:55:18,0,1,0,0,1,0
4463,2017-12-24T01:55:49,0,1,0,0,1,0
4464,2017-12-24T01:56:19,0,1,0,0,1,0
4465,2017-12-24T01:56:50,0,1,0,0,1,0
4466,2017-12-24T01:57:20,0,1,0,0,1,0
4467,2017-12-24T01:57:51,0,1,0,1,1,0
4468,2017-12-24T01:58:22,0,1,0,0,1,0
4469,2017-12-24T01:58:52,0,1,0,1,1,0
4470,2017-12-24T01:59:23,0,1,0,0,1,0
4471,2017-12-24T01:59:54,0,1,0,0,1,0
4472,2017-12-24T02:00:24,0,1,0,1,1,0
4473,2017-12-24T02:00:55,0,1,0,0,1,0
4474,2017-12-24T02:01:26,0,1,0,0,1,0
4475,2017-12-24T02:01:56,0,1,0,0,1,0
4476,2017-12-24T02:02:27,0,1,0,0,1,0
4477,2017-12-24T02:02:57,0,1,0,0,1,0
4478,2017-12-24T02:03:28,0,1,0,0,1,0
4479,2017-12-24T02:03:59,0,1,0,0,1,0
4480,2017-12-24T02:04:29,0,1,0,1,1,0
4481,2017-12-24T02:05:00,0,1,0,0,1,0
4482,2017-12-24T02:05:31,0,1,0,0,1,0
4483,2017-12-24T02:06:01,0,1,0,1,1,0
4484,2017-12-24T02:06:32,0,1,0,0,1,0
4485,2017-12-24T02:07:03,0,1,0,0,1,0
4486,2017-12-24T02:07:33,0,1,0,1,1,0
4487,2017-12-24T02:08:04,0,1,0,1,1,0
4488,2017-12-24T02:08:34,0,1,0,1,1,0
4489,2017-12-24T02:09:05,0,1,0,0,1,0
4490,2017-12-24T02:09:36,0,1,0,0,1,0
4491,2017-12-24T02:10:06,0,1,0,0,1,0
4492,2017-12-24T02:10:37,0,1,0,0,1,0
4493,2017-12-24T02:11:08,0,1,0,0,1,0
4494,2017-12-24T02:11:38,0,0,0,0,1,0
4495,2017-12-24T02:12:09,0,1,0,0,1,0
4496,2017-12-24T02:12:39,0,1,0,0,1,0
4497,2017-12-24T02:13:10,0,1,0,0,1,0
4498,2017-12-24T02:13:41,0,1,0,0,1,0
4499,2017-12-24T02:14:11,0,1,0,0,1,0
4500,2017-12-24T02:14:42,0,1,0,0,1,0
4501,2017-12-24T02:15:13,0,1,0,0,1,0
4502,2017-12-24T02:15:43,0,1,0,0,1,0
4503,2017-12-24T02:16:14,0,1,0,0,1,0
4504,2017-12-24T02:16:45,0,1,0,0,1,0
4505,2017-12-24T02:17:15,0,1,0,0,1,0
4506,2017-12-24T02:17:46,0,1,0,0,1,0
4507,2017-12-24T02:18:16,0,1,0,1,1,0
4508,2017-12-24T02:18:47,0,1,0,0,1,0
4509,2017-12-24T02:19:18,0,1,0,0,1,0
4510,2017-12-24T02:19:48,0,1,0,0,1,0
4511,2017-12-24T02:20:19,0,1,0,0,1,0
4512,2017-12-24T02:20:50,0,1,0,0,1,0
4513,2017-12-24T02:21:20,0,1,0,0,1,0
4514,2017-12-24T02:21:51,0,1,0,0,1,0
4515,2017-12-24T02:22:22,0,1,0,1,1,0
4516,2017-12-24T02:22:52,0,1,0,1,1,0
4517,2017-12-24T02:23:23,0,1,0,0,1,0
4518,2017-12-24T02:23:53,0,1,0,0,1,0
4519,2017-12-24T02:24:24,0,1,0,0,1,0
4520,2017-12-24T02:24:55,0,0,0,1,1,0
4521,2017-12-24T02:25:25,0,1,0,0,1,0
4522,2017-12-24T02:25:56,0,1,0,0,1,0
4523,2017-12-24T02:26:27,0,1,0,0,1,0
4524,2017-12-24T02:26:57,0,0,0,0,1,0
4525,2017-12-24T02:27:28,0,1,0,0,1,0
4526,2017-12-24T02:27:59,0,1,0,0,1,0
4527,2017-12-24T02:28:29,0,0,0,0,1,0
4528,2017-12-24T02:29:00,0,1,0,0,1,0
4529,2017-12-24T02:29:30,0,0,0,0,1,0
4530,2017-12-24T02:30:01,0,0,0,0,1,0
4531,2017-12-24T02:30:32,0,1,0,1,1,0
4532,2017-12-24T02:31:02,0,0,0,0,1,0
4533,2017-12-24T02:31:33,0,0,0,0,1,0
4534,2017-12-24T02:32:04,0,0,0,0,1,0
4535,2017-12-24T02:32:34,0,0,0,0,1,0
4536,2017-12-24T02:33:05,0,0,0,0,1,0
4537,2017-12-24T02:33:36,0,0,0,0,1,0
4538,2017-12-24T02:34:06,0,0,0,1,1,0
4539,2017-12-24T02:34:37,0,0,0,0,1,0
4540,2017-12-24T02:35:07,0,0,0,0,1,0
4541,2017-12-24T02:35:38,0,0,0,0,1,0
4542,2017-12-24T02:36:09,0,0,0,0,1,0
4543,2017-12-24T02:36:39,0,0,0,0,1,0
4544,2017-12-24T02:37:10,0,0,0,1,1,0
4545,2017-12-24T02:37:41,0,0,0,0,1,0
4546,2017-12-24T02:38:11,0,0,0,0,1,0
4547,2017-12-24T02:38:42,0,0,0,0,1,0
4548,2017-12-24T02:39:13,0,0,0,0,1,0
4549,2017-12-24T02:40:14,0,0,0,0,1,0
4550,2017-12-24T02:40:44,0,0,0,0,1,0
4551,2017-12-24T02:41:15,0,0,0,0,1,0
4552,2017-12-24T02:41:46,0,0,0,0,1,0
4553,2017-12-24T02:42:16,0,0,0,0,1,0
4554,2017-12-24T02:42:47,0,0,0,0,1,0
4555,2017-12-24T02:43:18,0,0,0,0,1,0
4556,2017-12-24T02:43:48,0,0,0,0,1,0
4557,2017-12-24T02:44:19,0,0,0,1,1,0
4558,2017-12-24T02:44:49,0,0,0,0,1,0
4559,2017-12-24T02:45:20,0,0,0,0,1,0
4560,2017-12-24T02:45:51,0,0,0,1,1,0
4561,2017-12-24T02:46:21,0,0,0,1,1,0
4562,2017-12-24T02:46:52,0,0,0,0,1,0
4563,2017-12-24T02:47:23,0,0,0,0,1,0
4564,2017-12-24T02:47:53,0,0,0,1,1,0
4565,2017-12-24T02:48:24,0,0,0,0,1,0
4566,2017-12-24T02:48:55,0,0,0,1,1,0
4567,2017-12-24T02:49:25,0,0,0,0,1,0
4568,2017-12-24T02:49:56,0,0,0,1,1,0
4569,2017-12-24T02:50:26,0,0,0,0,1,0
4570,2017-12-24T02:50:57,0,0,0,0,1,0
4571,2017-12-24T02:51:28,0,0,0,0,1,0
4572,2017-12-24T02:51:58,0,0,0,0,1,0
4573,2017-12-24T02:52:29,0,0,0,1,1,0
4574,2017-12-24T02:53:00,0,0,0,0,1,0
4575,2017-12-24T02:53:30,0,0,0,0,1,0
4576,2017-12-24T02:54:01,0,0,0,1,1,0
4577,2017-12-24T02:54:32,0,0,0,0,1,0
4578,2017-12-24T02:55:02,0,0,0,0,1,0
4579,2017-12-24T02:55:33,0,0,0,0,1,0
4580,2017-12-24T02:56:03,0,0,0,0,1,0
4581,2017-12-24T02:56:34,0,0,0,0,1,0
4582,2017-12-24T02:57:05,0,0,0,0,1,0
4583,2017-12-24T02:57:35,0,0,0,0,1,0
4584,2017-12-24T02:58:06,0,0,0,0,1,0
4585,2017-12-24T02:58:37,0,0,0,0,1,0
4586,2017-12-24T02:59:07,0,0,0,1,1,0
4587,2017-12-24T02:59:38,0,0,0,0,1,0
4588,2017-12-24T03:00:09,0,0,0,0,1,0
4589,2017-12-24T03:00:39,0,0,0,0,1,0
4590,2017-12-24T03:01:10,0,0,0,0,1,0
4591,2017-12-24T03:01:40,0,0,0,1,1,0
4592,2017-12-24T03:02:11,0,0,0,0,1,0
4593,2017-12-24T03:02:42,0,0,0,0,1,0
4594,2017-12-24T03:03:12,0,0,0,0,1,0
4595,2017-12-24T03:03:43,0,0,0,0,1,0
4596,2017-12-24T03:04:14,0,0,0,0,1,0
4597,2017-12-24T03:04:44,0,0,0,0,1,0
4598,2017-12-24T03:05:15,0,0,0,0,1,0
4599,2017-12-24T03:05:46,0,0,0,0,1,0
4600,2017-12-24T03:06:16,0,0,0,0,1,0
4601,2017-12-24T03:06:47,0,0,0,0,1,0
4602,2017-12-24T03:07:17,0,0,0,0,1,0
4603,2017-12-24T03:07:48,0,0,0,0,1,0
4604,2017-12-24T03:08:19,0,0,0,1,1,0
4605,2017-12-24T03:08:49,0,0,0,0,1,0
4606,2017-12-24T03:09:20,0,0,0,1,1,0
4607,2017-12-24T03:09:51,0,0,0,0,1,0
4608,2017-12-24T03:10:21,0,0,0,1,1,0
4609,2017-12-24T03:10:52,0,0,0,0,1,0
4610,2017-12-24T03:11:23,0,0,0,0,1,0
4611,2017-12-24T03:11:53,0,0,0,0,1,0
4612,2017-12-24T03:12:24,0,0,0,0,1,0
4613,2017-12-24T03:12:54,0,0,0,0,1,0
4614,2017-12-24T03:13:25,0,0,0,0,1,0
4615,2017-12-24T03:13:56,0,0,0,0,1,0
4616,2017-12-24T03:14:26,0,0,0,0,1,0
4617,2017-12-24T03:14:57,0,0,0,0,1,0
4618,2017-12-24T03:15:28,0,0,0,0,1,0
4619,2017-12-24T03:15:58,0,0,0,0,1,0
4620,2017-12-24T03:16:29,0,0,0,0,1,0
4621,2017-12-24T03:16:59,0,0,0,0,1,0
4622,2017-12-24T03:17:30,0,0,0,0,1,0
4623,2017-12-24T03:18:01,0,0,0,1,1,0
4624,2017-12-24T03:18:31,0,0,0,0,1,0
4625,2017-12-24T03:19:02,0,0,0,1,1,0
4626,2017-12-24T03:19:33,0,0,0,0,1,0
4627,2017-12-24T03:20:03,0,0,0,0,1,0
4628,2017-12-24T03:20:34,0,0,0,0,1,0
4629,2017-12-24T03:21:05,0,0,0,0,1,0
4630,2017-12-24T03:21:35,0,0,0,0,1,0
4631,2017-12-24T03:22:06,0,0,0,1,1,0
4632,2017-12-24T03:22:36,0,0,0,0,1,0
4633,2017-12-24T03:23:07,0,0,0,0,1,0
4634,2017-12-24T03:23:38,0,0,0,0,1,0
4635,2017-12-24T03:24:08,0,0,0,0,1,0
4636,2017-12-24T03:24:39,0,0,0,1,1,0
4637,2017-12-24T03:25:10,0,0,0,1,1,0
4638,2017-12-24T03:25:40,0,0,0,0,1,0
4639,2017-12-24T03:26:11,0,0,0,0,1,0
4640,2017-12-24T03:26:42,0,0,0,0,1,0
4641,2017-12-24T03:27:12,0,0,0,1,1,0
4642,2017-12-24T03:27:43,0,0,0,0,1,0
4643,2017-12-24T03:28:44,0,0,0,0,1,0
4644,2017-12-24T03:29:15,0,0,0,0,1,0
4645,2017-12-24T03:29:45,0,0,0,0,1,0
4646,2017-12-24T03:30:16,0,0,0,0,1,0
4647,2017-12-24T03:30:47,0,0,0,0,1,0
4648,2017-12-24T03:31:17,0,0,0,0,1,0
4649,2017-12-24T03:31:48,0,0,0,0,1,0
4650,2017-12-24T03:32:19,0,0,0,0,1,0
4651,2017-12-24T03:32:49,0,0,0,0,1,0
4652,2017-12-24T03:33:20,0,0,0,0,1,0
4653,2017-12-24T03:33:50,0,0,0,0,1,0
4654,2017-12-24T03:34:21,0,0,0,1,1,0
4655,2017-12-24T03:34:52,0,0,0,0,1,0
4656,2017-12-24T03:35:53,0,0,0,1,1,0
4657,2017-12-24T03:36:24,0,0,0,1,1,0
4658,2017-12-24T03:36:54,0,0,0,0,1,0
4659,2017-12-24T03:37:25,0,0,0,1,1,0
4660,2017-12-24T03:37:56,0,0,0,0,1,0
4661,2017-12-24T03:38:26,0,0,0,0,1,0
4662,2017-12-24T03:38:57,0,0,0,0,1,0
4663,2017-12-24T03:39:27,0,0,0,0,1,0
4664,2017-12-24T03:39:58,0,0,0,0,1,0
4665,2017-12-24T03:40:29,0,0,0,0,1,0
4666,2017-12-24T03:40:59,0,0,0,0,1,0
4667,2017-12-24T03:41:30,0,0,0,0,1,0
4668,2017-12-24T03:42:01,0,0,0,1,1,0
4669,2017-12-24T03:42:31,0,0,0,0,1,0
4670,2017-12-24T03:43:02,0,0,0,0,1,0
4671,2017-12-24T03:43:33,0,0,0,0,1,0
4672,2017-12-24T03:44:03,0,0,0,0,1,0
4673,2017-12-24T03:44:34,0,0,0,0,1,0
4674,2017-12-24T03:45:04,0,0,0,0,1,0
4675,2017-12-24T03:45:35,0,0,0,0,1,0
4676,2017-12-24T03:46:06,0,0,0,1,1,0
4677,2017-12-24T03:46:36,0,0,0,0,1,0
4678,2017-12-24T03:47:07,0,0,0,1,1,0
4679,2017-12-24T03:47:38,0,0,0,1,1,0
4680,2017-12-24T03:48:08,0,0,0,1,1,0
4681,2017-12-24T03:48:39,0,0,0,1,1,0
4682,2017-12-24T03:49:09,0,0,0,1,1,0
4683,2017-12-24T03:49:40,0,0,0,0,1,0
4684,2017-12-24T03:50:11,0,0,0,0,1,0
4685,2017-12-24T03:50:41,0,0,0,0,1,0
4686,2017-12-24T03:51:12,0,0,0,0,1,0
4687,2017-12-24T03:51:43,0,0,0,1,1,0
4688,2017-12-24T03:52:13,0,0,0,0,1,0
4689,2017-12-24T03:52:44,0,0,0,0,1,0
4690,2017-12-24T03:53:15,0,0,0,0,1,0
4691,2017-12-24T03:53:45,0,0,0,0,1,0
4692,2017-12-24T03:54:16,0,0,0,0,1,0
4693,2017-12-24T03:54:46,0,0,0,0,1,0
4694,2017-12-24T03:55:17,0,0,0,1,1,0
4695,2017-12-24T03:55:48,0,0,0,0,1,0
4696,2017-12-24T03:56:18,0,0,0,0,1,0
4697,2017-12-24T03:56:49,0,0,0,1,1,0
4698,2017-12-24T03:57:20,0,0,0,0,1,0
4699,2017-12-24T03:57:50,0,0,0,0,1,0
4700,2017-12-24T03:58:21,0,0,0,0,1,0
4701,2017-12-24T03:58:52,0,0,0,0,1,0
4702,2017-12-24T03:59:22,0,0,0,1,1,0
4703,2017-12-24T03:59:53,0,0,0,0,1,0
4704,2017-12-24T04:00:23,0,0,0,0,1,0
4705,2017-12-24T04:00:54,0,0,0,0,1,0
4706,2017-12-24T04:01:25,0,0,0,0,1,0
4707,2017-12-24T04:01:55,0,0,0,0,1,0
4708,2017-12-24T04:02:26,0,0,0,0,1,0
4709,2017-12-24T04:02:57,0,0,0,0,1,0
4710,2017-12-24T04:03:27,0,0,0,0,1,0
4711,2017-12-24T04:03:58,0,0,0,1,1,0
4712,2017-12-24T04:04:29,0,0,0,0,1,0
4713,2017-12-24T04:04:59,0,0,0,0,1,0
4714,2017-12-24T04:05:30,0,0,0,0,1,0
4715,2017-12-24T04:06:00,0,0,0,1,1,0
4716,2017-12-24T04:06:31,0,0,0,0,1,0
4717,2017-12-24T04:07:02,0,0,0,0,1,0
4718,2017-12-24T04:07:32,0,0,0,0,1,0
4719,2017-12-24T04:08:03,0,0,0,0,1,0
4720,2017-12-24T04:08:34,0,0,0,0,1,0
4721,2017-12-24T04:09:04,0,0,0,1,1,0
4722,2017-12-24T04:09:35,0,0,0,0,1,0
4723,2017-12-24T04:10:06,0,0,0,0,1,0
4724,2017-12-24T04:10:36,0,0,0,1,1,0
4725,2017-12-24T04:11:07,0,0,0,1,1,0
4726,2017-12-24T04:11:37,0,0,0,0,1,0
4727,2017-12-24T04:12:08,0,0,0,1,1,0
4728,2017-12-24T04:12:39,0,0,0,0,1,0
4729,2017-12-24T04:13:09,0,0,0,1,1,0
4730,2017-12-24T04:13:40,0,0,0,0,1,0
4731,2017-12-24T04:14:11,0,0,0,0,1,0
4732,2017-12-24T04:14:41,0,0,0,1,1,0
4733,2017-12-24T04:15:12,0,0,0,0,1,0
4734,2017-12-24T04:15:43,0,0,0,0,1,0
4735,2017-12-24T04:16:13,0,0,0,0,1,0
4736,2017-12-24T04:16:44,0,0,0,1,1,0
4737,2017-12-24T04:17:14,0,0,0,0,1,0
4738,2017-12-24T04:17:45,0,0,0,0,1,0
4739,2017-12-24T04:18:16,0,0,0,0,1,0
4740,2017-12-24T04:18:46,0,0,0,0,1,0
4741,2017-12-24T04:19:17,0,0,0,1,1,0
4742,2017-12-24T04:19:48,0,0,0,1,1,0
4743,2017-12-24T04:20:18,0,0,0,1,1,0
4744,2017-12-24T04:20:49,0,0,0,1,1,0
4745,2017-12-24T04:21:19,0,0,0,0,1,0
4746,2017-12-24T04:21:50,0,0,0,0,1,0
4747,2017-12-24T04:22:21,0,0,0,0,1,0
4748,2017-12-24T04:22:51,0,0,0,0,1,0
4749,2017-12-24T04:23:22,0,0,0,0,1,0
4750,2017-12-24T04:23:53,0,0,0,0,1,0
4751,2017-12-24T04:24:23,0,0,0,1,1,0
4752,2017-12-24T04:24:54,0,0,0,0,1,0
4753,2017-12-24T04:25:25,0,0,0,0,1,0
4754,2017-12-24T04:25:55,0,0,0,0,1,0
4755,2017-12-24T04:26:26,0,0,0,1,1,0
4756,2017-12-24T04:26:56,0,0,0,1,1,0
4757,2017-12-24T04:27:27,0,0,0,0,1,0
4758,2017-12-24T04:27:58,0,0,0,1,1,0
4759,2017-12-24T04:28:28,0,0,0,1,1,0
4760,2017-12-24T04:28:59,0,0,0,0,1,0
4761,2017-12-24T04:29:30,0,0,0,0,1,0
4762,2017-12-24T04:30:00,0,0,0,1,1,0
4763,2017-12-24T04:30:31,0,0,0,0,1,0
4764,2017-12-24T04:31:02,0,0,0,0,1,0
4765,2017-12-24T04:31:32,0,0,0,0,1,0
4766,2017-12-24T04:32:03,0,0,0,1,1,0
4767,2017-12-24T04:33:04,0,0,0,0,1,0
4768,2017-12-24T04:33:35,0,0,0,1,1,0
4769,2017-12-24T04:34:05,0,0,0,0,1,0
4770,2017-12-24T04:34:36,0,0,0,1,1,0
4771,2017-12-24T04:35:07,0,0,0,0,1,0
4772,2017-12-24T04:35:37,0,0,0,1,1,0
4773,2017-12-24T04:36:08,0,0,0,0,1,0
4774,2017-12-24T04:36:39,0,0,0,0,1,0
4775,2017-12-24T04:37:09,0,0,0,0,1,0
4776,2017-12-24T04:37:40,0,0,0,0,1,0
4777,2017-12-24T04:38:10,0,0,0,1,1,0
4778,2017-12-24T04:38:41,0,0,0,0,1,0
4779,2017-12-24T04:39:12,0,0,0,1,1,0
4780,2017-12-24T04:39:42,0,0,0,0,1,0
4781,2017-12-24T04:40:13,0,0,0,0,1,0
4782,2017-12-24T04:40:44,0,0,0,0,1,0
4783,2017-12-24T04:41:14,0,0,0,0,1,0
4784,2017-12-24T04:41:45,0,0,0,0,1,0
4785,2017-12-24T04:42:16,0,0,0,0,1,0
4786,2017-12-24T04:42:46,0,0,0,0,1,0
4787,2017-12-24T04:43:17,0,0,0,0,1,0
4788,2017-12-24T04:44:18,0,0,0,0,1,0
4789,2017-12-24T04:44:49,0,0,0,0,1,0
4790,2017-12-24T04:45:19,0,0,0,1,1,0
4791,2017-12-24T04:45:50,0,0,0,0,1,0
4792,2017-12-24T04:46:21,0,0,0,1,1,0
4793,2017-12-24T04:46:51,0,0,0,0,1,0
4794,2017-12-24T04:47:22,0,0,0,0,1,0
4795,2017-12-24T04:47:53,0,0,0,1,1,0
4796,2017-12-24T04:48:23,0,0,0,0,1,0
4797,2017-12-24T04:48:54,0,0,0,0,1,0
4798,2017-12-24T04:49:24,0,0,0,1,1,0
4799,2017-12-24T04:49:55,0,0,0,0,1,0
4800,2017-12-24T04:50:26,0,0,0,0,1,0
4801,2017-12-24T04:50:56,0,0,0,0,1,0
4802,2017-12-24T04:51:27,0,0,0,1,1,0
4803,2017-12-24T04:51:58,0,0,0,0,1,0
4804,2017-12-24T04:52:28,0,0,0,1,1,0
4805,2017-12-24T04:52:59,0,0,0,0,1,0
4806,2017-12-24T04:53:30,0,0,0,0,1,0
4807,2017-12-24T04:54:00,0,0,0,0,1,0
4808,2017-12-24T04:54:31,0,0,0,0,1,0
4809,2017-12-24T04:55:01,0,0,0,0,1,0
4810,2017-12-24T04:55:32,0,0,0,0,1,0
4811,2017-12-24T04:56:03,0,0,0,0,1,0
4812,2017-12-24T04:56:33,0,0,0,0,1,0
4813,2017-12-24T04:57:04,0,0,0,0,1,0
4814,2017-12-24T04:57:35,0,0,0,0,1,0
4815,2017-12-24T04:58:05,0,0,0,0,1,0
4816,2017-12-24T04:58:36,0,0,0,1,1,0
4817,2017-12-24T04:59:07,0,0,0,1,1,0
4818,2017-12-24T04:59:37,0,0,0,0,1,0
4819,2017-12-24T05:00:08,0,0,0,0,1,0
4820,2017-12-24T05:00:38,0,0,0,0,1,0
4821,2017-12-24T05:01:09,0,0,0,0,1,0
4822,2017-12-24T05:01:40,0,0,0,1,1,0
4823,2017-12-24T05:02:10,0,0,0,0,1,0
4824,2017-12-24T05:02:41,0,0,0,0,1,0
4825,2017-12-24T05:03:12,0,0,0,1,1,0
4826,2017-12-24T05:03:42,0,0,0,0,1,0
4827,2017-12-24T05:04:13,0,0,0,0,1,0
4828,2017-12-24T05:04:43,0,0,0,1,1,0
4829,2017-12-24T05:05:14,0,0,0,0,1,0
4830,2017-12-24T05:05:45,0,0,0,0,0,0
4831,2017-12-24T05:06:15,0,0,0,0,1,0
4832,2017-12-24T05:06:46,0,0,0,1,1,0
4833,2017-12-24T05:07:17,0,0,0,0,1,0
4834,2017-12-24T05:07:47,0,0,0,0,1,0
4835,2017-12-24T05:08:18,0,0,0,1,1,0
4836,2017-12-24T05:08:49,0,0,0,0,1,0
4837,2017-12-24T05:09:19,0,0,0,0,1,0
4838,2017-12-24T05:09:50,0,0,0,0,1,0
4839,2017-12-24T05:10:20,0,0,0,0,1,0
4840,2017-12-24T05:10:51,0,0,0,0,1,0
4841,2017-12-24T05:11:22,0,0,0,0,1,0
4842,2017-12-24T05:11:52,0,0,0,1,1,0
4843,2017-12-24T05:12:23,0,0,0,0,1,0
4844,2017-12-24T05:12:54,0,0,0,0,1,0
4845,2017-12-24T05:13:24,0,0,0,0,1,0
4846,2017-12-24T05:13:55,0,0,0,0,1,0
4847,2017-12-24T05:14:26,0,0,0,0,1,0
4848,2017-12-24T05:14:56,0,0,0,1,1,0
4849,2017-12-24T05:15:27,0,0,0,0,1,0
4850,2017-12-24T05:15:57,0,0,0,0,1,0
4851,2017-12-24T05:16:28,0,0,0,0,1,0
4852,2017-12-24T05:16:59,0,0,0,0,1,0
4853,2017-12-24T05:17:29,0,0,0,0,1,0
4854,2017-12-24T05:18:00,0,0,0,1,1,0
4855,2017-12-24T05:18:31,0,0,0,1,1,0
4856,2017-12-24T05:19:01,0,0,0,0,1,0
4857,2017-12-24T05:19:32,0,0,0,0,1,0
4858,2017-12-24T05:20:03,0,0,0,0,1,0
4859,2017-12-24T05:20:33,0,0,0,1,1,0
4860,2017-12-24T05:21:04,0,0,0,0,1,0
4861,2017-12-24T05:21:34,0,0,0,0,1,0
4862,2017-12-24T05:22:05,0,0,0,1,1,0
4863,2017-12-24T05:22:36,0,0,0,0,1,0
4864,2017-12-24T05:23:06,0,0,0,0,1,0
4865,2017-12-24T05:23:37,0,0,0,1,1,0
4866,2017-12-24T05:24:08,0,0,0,1,1,0
4867,2017-12-24T05:24:38,0,0,0,0,1,0
4868,2017-12-24T05:25:09,0,0,0,0,1,0
4869,2017-12-24T05:25:40,0,0,0,0,1,0
4870,2017-12-24T05:26:10,0,0,0,0,1,0
4871,2017-12-24T05:26:41,0,0,0,0,1,0
4872,2017-12-24T05:27:42,0,0,0,0,1,0
4873,2017-12-24T05:28:13,0,0,0,0,1,0
4874,2017-12-24T05:29:14,0,0,0,0,1,0
4875,2017-12-24T05:29:45,0,0,0,0,1,0
4876,2017-12-24T05:30:15,0,0,0,0,1,0
4877,2017-12-24T05:30:46,0,0,0,1,1,0
4878,2017-12-24T05:31:17,0,0,0,0,1,0
4879,2017-12-24T05:31:47,0,0,0,0,1,0
4880,2017-12-24T05:32:18,0,0,0,1,1,0
4881,2017-12-24T05:32:48,0,0,0,0,0,0
4882,2017-12-24T05:33:19,0,0,0,1,0,0
4883,2017-12-24T05:33:50,0,0,0,0,0,0
4884,2017-12-24T05:34:20,0,0,0,1,1,0
4885,2017-12-24T05:34:51,0,0,0,2,1,0
4886,2017-12-24T05:35:22,0,0,0,0,1,0
4887,2017-12-24T05:35:52,0,0,0,0,1,0
4888,2017-12-24T05:36:23,0,0,0,0,1,0
4889,2017-12-24T05:36:53,0,0,0,0,1,0
4890,2017-12-24T05:37:24,0,0,0,1,1,0
4891,2017-12-24T05:37:55,0,0,0,0,1,0
4892,2017-12-24T05:38:25,0,0,0,0,1,0
4893,2017-12-24T05:38:56,0,0,0,1,1,0
4894,2017-12-24T05:39:27,0,0,0,0,1,0
4895,2017-12-24T05:39:57,0,0,0,0,1,0
4896,2017-12-24T05:40:28,0,0,0,0,1,0
4897,2017-12-24T05:40:59,0,0,0,0,1,0
4898,2017-12-24T05:41:29,0,0,0,1,1,0
4899,2017-12-24T05:42:00,0,0,0,1,1,0
4900,2017-12-24T05:42:30,0,0,0,0,1,0
4901,2017-12-24T05:43:01,0,0,0,1,1,0
4902,2017-12-24T05:43:32,0,0,0,0,1,0
4903,2017-12-24T05:44:02,0,0,0,1,1,0
4904,2017-12-24T05:44:33,0,0,0,0,1,0
4905,2017-12-24T05:45:04,0,0,0,1,1,0
4906,2017-12-24T05:45:34,0,0,0,0,1,0
4907,2017-12-24T05:46:05,0,0,0,1,1,0
4908,2017-12-24T05:46:36,0,0,0,0,1,0
4909,2017-12-24T05:47:06,0,0,0,0,1,0
4910,2017-12-24T05:47:37,0,0,0,0,1,0
4911,2017-12-24T05:48:07,0,0,0,0,1,0
4912,2017-12-24T05:48:38,0,0,0,0,1,0
4913,2017-12-24T05:49:09,0,0,0,0,1,0
4914,2017-12-24T05:49:39,0,0,0,0,1,0
4915,2017-12-24T05:50:10,0,0,0,1,1,0
4916,2017-12-24T05:50:41,0,0,0,0,0,0
4917,2017-12-24T05:51:11,0,0,0,0,1,0
4918,2017-12-24T05:51:42,0,0,0,1,1,0
4919,2017-12-24T05:52:13,0,0,0,0,1,0
4920,2017-12-24T05:52:43,0,0,0,0,1,0
4921,2017-12-24T05:53:14,0,0,0,0,1,0
4922,2017-12-24T05:53:44,0,0,0,0,1,0
4923,2017-12-24T05:54:15,0,0,0,0,1,0
4924,2017-12-24T05:54:46,0,0,0,1,0,0
4925,2017-12-24T05:55:16,0,0,0,0,1,0
4926,2017-12-24T05:55:47,0,0,0,0,0,0
4927,2017-12-24T05:56:18,0,0,0,0,1,0
4928,2017-12-24T05:56:48,0,0,0,0,1,0
4929,2017-12-24T05:57:19,0,0,0,1,1,0
4930,2017-12-24T05:57:50,0,0,0,0,1,0
4931,2017-12-24T05:58:20,0,0,0,0,1,0
4932,2017-12-24T05:58:51,0,0,0,1,1,0
4933,2017-12-24T05:59:21,0,0,0,1,1,0
4934,2017-12-24T05:59:52,0,0,0,1,1,0
4935,2017-12-24T06:00:23,0,0,0,0,1,0
4936,2017-12-24T06:00:53,0,0,0,0,1,0
4937,2017-12-24T06:01:24,0,0,0,0,1,0
4938,2017-12-24T06:01:55,0,0,0,0,1,0
4939,2017-12-24T06:02:25,0,0,0,0,1,0
4940,2017-12-24T06:02:56,0,0,0,0,1,0
4941,2017-12-24T06:03:27,0,0,0,0,1,0
4942,2017-12-24T06:03:57,0,0,0,0,1,0
4943,2017-12-24T06:04:28,0,0,0,1,0,0
4944,2017-12-24T06:04:58,0,0,0,0,1,0
4945,2017-12-24T06:05:29,0,0,0,0,0,0
4946,2017-12-24T06:06:00,0,0,0,0,0,0
4947,2017-12-24T06:06:30,0,0,0,0,0,0
4948,2017-12-24T06:07:01,0,0,0,0,0,0
4949,2017-12-24T06:07:32,0,0,0,0,0,0
4950,2017-12-24T06:08:02,0,0,0,0,0,0
4951,2017-12-24T06:08:33,0,0,0,0,1,0
4952,2017-12-24T06:09:04,0,0,0,1,1,0
4953,2017-12-24T06:09:34,0,0,0,0,1,0
4954,2017-12-24T06:10:05,0,0,0,0,1,0
4955,2017-12-24T06:10:35,0,0,0,0,1,0
4956,2017-12-24T06:11:06,0,0,0,0,1,0
4957,2017-12-24T06:11:37,0,0,0,0,1,0
4958,2017-12-24T06:12:07,0,0,0,0,1,0
4959,2017-12-24T06:12:38,0,0,0,0,1,0
4960,2017-12-24T06:13:09,0,0,0,0,0,0
4961,2017-12-24T06:13:39,0,0,0,0,1,0
4962,2017-12-24T06:14:10,0,0,0,0,1,0
4963,2017-12-24T06:14:40,0,0,0,0,0,0
4964,2017-12-24T06:15:11,0,0,0,0,0,0
4965,2017-12-24T06:15:42,0,0,0,0,1,0
4966,2017-12-24T06:16:12,0,0,0,0,1,0
4967,2017-12-24T06:16:43,0,0,0,0,1,0
4968,2017-12-24T06:17:14,0,0,0,0,0,0
4969,2017-12-24T06:17:44,0,0,0,0,0,0
4970,2017-12-24T06:18:15,0,0,0,0,0,0
4971,2017-12-24T06:18:46,0,0,0,0,0,0
4972,2017-12-24T06:19:16,0,0,0,0,1,0
4973,2017-12-24T06:19:47,0,0,0,0,0,0
4974,2017-12-24T06:20:17,0,0,0,0,0,0
4975,2017-12-24T06:20:48,0,0,0,0,0,0
4976,2017-12-24T06:21:19,0,0,0,1,0,0
4977,2017-12-24T06:21:49,0,0,0,0,1,0
4978,2017-12-24T06:22:20,0,0,0,0,0,0
4979,2017-12-24T06:22:51,0,0,0,0,0,0
4980,2017-12-24T06:23:21,0,0,0,0,0,0
4981,2017-12-24T06:23:52,0,0,0,1,0,0
4982,2017-12-24T06:24:23,0,0,0,0,0,0
4983,2017-12-24T06:24:53,0,0,0,0,0,0
4984,2017-12-24T06:25:24,0,0,0,1,0,0
4985,2017-12-24T06:26:25,0,0,0,1,0,0
4986,2017-12-24T06:26:56,0,0,0,0,0,0
4987,2017-12-24T06:27:26,0,0,0,0,0,0
4988,2017-12-24T06:27:57,0,0,0,0,0,0
4989,2017-12-24T06:28:28,0,0,0,0,0,0
4990,2017-12-24T06:28:58,0,0,0,0,0,0
4991,2017-12-24T06:29:29,0,0,0,0,0,0
4992,2017-12-24T06:30:00,0,0,0,1,0,0
4993,2017-12-24T06:30:30,0,0,0,0,0,0
4994,2017-12-24T06:31:01,0,0,0,0,1,0
4995,2017-12-24T06:31:31,0,0,0,0,1,0
4996,2017-12-24T06:32:02,0,0,0,0,1,0
4997,2017-12-24T06:32:33,0,0,0,1,1,0
4998,2017-12-24T06:33:03,0,0,0,0,1,0
4999,2017-12-24T06:33:34,0,0,0,0,1,0
5000,2017-12-24T06:34:05,0,0,0,0,1,0
5001,2017-12-24T06:34:35,0,0,0,0,1,0
5002,2017-12-24T06:35:06,0,0,0,1,1,0
5003,2017-12-24T06:35:37,0,0,0,0,1,0
5004,2017-12-24T06:36:07,0,0,0,0,0,0
5005,2017-12-24T06:36:38,0,0,0,0,0,0
5006,2017-12-24T06:37:08,0,0,0,0,0,0
5007,2017-12-24T06:37:39,0,0,0,0,0,0
5008,2017-12-24T06:38:10,0,0,0,0,0,0
5009,2017-12-24T06:38:40,0,0,0,0,1,0
5010,2017-12-24T06:39:11,0,0,0,1,1,0
5011,2017-12-24T06:39:42,0,0,0,0,1,0
5012,2017-12-24T06:40:12,0,0,0,1,1,0
5013,2017-12-24T06:40:43,0,0,0,0,0,0
5014,2017-12-24T06:41:14,0,0,0,0,0,0
5015,2017-12-24T06:41:44,0,0,0,0,1,0
5016,2017-12-24T06:42:15,0,0,0,0,0,0
5017,2017-12-24T06:42:45,0,0,0,1,0,0
5018,2017-12-24T06:43:16,0,0,0,0,1,0
5019,2017-12-24T06:43:47,0,0,0,0,1,0
5020,2017-12-24T06:44:17,0,0,0,0,1,0
5021,2017-12-24T06:44:48,0,0,0,0,1,0
5022,2017-12-24T06:45:19,0,0,0,0,1,0
5023,2017-12-24T06:45:49,0,0,0,0,1,0
5024,2017-12-24T06:46:20,0,0,0,0,1,0
5025,2017-12-24T06:46:50,0,0,0,0,0,0
5026,2017-12-24T06:47:21,0,0,0,1,1,0
5027,2017-12-24T06:47:52,0,0,0,0,0,0
5028,2017-12-24T06:48:22,0,0,0,0,0,0
5029,2017-12-24T06:48:53,0,0,0,0,0,0
5030,2017-12-24T06:49:24,0,0,0,0,1,0
5031,2017-12-24T06:49:54,0,0,0,1,1,0
5032,2017-12-24T06:50:25,0,0,0,0,0,0
5033,2017-12-24T06:50:56,0,0,0,0,0,0
5034,2017-12-24T06:51:26,0,0,0,0,1,0
5035,2017-12-24T06:51:57,0,0,0,0,0,0
5036,2017-12-24T06:52:27,0,0,0,0,0,0
5037,2017-12-24T06:52:58,0,0,0,0,0,0
5038,2017-12-24T06:53:29,0,0,0,0,0,0
5039,2017-12-24T06:53:59,0,0,0,1,0,0
5040,2017-12-24T06:54:30,0,0,0,0,1,0
5041,2017-12-24T06:55:01,0,0,0,0,1,0
5042,2017-12-24T06:55:31,0,0,0,1,1,0
5043,2017-12-24T06:56:02,0,0,0,0,1,0
5044,2017-12-24T06:56:33,0,0,0,1,0,0
5045,2017-12-24T06:57:03,0,0,0,0,1,0
5046,2017-12-24T06:57:34,0,0,0,0,1,0
5047,2017-12-24T06:58:04,0,0,0,0,0,0
5048,2017-12-24T06:58:35,0,0,0,0,0,0
5049,2017-12-24T06:59:06,0,0,0,0,0,0
5050,2017-12-24T06:59:36,0,0,0,0,0,0
5051,2017-12-24T07:00:07,0,0,0,1,0,0
5052,2017-12-24T07:00:38,0,0,0,0,0,0
5053,2017-12-24T07:01:08,0,0,0,0,0,0
5054,2017-12-24T07:01:39,0,0,0,0,0,0
5055,2017-12-24T07:02:10,0,0,0,0,0,0
5056,2017-12-24T07:02:40,0,0,0,1,0,0
5057,2017-12-24T07:03:11,0,0,0,0,0,0
5058,2017-12-24T07:03:41,0,0,0,0,1,0
5059,2017-12-24T07:04:12,0,0,0,0,0,0
5060,2017-12-24T07:04:43,0,0,0,0,0,0
5061,2017-12-24T07:05:13,0,0,0,0,0,0
5062,2017-12-24T07:05:44,0,0,0,1,0,0
5063,2017-12-24T07:06:15,0,0,0,0,0,0
5064,2017-12-24T07:06:45,0,0,0,0,0,0
5065,2017-12-24T07:07:16,0,0,0,1,0,0
5066,2017-12-24T07:07:47,0,0,0,0,0,0
5067,2017-12-24T07:08:17,0,0,0,0,1,0
5068,2017-12-24T07:08:48,0,0,0,1,1,0
5069,2017-12-24T07:09:18,0,0,0,0,0,0
5070,2017-12-24T07:09:49,0,0,0,0,1,0
5071,2017-12-24T07:10:20,0,0,0,1,1,0
5072,2017-12-24T07:10:50,0,0,0,0,0,0
5073,2017-12-24T07:11:21,0,0,0,0,1,0
5074,2017-12-24T07:11:52,0,0,0,1,0,0
5075,2017-12-24T07:12:22,0,0,0,1,1,0
5076,2017-12-24T07:12:53,0,0,0,0,1,0
5077,2017-12-24T07:13:24,0,0,0,0,1,0
5078,2017-12-24T07:13:54,0,0,0,0,0,0
5079,2017-12-24T07:14:25,0,0,0,0,0,0
5080,2017-12-24T07:14:55,0,0,0,1,1,0
5081,2017-12-24T07:15:26,0,0,0,0,0,0
5082,2017-12-24T07:15:57,0,0,0,0,1,0
5083,2017-12-24T07:16:27,0,0,0,0,1,0
5084,2017-12-24T07:16:58,0,0,0,0,1,0
5085,2017-12-24T07:17:29,0,0,0,0,1,0
5086,2017-12-24T07:17:59,0,0,0,0,1,0
5087,2017-12-24T07:18:30,0,0,0,0,1,0
5088,2017-12-24T07:19:00,0,0,0,0,1,0
5089,2017-12-24T07:19:31,0,0,0,1,1,0
5090,2017-12-24T07:20:02,0,0,0,0,1,0
5091,2017-12-24T07:20:32,0,0,0,0,1,0
5092,2017-12-24T07:21:03,0,0,0,0,1,0
5093,2017-12-24T07:21:34,0,0,0,1,1,0
5094,2017-12-24T07:22:35,0,0,0,1,0,0
5095,2017-12-24T07:23:06,0,0,0,1,0,0
5096,2017-12-24T07:23:36,0,0,0,1,1,0
5097,2017-12-24T07:24:07,0,0,0,0,1,0
5098,2017-12-24T07:24:37,0,0,0,1,1,0
5099,2017-12-24T07:25:08,0,0,0,1,1,0
5100,2017-12-24T07:25:39,0,0,0,0,1,0
5101,2017-12-24T07:26:09,0,0,0,0,1,0
5102,2017-12-24T07:26:40,0,0,0,1,1,0
5103,2017-12-24T07:27:11,0,0,0,0,1,0
5104,2017-12-24T07:27:41,0,0,0,0,1,0
5105,2017-12-24T07:28:12,0,0,0,0,1,0
5106,2017-12-24T07:28:43,0,0,0,1,1,0
5107,2017-12-24T07:29:13,0,0,0,0,1,0
5108,2017-12-24T07:29:44,0,0,0,1,1,0
5109,2017-12-24T07:30:14,0,0,0,0,1,0
5110,2017-12-24T07:30:45,0,0,0,0,1,0
5111,2017-12-24T07:31:16,0,0,0,1,1,0
5112,2017-12-24T07:31:46,0,0,0,0,1,0
5113,2017-12-24T07:32:17,0,0,0,1,1,0
5114,2017-12-24T07:32:48,0,0,0,0,0,0
5115,2017-12-24T07:33:18,0,0,0,0,1,0
5116,2017-12-24T07:33:49,0,0,0,0,1,0
5117,2017-12-24T07:34:20,0,0,0,1,1,0
5118,2017-12-24T07:34:50,0,0,0,0,1,0
5119,2017-12-24T07:35:21,0,0,0,0,1,0
5120,2017-12-24T07:35:51,0,0,0,0,1,0
5121,2017-12-24T07:36:22,0,0,0,0,0,0
5122,2017-12-24T07:36:53,0,0,0,0,0,0
5123,2017-12-24T07:37:23,0,0,0,0,1,0
5124,2017-12-24T07:37:54,0,0,0,0,1,0
5125,2017-12-24T07:38:25,0,0,0,1,1,0
5126,2017-12-24T07:38:55,0,0,0,0,1,0
5127,2017-12-24T07:39:26,0,0,0,1,1,0
5128,2017-12-24T07:39:57,0,0,0,0,1,0
5129,2017-12-24T07:40:27,0,0,0,0,1,0
5130,2017-12-24T07:40:58,0,0,0,0,1,0
5131,2017-12-24T07:41:59,0,0,0,0,1,0
5132,2017-12-24T07:42:30,0,0,0,0,1,0
5133,2017-12-24T07:43:00,0,0,0,1,1,0
5134,2017-12-24T07:43:31,0,0,0,0,1,0
5135,2017-12-24T07:44:02,0,0,0,1,1,0
5136,2017-12-24T07:44:32,0,0,0,0,1,0
5137,2017-12-24T07:45:03,0,0,0,0,1,0
5138,2017-12-24T07:45:34,0,0,0,0,1,0
5139,2017-12-24T07:46:04,0,0,0,0,1,0
5140,2017-12-24T07:46:35,0,0,0,1,1,0
5141,2017-12-24T07:47:05,0,0,0,1,1,0
5142,2017-12-24T07:47:36,0,0,0,0,1,0
5143,2017-12-24T07:48:07,0,0,0,0,1,0
5144,2017-12-24T07:48:37,0,0,0,1,0,0
5145,2017-12-24T07:49:08,0,0,0,0,1,0
5146,2017-12-24T07:49:39,0,0,0,0,1,0
5147,2017-12-24T07:50:09,0,0,0,0,1,0
5148,2017-12-24T07:50:40,0,0,0,0,1,0
5149,2017-12-24T07:51:10,0,0,0,0,1,0
5150,2017-12-24T07:51:41,0,0,0,1,1,0
5151,2017-12-24T07:52:12,0,0,0,0,1,0
5152,2017-12-24T07:52:42,0,0,0,0,1,0
5153,2017-12-24T07:53:13,0,0,0,0,1,0
5154,2017-12-24T07:53:44,0,0,0,0,1,0
5155,2017-12-24T07:54:14,0,0,0,0,1,0
5156,2017-12-24T07:54:45,0,0,0,0,1,0
5157,2017-12-24T07:55:16,0,0,0,0,1,0
5158,2017-12-24T07:55:46,0,0,0,0,1,0
5159,2017-12-24T07:56:17,0,0,0,0,1,0
5160,2017-12-24T07:56:47,0,0,0,0,1,0
5161,2017-12-24T07:57:18,0,0,0,1,1,0
5162,2017-12-24T07:57:49,0,0,0,0,1,0
5163,2017-12-24T07:58:19,0,0,0,0,1,0
5164,2017-12-24T07:58:50,0,0,0,0,1,0
5165,2017-12-24T07:59:21,0,0,0,0,1,0
5166,2017-12-24T07:59:51,0,0,0,0,1,0
5167,2017-12-24T08:00:22,0,0,0,0,1,0
5168,2017-12-24T08:00:53,0,0,0,1,1,0
5169,2017-12-24T08:01:23,0,0,0,0,1,0
5170,2017-12-24T08:01:54,0,0,0,1,1,0
5171,2017-12-24T08:02:24,0,0,0,1,1,0
5172,2017-12-24T08:02:55,0,0,0,0,1,0
5173,2017-12-24T08:03:26,0,0,0,0,1,0
5174,2017-12-24T08:03:56,0,0,0,0,1,0
5175,2017-12-24T08:04:27,0,0,0,0,1,0
5176,2017-12-24T08:04:58,0,0,0,0,1,0
5177,2017-12-24T08:05:28,0,0,0,1,1,0
5178,2017-12-24T08:05:59,0,0,0,0,1,0
5179,2017-12-24T08:06:30,0,0,0,1,1,0
5180,2017-12-24T08:07:00,0,0,0,0,1,0
5181,2017-12-24T08:07:31,0,0,0,0,1,0
5182,2017-12-24T08:08:01,0,0,0,0,1,0
5183,2017-12-24T08:08:32,0,0,0,0,1,0
5184,2017-12-24T08:09:03,0,0,0,0,1,0
5185,2017-12-24T08:09:33,0,0,0,0,1,0
5186,2017-12-24T08:10:04,0,0,0,0,1,0
5187,2017-12-24T08:10:35,0,0,0,0,1,0
5188,2017-12-24T08:11:05,0,0,0,0,1,0
5189,2017-12-24T08:11:36,0,0,0,1,1,0
5190,2017-12-24T08:12:07,0,0,0,1,1,0
5191,2017-12-24T08:12:37,0,0,0,0,1,0
5192,2017-12-24T08:13:08,0,0,0,1,1,0
5193,2017-12-24T08:13:38,0,0,0,0,1,0
5194,2017-12-24T08:14:09,0,0,0,0,1,0
5195,2017-12-24T08:14:40,0,0,0,1,1,0
5196,2017-12-24T08:15:10,0,0,0,0,1,0
5197,2017-12-24T08:15:41,0,0,0,0,1,0
5198,2017-12-24T08:16:12,0,0,0,0,1,0
5199,2017-12-24T08:16:42,0,0,0,1,1,0
5200,2017-12-24T08:17:13,0,0,0,0,1,0
5201,2017-12-24T08:17:44,0,0,0,1,1,0
5202,2017-12-24T08:18:14,0,0,0,1,1,0
5203,2017-12-24T08:18:45,0,0,0,0,1,0
5204,2017-12-24T08:19:46,0,0,0,1,1,0
5205,2017-12-24T08:20:17,0,0,0,0,1,0
5206,2017-12-24T08:20:47,0,0,0,0,1,0
5207,2017-12-24T08:21:18,0,0,0,0,1,0
5208,2017-12-24T08:21:49,0,0,0,0,1,0
5209,2017-12-24T08:22:19,0,0,0,1,1,0
5210,2017-12-24T08:22:50,0,0,0,0,1,0
5211,2017-12-24T08:23:20,0,0,0,1,1,0
5212,2017-12-24T08:23:51,0,0,0,0,1,0
5213,2017-12-24T08:24:22,0,0,0,1,1,0
5214,2017-12-24T08:24:52,0,0,0,0,1,0
5215,2017-12-24T08:25:23,0,0,0,0,1,0
5216,2017-12-24T08:25:54,0,0,0,0,1,0
5217,2017-12-24T08:26:24,0,0,0,0,1,0
5218,2017-12-24T08:26:55,0,0,0,0,1,0
5219,2017-12-24T08:27:26,0,0,0,1,1,0
5220,2017-12-24T08:27:56,0,0,0,0,1,0
5221,2017-12-24T08:28:27,0,0,0,0,1,0
5222,2017-12-24T08:28:57,0,0,0,0,1,0
5223,2017-12-24T08:29:28,0,0,0,0,1,0
5224,2017-12-24T08:29:59,0,0,0,0,1,0
5225,2017-12-24T08:30:29,0,0,0,1,1,0
5226,2017-12-24T08:31:00,0,0,0,1,1,0
5227,2017-12-24T08:31:31,0,0,0,0,1,0
5228,2017-12-24T08:32:01,0,0,0,0,1,0
5229,2017-12-24T08:32:32,0,0,0,0,1,0
5230,2017-12-24T08:33:03,0,0,0,0,1,0
5231,2017-12-24T08:33:33,0,0,0,1,1,0
5232,2017-12-24T08:34:04,0,0,0,1,1,0
5233,2017-12-24T08:34:34,0,0,0,1,1,0
5234,2017-12-24T08:35:05,0,0,0,0,1,0
5235,2017-12-24T08:35:36,0,0,0,1,1,0
5236,2017-12-24T08:36:06,0,0,0,1,1,0
5237,2017-12-24T08:36:37,0,0,0,0,1,0
5238,2017-12-24T08:37:08,0,0,0,1,1,0
5239,2017-12-24T08:37:38,0,0,0,1,1,0
5240,2017-12-24T08:38:09,0,0,0,0,1,0
5241,2017-12-24T08:38:40,0,0,0,0,1,0
5242,2017-12-24T08:39:10,0,0,0,0,1,0
5243,2017-12-24T08:39:41,0,0,0,0,1,0
5244,2017-12-24T08:40:11,0,0,0,0,1,0
5245,2017-12-24T08:40:42,0,0,0,0,1,0
5246,2017-12-24T08:41:13,0,0,0,0,1,0
5247,2017-12-24T08:41:43,0,0,0,0,1,0
5248,2017-12-24T08:42:14,0,0,0,0,1,0
5249,2017-12-24T08:42:45,0,0,0,0,1,0
5250,2017-12-24T08:43:15,0,0,0,0,1,0
5251,2017-12-24T08:43:46,0,0,0,0,1,0
5252,2017-12-24T08:44:17,0,0,0,0,1,0
5253,2017-12-24T08:44:47,0,0,0,1,1,0
5254,2017-12-24T08:45:18,0,0,0,1,1,0
5255,2017-12-24T08:45:48,0,0,0,0,1,0
5256,2017-12-24T08:46:19,0,0,0,1,1,0
5257,2017-12-24T08:46:50,0,0,0,1,1,0
5258,2017-12-24T08:47:20,0,0,0,1,1,0
5259,2017-12-24T08:47:51,0,0,0,0,1,0
5260,2017-12-24T08:48:22,0,0,0,1,1,0
5261,2017-12-24T08:48:52,0,0,0,0,0,0
5262,2017-12-24T08:49:23,0,0,0,0,1,0
5263,2017-12-24T08:49:54,0,0,0,0,1,0
5264,2017-12-24T08:50:24,0,0,0,0,1,0
5265,2017-12-24T08:50:55,0,0,0,1,1,0
5266,2017-12-24T08:51:25,0,0,0,1,1,0
5267,2017-12-24T08:51:56,0,0,0,0,1,0
5268,2017-12-24T08:52:27,0,0,0,0,1,0
5269,2017-12-24T08:52:57,0,0,0,0,1,0
5270,2017-12-24T08:53:28,0,0,0,0,1,0
5271,2017-12-24T08:53:59,0,0,0,0,1,0
5272,2017-12-24T08:54:29,0,0,0,0,1,0
5273,2017-12-24T08:55:00,0,0,0,1,1,0
5274,2017-12-24T08:55:30,0,0,0,1,1,0
5275,2017-12-24T08:56:01,0,0,0,0,1,0
5276,2017-12-24T08:56:32,0,0,0,0,1,0
5277,2017-12-24T08:57:02,0,0,0,0,1,0
5278,2017-12-24T08:57:33,0,0,0,0,0,0
5279,2017-12-24T08:58:04,0,0,0,0,0,0
5280,2017-12-24T08:58:34,0,0,0,0,1,0
5281,2017-12-24T08:59:05,0,0,0,1,1,0
5282,2017-12-24T08:59:36,0,0,0,0,1,0
5283,2017-12-24T09:00:06,0,0,0,1,1,0
5284,2017-12-24T09:00:37,0,0,0,1,1,0
5285,2017-12-24T09:01:07,0,0,0,1,1,0
5286,2017-12-24T09:01:38,0,0,0,1,1,0
5287,2017-12-24T09:02:09,0,0,0,0,1,0
5288,2017-12-24T09:02:39,0,0,0,0,1,0
5289,2017-12-24T09:03:10,0,0,0,1,1,0
5290,2017-12-24T09:03:41,0,0,0,0,0,0
5291,2017-12-24T09:04:11,0,0,0,1,1,0
5292,2017-12-24T09:04:42,0,0,0,0,1,0
5293,2017-12-24T09:05:13,0,0,0,2,1,0
5294,2017-12-24T09:05:43,0,0,0,0,1,0
5295,2017-12-24T09:06:14,0,0,0,0,1,0
5296,2017-12-24T09:06:44,0,0,0,1,1,0
5297,2017-12-24T09:07:15,0,0,0,2,0,0
5298,2017-12-24T09:07:46,0,0,0,0,0,0
5299,2017-12-24T09:08:16,0,0,0,0,1,0
5300,2017-12-24T09:08:47,0,0,0,1,1,0
5301,2017-12-24T09:09:18,0,0,0,1,1,0
5302,2017-12-24T09:09:48,0,0,0,1,1,0
5303,2017-12-24T09:10:19,0,0,0,0,1,0
5304,2017-12-24T09:10:50,0,0,0,2,0,0
5305,2017-12-25T09:11:42,0,0,0,1,0,0
5306,2017-12-25T09:12:12,0,0,0,2,0,0
5307,2017-12-25T09:12:43,0,0,0,2,0,0
5308,2017-12-25T09:13:13,0,0,0,2,0,0
5309,2017-12-25T09:13:44,0,0,0,2,0,0
5310,2017-12-25T09:14:15,0,0,0,1,0,0
5311,2017-12-25T09:14:45,0,0,0,2,0,0
5312,2017-12-25T09:15:16,0,0,0,1,0,0
5313,2017-12-25T09:15:47,0,0,0,2,0,0
5314,2017-12-25T09:16:17,0,0,0,2,0,0
5315,2017-12-25T09:16:48,0,0,0,2,0,0
5316,2017-12-25T09:17:19,0,0,0,1,0,0
5317,2017-12-25T09:17:49,0,0,0,1,0,0
5318,2017-12-25T09:18:20,0,0,0,2,0,0
5319,2017-12-25T09:18:50,0,0,0,2,0,0
5320,2017-12-25T09:19:21,0,0,0,2,0,0
5321,2017-12-25T09:19:52,0,0,0,1,0,0
5322,2017-12-25T09:20:53,0,0,0,1,0,1
5323,2017-12-25T09:21:24,0,0,0,1,0,0
5324,2017-12-25T09:21:54,0,0,0,1,0,0
5325,2017-12-25T09:22:25,0,0,0,1,0,0
5326,2017-12-25T09:22:56,0,0,0,2,0,0
5327,2017-12-25T09:23:26,0,0,0,2,0,0
5328,2017-12-25T09:23:57,0,0,0,2,0,0
5329,2017-12-25T09:24:27,0,0,0,1,0,0
5330,2017-12-25T09:24:58,0,0,0,1,0,0
5331,2017-12-25T09:25:59,0,0,0,1,0,0
5332,2017-12-25T09:26:30,0,0,0,1,0,0
5333,2017-12-25T09:27:01,0,0,0,2,0,0
5334,2017-12-25T09:27:31,0,0,0,1,0,0
5335,2017-12-25T09:28:02,0,0,0,2,0,0
5336,2017-12-25T09:28:33,0,0,0,2,0,0
5337,2017-12-25T09:29:03,0,0,0,1,0,0
5338,2017-12-25T09:29:34,0,0,0,1,0,0
5339,2017-12-25T09:30:04,0,0,0,1,0,0
5340,2017-12-25T09:30:35,0,0,0,1,0,0
5341,2017-12-25T09:31:06,0,0,0,2,0,0
5342,2017-12-25T09:31:36,0,0,0,1,0,0
5343,2017-12-25T09:32:07,0,0,0,1,0,0
5344,2017-12-25T09:32:38,0,0,0,1,0,0
5345,2017-12-25T09:33:08,0,0,0,1,0,0
5346,2017-12-25T09:33:39,0,0,0,1,0,0
5347,2017-12-25T09:34:10,0,0,0,1,0,0
5348,2017-12-25T09:34:40,0,0,0,2,0,0
5349,2017-12-25T09:35:11,0,0,0,1,0,0
5350,2017-12-25T09:35:41,0,0,0,1,0,0
5351,2017-12-25T09:36:12,0,0,0,2,0,0
5352,2017-12-25T09:36:43,0,0,0,1,0,0
5353,2017-12-25T09:37:13,0,0,0,1,0,0
5354,2017-12-25T09:37:44,0,0,0,1,0,0
5355,2017-12-25T09:38:15,0,0,0,1,0,0
5356,2017-12-25T09:38:45,0,0,0,2,0,0
5357,2017-12-25T09:39:16,0,0,0,2,0,0
5358,2017-12-25T09:39:46,0,0,0,1,0,0
5359,2017-12-25T09:40:17,0,0,0,1,0,0
5360,2017-12-25T09:40:48,0,0,0,1,0,0
5361,2017-12-25T09:41:18,0,0,0,2,0,0
5362,2017-12-25T09:41:49,0,0,0,1,0,0
5363,2017-12-25T09:42:20,0,0,0,1,0,0
5364,2017-12-25T09:42:50,0,0,0,1,0,0
5365,2017-12-25T09:43:21,0,0,0,2,0,0
5366,2017-12-25T09:43:52,0,0,0,2,0,0
5367,2017-12-25T09:44:22,0,0,0,1,0,0
5368,2017-12-25T09:44:53,0,0,0,1,0,0
5369,2017-12-25T09:45:54,0,0,0,1,0,0
5370,2017-12-25T09:46:25,0,0,0,1,0,0
5371,2017-12-25T09:46:55,0,0,0,1,0,0
5372,2017-12-25T09:47:26,0,0,0,2,0,0
5373,2017-12-25T09:47:57,0,0,0,2,0,0
5374,2017-12-25T09:48:27,0,0,0,1,0,0
5375,2017-12-25T09:48:58,0,0,0,2,0,0
5376,2017-12-25T09:49:29,0,0,0,1,0,0
5377,2017-12-25T09:49:59,0,0,0,2,0,0
5378,2017-12-25T09:50:30,0,0,0,1,0,0
5379,2017-12-25T09:51:00,0,0,0,1,0,0
5380,2017-12-25T09:51:31,0,0,0,2,0,0
5381,2017-12-25T09:52:02,0,0,0,1,0,0
5382,2017-12-25T09:52:32,0,0,0,1,0,0
5383,2017-12-25T09:53:03,0,0,0,1,0,0
5384,2017-12-25T09:53:34,0,0,0,1,0,0
5385,2017-12-25T09:54:04,0,0,0,2,0,0
5386,2017-12-25T09:54:35,0,0,0,2,0,0
5387,2017-12-25T09:55:06,0,0,0,1,0,0
5388,2017-12-25T09:55:36,0,0,0,1,0,0
5389,2017-12-25T09:56:07,0,0,0,1,0,0
5390,2017-12-25T09:56:37,0,0,0,1,0,0
5391,2017-12-25T09:57:08,0,0,0,1,0,0
5392,2017-12-25T09:57:39,0,0,0,1,0,0
5393,2017-12-25T09:58:09,0,0,0,1,0,0
5394,2017-12-25T09:58:40,0,0,0,1,0,0
5395,2017-12-25T09:59:11,0,0,0,1,0,0
5396,2017-12-25T09:59:41,0,0,0,1,0,0
5397,2017-12-25T10:00:12,0,0,0,2,0,0
5398,2017-12-25T10:00:43,0,0,0,1,0,0
5399,2017-12-25T10:01:13,0,0,0,1,0,0
5400,2017-12-25T10:01:44,0,0,0,1,0,0
5401,2017-12-25T10:02:14,0,0,0,1,0,0
5402,2017-12-25T10:02:45,0,0,0,1,0,0
5403,2017-12-25T10:03:16,0,0,0,2,0,0
5404,2017-12-25T10:03:46,0,0,0,1,0,0
5405,2017-12-25T10:04:17,0,0,0,1,0,0
5406,2017-12-25T10:04:48,0,0,0,2,0,0
5407,2017-12-25T10:05:18,0,0,0,2,0,0
5408,2017-12-25T10:05:49,0,0,0,2,0,0
5409,2017-12-25T10:06:20,0,0,0,1,0,0
5410,2017-12-25T10:06:50,0,0,0,2,0,0
5411,2017-12-25T10:07:21,0,0,0,1,0,0
5412,2017-12-25T10:07:51,0,0,0,1,0,0
5413,2017-12-25T10:08:22,0,0,0,1,0,0
5414,2017-12-25T10:08:53,0,0,0,2,0,0
5415,2017-12-25T10:09:23,0,0,0,2,0,0
5416,2017-12-25T10:09:54,0,0,0,1,0,0
5417,2017-12-25T10:10:25,0,0,0,1,0,0
5418,2017-12-25T10:10:55,0,0,0,2,0,0
5419,2017-12-25T10:11:26,0,0,0,1,0,0
5420,2017-12-25T10:11:56,0,0,0,2,0,0
5421,2017-12-25T10:12:27,0,0,0,2,0,0
5422,2017-12-25T10:12:58,0,0,0,2,0,0
5423,2017-12-25T10:13:28,0,0,0,2,0,0
5424,2017-12-25T10:13:59,0,0,0,1,0,0
5425,2017-12-25T10:14:30,0,0,0,2,0,0
5426,2017-12-25T10:15:00,0,0,0,2,0,0
5427,2017-12-25T10:15:31,0,0,0,2,0,0
5428,2017-12-25T10:16:02,0,0,0,1,0,0
5429,2017-12-25T10:16:32,0,0,0,1,0,0
5430,2017-12-25T10:17:03,0,0,0,1,0,0
5431,2017-12-25T10:17:33,0,0,0,2,0,0
5432,2017-12-25T10:18:04,0,0,0,2,0,0
5433,2017-12-25T10:18:35,0,0,0,2,0,0
5434,2017-12-25T10:19:05,0,0,0,2,0,0
5435,2017-12-25T10:19:36,0,0,0,2,0,0
5436,2017-12-25T10:20:07,0,0,0,1,0,0
5437,2017-12-25T10:20:37,0,0,0,1,0,0
5438,2017-12-25T10:21:08,0,0,0,1,0,0
5439,2017-12-25T10:21:39,0,0,0,2,0,0
5440,2017-12-25T10:22:09,0,0,0,2,0,0
5441,2017-12-25T10:22:40,0,0,0,1,0,0
5442,2017-12-25T10:23:10,0,0,0,1,0,0
5443,2017-12-25T10:23:41,0,0,0,1,0,0
5444,2017-12-25T10:24:12,0,0,0,2,0,0
5445,2017-12-25T10:24:42,0,0,0,1,0,0
5446,2017-12-25T10:25:13,0,0,0,2,0,0
5447,2017-12-25T10:25:44,0,0,0,2,0,0
5448,2017-12-25T10:26:14,0,0,0,2,0,0
5449,2017-12-25T10:26:45,0,0,0,2,0,0
5450,2017-12-25T10:27:16,0,0,0,1,0,0
5451,2017-12-25T10:27:46,0,0,0,2,0,0
5452,2017-12-25T10:28:17,0,0,0,2,0,0
5453,2017-12-25T10:28:47,0,0,0,1,0,0
5454,2017-12-25T10:29:18,0,0,0,1,0,0
5455,2017-12-25T10:29:49,0,0,0,2,0,0
5456,2017-12-25T10:30:19,0,0,0,1,0,0
5457,2017-12-25T10:30:50,0,0,0,2,0,0
5458,2017-12-25T10:31:21,0,0,0,2,0,0
5459,2017-12-25T10:31:51,0,0,0,1,0,0
5460,2017-12-25T10:32:22,0,0,0,1,0,0
5461,2017-12-25T10:32:53,0,0,0,2,0,0
5462,2017-12-25T10:33:23,0,0,0,1,0,0
5463,2017-12-25T10:33:54,0,0,0,2,0,0
5464,2017-12-25T10:34:24,0,0,0,2,0,0
5465,2017-12-25T10:34:55,0,0,0,1,0,0
5466,2017-12-25T10:35:26,0,0,0,1,0,0
5467,2017-12-25T10:35:56,0,0,0,1,0,0
5468,2017-12-25T10:36:27,0,0,0,1,0,0
5469,2017-12-25T10:36:58,0,0,0,1,0,0
5470,2017-12-25T10:37:28,0,0,0,1,0,0
5471,2017-12-25T10:37:59,0,0,0,2,0,0
5472,2017-12-25T10:38:30,0,0,0,2,0,0
5473,2017-12-25T10:39:00,0,0,0,1,0,0
5474,2017-12-25T10:39:31,0,0,0,1,0,0
5475,2017-12-25T10:40:01,0,0,0,2,0,0
5476,2017-12-25T10:40:32,0,0,0,2,0,0
5477,2017-12-25T10:41:03,0,0,0,2,0,0
5478,2017-12-25T10:41:33,0,0,0,2,0,0
5479,2017-12-25T10:42:04,0,0,0,2,0,0
5480,2017-12-25T10:42:35,0,0,0,2,0,0
5481,2017-12-25T10:43:36,0,0,0,2,0,0
5482,2017-12-25T10:44:06,0,0,0,2,0,0
5483,2017-12-25T10:44:37,0,0,0,2,0,0
5484,2017-12-25T10:45:08,0,0,0,1,0,0
5485,2017-12-25T10:45:38,0,0,0,2,0,0
5486,2017-12-25T10:46:09,0,0,0,2,0,0
5487,2017-12-25T10:46:40,0,0,0,1,0,0
5488,2017-12-25T10:47:10,0,0,0,1,0,0
5489,2017-12-25T10:47:41,0,0,0,2,0,0
5490,2017-12-25T10:48:12,0,0,0,2,0,0
5491,2017-12-25T10:48:42,0,0,0,1,0,0
5492,2017-12-25T10:49:13,0,0,0,2,0,0
5493,2017-12-25T10:49:43,0,0,0,1,0,0
5494,2017-12-25T10:50:14,0,0,0,2,0,0
5495,2017-12-25T10:50:45,0,0,0,2,0,0
5496,2017-12-25T10:51:15,0,0,0,1,0,0
5497,2017-12-25T10:51:46,0,0,0,2,0,0
5498,2017-12-25T10:52:17,0,0,0,2,0,0
5499,2017-12-25T10:52:47,0,0,0,2,0,0
5500,2017-12-25T10:53:18,0,0,0,1,0,0
5501,2017-12-25T10:53:49,0,0,0,2,0,0
5502,2017-12-25T10:54:19,0,0,0,1,0,0
5503,2017-12-25T10:54:50,0,0,0,1,0,0
5504,2017-12-25T10:55:20,0,0,0,1,0,0
5505,2017-12-25T10:55:51,0,0,0,2,0,0
5506,2017-12-25T10:56:22,0,0,0,1,0,0
5507,2017-12-25T10:56:52,0,0,0,2,0,0
5508,2017-12-25T10:57:23,0,0,0,2,0,0
5509,2017-12-25T10:57:54,0,0,0,1,0,0
5510,2017-12-25T10:58:24,0,0,0,2,0,0
5511,2017-12-25T10:58:55,0,0,0,2,0,0
5512,2017-12-25T10:59:26,0,0,0,1,0,0
5513,2017-12-25T10:59:56,0,0,0,1,0,0
5514,2017-12-25T11:00:27,0,0,0,1,0,0
5515,2017-12-25T11:00:57,0,0,0,1,0,0
5516,2017-12-25T11:01:28,0,0,1,1,0,0
5517,2017-12-25T11:01:59,0,0,1,1,0,0
5518,2017-12-25T11:02:29,0,0,0,2,0,1
5519,2017-12-25T11:03:00,0,0,0,1,0,0
5520,2017-12-25T11:03:31,0,0,0,1,0,0
5521,2017-12-25T11:04:01,0,0,0,2,0,0
5522,2017-12-25T11:04:32,0,0,0,2,0,0
5523,2017-12-25T11:05:03,0,0,0,2,0,0
5524,2017-12-25T11:05:33,0,0,0,2,0,0
5525,2017-12-25T11:06:04,0,0,0,2,0,0
5526,2017-12-25T11:06:34,0,0,0,2,0,0
5527,2017-12-25T11:07:05,0,0,0,2,0,0
5528,2017-12-25T11:07:36,0,0,0,2,0,0
5529,2017-12-25T11:08:06,0,0,0,2,0,0
5530,2017-12-25T11:08:37,0,0,0,2,0,0
5531,2017-12-25T11:09:08,0,0,0,2,0,0
5532,2017-12-25T11:09:38,0,0,0,2,0,0
5533,2017-12-25T11:10:09,0,0,0,1,0,0
5534,2017-12-25T11:10:40,0,0,0,2,0,0
5535,2017-12-25T11:11:10,0,0,0,1,0,0
5536,2017-12-25T11:11:41,0,0,0,1,0,0
5537,2017-12-25T11:12:11,0,0,0,1,0,0
5538,2017-12-25T11:12:42,0,0,0,1,0,0
5539,2017-12-25T11:13:13,0,0,1,1,0,0
5540,2017-12-25T11:13:43,0,0,1,1,0,0
5541,2017-12-25T11:14:14,0,0,1,2,0,0
5542,2017-12-25T11:14:45,0,0,1,2,0,0
5543,2017-12-25T11:15:15,0,0,1,2,0,0
5544,2017-12-25T11:15:46,0,0,1,2,0,0
5545,2017-12-25T11:16:17,0,0,1,1,0,0
5546,2017-12-25T11:16:47,0,0,1,1,0,0
5547,2017-12-25T11:17:18,0,0,1,1,0,0
5548,2017-12-25T11:17:48,0,0,1,2,0,0
5549,2017-12-25T11:18:19,0,0,1,2,0,0
5550,2017-12-25T11:18:50,0,0,1,2,0,0
5551,2017-12-25T11:19:20,0,0,1,1,0,0
5552,2017-12-25T11:19:51,0,0,0,2,0,0
5553,2017-12-25T11:20:22,0,0,0,1,0,0
5554,2017-12-25T11:20:52,0,0,0,2,0,0
5555,2017-12-25T11:21:23,0,0,0,2,0,0
5556,2017-12-25T11:21:53,0,0,0,1,0,0
5557,2017-12-25T11:22:24,0,0,0,2,0,0
5558,2017-12-25T11:22:55,0,0,1,2,0,0
5559,2017-12-25T11:23:25,0,0,1,2,0,0
5560,2017-12-25T11:23:56,0,0,1,2,0,0
5561,2017-12-25T11:24:27,0,0,0,1,0,0
5562,2017-12-25T11:24:57,0,0,0,2,0,0
5563,2017-12-25T11:25:28,0,0,0,1,0,0
5564,2017-12-25T11:25:59,0,0,0,1,0,0
5565,2017-12-25T11:26:29,0,0,0,2,0,0
5566,2017-12-25T11:27:00,0,0,0,1,0,0
5567,2017-12-25T11:27:30,0,0,0,1,0,0
5568,2017-12-25T11:28:01,0,0,0,1,0,0
5569,2017-12-25T11:28:32,0,0,0,2,0,0
5570,2017-12-25T11:29:02,0,0,0,1,0,0
5571,2017-12-25T11:29:33,0,0,1,1,0,0
5572,2017-12-25T11:30:04,0,0,1,2,0,0
5573,2017-12-25T11:30:34,0,0,0,1,0,0
5574,2017-12-25T11:31:05,0,0,0,2,0,0
5575,2017-12-25T11:31:36,0,0,0,2,0,0
5576,2017-12-25T11:32:06,0,0,0,2,0,0
5577,2017-12-25T11:32:37,0,0,0,2,0,0
5578,2017-12-25T11:33:07,0,0,0,2,0,0
5579,2017-12-25T11:33:38,0,0,0,2,0,0
5580,2017-12-25T11:34:09,0,0,0,2,0,0
5581,2017-12-25T11:34:39,0,0,1,2,0,0
5582,2017-12-25T11:35:10,0,0,1,2,0,0
5583,2017-12-25T11:35:41,0,0,1,1,0,0
5584,2017-12-25T11:36:11,0,0,1,1,0,0
5585,2017-12-25T11:36:42,0,0,1,1,0,0
5586,2017-12-25T11:37:13,0,0,1,2,0,0
5587,2017-12-25T11:37:43,0,0,1,2,0,0
5588,2017-12-25T11:38:14,0,0,1,1,0,0
5589,2017-12-25T11:39:15,0,0,1,2,0,0
5590,2017-12-25T11:39:46,0,0,1,1,0,0
5591,2017-12-25T11:40:16,0,0,1,1,0,0
5592,2017-12-25T11:40:47,0,0,0,1,0,0
5593,2017-12-25T11:41:18,0,0,0,1,0,0
5594,2017-12-25T11:41:48,0,0,0,1,0,0
5595,2017-12-25T11:42:19,0,0,1,2,0,0
5596,2017-12-25T11:42:50,0,0,1,2,0,0
5597,2017-12-25T11:43:20,0,1,1,2,0,0
5598,2017-12-25T11:43:51,0,0,1,2,0,0
5599,2017-12-25T11:44:21,0,0,1,2,0,0
5600,2017-12-25T11:44:52,0,0,1,1,0,0
5601,2017-12-25T11:45:23,0,0,1,2,0,0
5602,2017-12-25T11:45:53,0,0,1,1,0,0
5603,2017-12-25T11:46:24,0,0,1,1,0,0
5604,2017-12-25T11:46:55,0,0,1,1,0,0
5605,2017-12-25T11:47:25,0,1,1,2,0,0
5606,2017-12-25T11:47:56,0,1,1,1,0,0
5607,2017-12-25T11:48:27,0,1,1,2,0,0
5608,2017-12-25T11:48:57,0,1,1,2,0,0
5609,2017-12-25T11:49:28,0,1,1,2,0,0
5610,2017-12-25T11:49:58,0,1,1,2,0,0
5611,2017-12-25T11:50:29,0,0,1,2,0,0
5612,2017-12-25T11:51:00,0,1,1,2,0,0
5613,2017-12-25T11:51:30,0,1,1,2,0,0
5614,2017-12-25T11:52:01,0,1,1,2,0,0
5615,2017-12-25T11:52:32,0,1,1,2,0,0
5616,2017-12-25T11:53:02,0,0,1,1,0,0
5617,2017-12-25T11:53:33,0,1,1,2,0,0
5618,2017-12-25T11:54:04,0,1,1,1,0,0
5619,2017-12-25T11:54:34,0,0,1,2,0,0
5620,2017-12-25T11:55:05,0,0,1,2,0,0
5621,2017-12-25T11:56:06,0,1,1,1,0,0
5622,2017-12-25T11:56:37,0,1,1,2,0,0
5623,2017-12-25T11:57:07,0,1,1,2,0,0
5624,2017-12-25T11:57:38,0,1,1,2,0,0
5625,2017-12-25T11:58:09,0,1,1,2,0,0
5626,2017-12-25T11:58:39,0,1,1,2,0,0
5627,2017-12-25T11:59:10,0,1,1,2,0,0
5628,2017-12-25T11:59:40,0,1,1,2,0,0
5629,2017-12-25T12:00:11,0,1,1,2,0,0
5630,2017-12-25T12:00:42,0,1,1,2,0,0
5631,2017-12-25T12:01:12,0,1,1,2,0,0
5632,2017-12-25T12:01:43,0,1,1,2,0,0
5633,2017-12-25T12:02:14,0,1,1,2,0,0
5634,2017-12-25T12:02:44,0,1,1,2,0,0
5635,2017-12-25T12:03:15,0,0,1,2,0,0
5636,2017-12-25T12:03:46,0,1,1,2,0,0
5637,2017-12-25T12:04:16,0,1,1,2,0,0
5638,2017-12-25T12:04:47,0,1,1,2,0,0
5639,2017-12-25T12:05:17,0,0,1,1,0,0
5640,2017-12-25T12:05:48,0,1,1,2,0,0
5641,2017-12-25T12:06:19,0,0,1,1,0,0
5642,2017-12-25T12:06:49,0,1,1,2,0,0
5643,2017-12-25T12:07:20,0,1,1,2,0,0
5644,2017-12-25T12:07:51,0,1,1,2,0,0
5645,2017-12-25T12:08:21,0,1,1,2,0,0
5646,2017-12-25T12:08:52,0,1,1,1,0,0
5647,2017-12-25T12:09:23,0,1,1,1,0,0
5648,2017-12-25T12:09:53,0,1,1,1,0,0
5649,2017-12-25T12:10:24,0,1,1,1,0,0
5650,2017-12-25T12:10:54,0,1,1,1,0,0
5651,2017-12-25T12:11:25,0,1,1,2,0,0
5652,2017-12-25T12:11:56,0,1,1,2,0,0
5653,2017-12-25T12:12:26,0,1,1,2,0,0
5654,2017-12-25T12:12:57,0,1,1,1,0,0
5655,2017-12-25T12:13:28,0,1,1,2,0,0
5656,2017-12-25T12:13:58,0,1,1,2,0,0
5657,2017-12-25T12:14:29,0,1,1,2,0,0
5658,2017-12-25T12:15:00,0,1,1,2,0,0
5659,2017-12-25T12:15:30,0,1,1,2,0,0
5660,2017-12-25T12:16:01,0,1,1,2,0,0
5661,2017-12-25T12:16:31,0,1,1,1,0,0
5662,2017-12-25T12:17:02,0,1,1,2,0,0
5663,2017-12-25T12:17:33,0,1,1,1,0,0
5664,2017-12-25T12:18:03,0,1,1,2,0,0
5665,2017-12-25T12:18:34,0,1,1,1,0,0
5666,2017-12-25T12:19:05,0,1,1,2,0,0
5667,2017-12-25T12:19:35,0,1,1,2,0,0
5668,2017-12-25T12:20:06,0,1,1,2,0,0
5669,2017-12-25T12:20:37,0,1,1,1,0,0
5670,2017-12-25T12:21:07,0,1,1,2,0,0
5671,2017-12-25T12:21:38,0,1,1,1,0,0
5672,2017-12-25T12:22:08,0,1,1,1,0,0
5673,2017-12-25T12:22:39,0,1,1,2,0,0
5674,2017-12-25T12:23:10,0,1,1,2,0,0
5675,2017-12-25T12:23:40,0,1,1,2,0,0
5676,2017-12-25T12:24:11,0,1,1,1,0,0
5677,2017-12-25T12:24:42,0,1,1,2,0,0
5678,2017-12-25T12:25:12,0,1,1,1,0,0
5679,2017-12-25T12:25:43,0,1,1,2,0,0
5680,2017-12-25T12:26:14,0,1,1,1,0,0
5681,2017-12-25T12:26:44,0,1,1,2,0,0
5682,2017-12-25T12:27:15,0,1,1,1,0,0
5683,2017-12-25T12:27:45,0,1,1,2,0,0
5684,2017-12-25T12:28:16,0,1,1,2,0,0
5685,2017-12-25T12:28:47,0,1,1,1,0,0
5686,2017-12-25T12:29:17,0,1,1,1,0,0
5687,2017-12-25T12:29:48,0,1,1,1,0,0
5688,2017-12-25T12:30:19,0,1,1,2,0,0
5689,2017-12-25T12:30:49,0,1,1,1,0,0
5690,2017-12-25T12:31:20,0,1,1,2,0,0
5691,2017-12-25T12:31:51,0,1,1,1,0,0
5692,2017-12-25T12:32:21,0,1,1,1,0,0
5693,2017-12-25T12:32:52,0,1,1,1,0,0
5694,2017-12-25T12:33:22,0,1,1,2,0,0
5695,2017-12-25T12:33:53,0,1,1,2,0,0
5696,2017-12-25T12:34:24,0,1,1,2,0,0
5697,2017-12-25T12:34:54,0,1,1,2,0,0
5698,2017-12-25T12:35:25,0,1,1,2,0,0
5699,2017-12-25T12:35:56,0,1,1,1,0,0
5700,2017-12-25T12:36:57,0,1,1,1,0,0
5701,2017-12-25T12:37:28,0,1,1,1,0,0
5702,2017-12-25T12:37:58,0,1,1,2,0,0
5703,2017-12-25T12:38:29,0,1,1,2,0,0
5704,2017-12-25T12:38:59,0,1,1,1,0,0
5705,2017-12-25T12:39:30,0,1,1,2,0,0
5706,2017-12-25T12:40:01,0,1,1,1,0,0
5707,2017-12-25T12:40:31,0,1,1,1,0,0
5708,2017-12-25T12:41:02,0,1,1,1,0,0
5709,2017-12-25T12:41:33,0,1,1,2,0,0
5710,2017-12-25T12:42:03,0,1,1,2,0,0
5711,2017-12-25T12:42:34,0,1,1,2,0,0
5712,2017-12-25T12:43:04,0,1,1,2,0,0
5713,2017-12-25T12:43:35,0,1,1,1,0,0
5714,2017-12-25T12:44:06,0,1,1,2,0,0
5715,2017-12-25T12:44:36,0,1,1,1,0,0
5716,2017-12-25T12:45:07,0,1,1,2,0,0
5717,2017-12-25T12:45:38,0,1,1,2,0,0
5718,2017-12-25T12:46:08,0,1,1,1,0,0
5719,2017-12-25T12:46:39,0,1,1,1,0,0
5720,2017-12-25T12:47:10,0,1,1,2,0,0
5721,2017-12-25T12:47:40,0,1,1,2,0,0
5722,2017-12-25T12:48:11,0,1,1,2,0,0
5723,2017-12-25T12:48:41,0,1,1,2,0,0
5724,2017-12-25T12:49:12,0,1,1,2,0,0
5725,2017-12-25T12:49:43,0,1,1,1,0,0
5726,2017-12-25T12:50:13,0,1,1,2,0,0
5727,2017-12-25T12:50:44,0,1,1,2,0,0
5728,2017-12-25T12:51:15,0,1,1,2,0,0
5729,2017-12-25T12:51:45,0,1,1,2,0,0
5730,2017-12-25T12:52:16,0,1,1,2,0,0
5731,2017-12-25T12:52:47,0,1,1,1,0,0
5732,2017-12-25T12:53:17,0,1,1,2,0,0
5733,2017-12-25T12:53:48,0,1,1,2,0,0
5734,2017-12-25T12:54:18,0,1,1,1,0,0
5735,2017-12-25T12:54:49,0,1,1,2,0,0
5736,2017-12-25T12:55:20,0,1,1,2,0,0
5737,2017-12-25T12:55:50,0,1,1,2,0,0
5738,2017-12-25T12:56:21,0,1,1,2,0,0
5739,2017-12-25T12:56:52,0,1,1,1,0,0
5740,2017-12-25T12:57:22,0,1,1,1,0,0
5741,2017-12-25T12:57:53,0,1,1,1,0,0
5742,2017-12-25T12:58:24,0,1,1,1,0,0
5743,2017-12-25T12:58:54,0,1,1,1,0,0
5744,2017-12-25T12:59:25,0,1,1,2,0,0
5745,2017-12-25T12:59:55,0,1,1,2,0,0
5746,2017-12-25T13:00:26,0,1,1,1,0,0
5747,2017-12-25T13:00:57,0,1,1,2,0,0
5748,2017-12-25T13:01:27,0,1,1,2,0,0
5749,2017-12-25T13:01:58,0,1,1,1,0,0
5750,2017-12-25T13:02:29,0,1,1,1,0,0
5751,2017-12-25T13:02:59,0,1,1,2,0,0
5752,2017-12-25T13:03:30,0,1,1,1,0,0
5753,2017-12-25T13:04:01,0,1,1,2,0,0
5754,2017-12-25T13:04:31,0,1,1,1,0,0
5755,2017-12-25T13:05:02,0,1,1,2,0,0
5756,2017-12-25T13:05:32,0,1,1,1,0,0
5757,2017-12-25T13:06:03,0,1,1,2,0,0
5758,2017-12-25T13:06:34,0,1,1,2,0,0
5759,2017-12-25T13:07:04,0,1,1,1,0,0
5760,2017-12-25T13:07:35,0,1,1,1,0,0
5761,2017-12-25T13:08:06,0,1,1,2,0,0
5762,2017-12-25T13:08:36,0,1,1,2,0,0
5763,2017-12-25T13:09:07,0,1,1,1,0,0
5764,2017-12-25T13:09:38,0,1,1,1,0,0
5765,2017-12-25T13:10:08,0,1,1,2,0,0
5766,2017-12-25T13:10:39,0,1,1,1,0,0
5767,2017-12-25T13:11:09,0,1,1,2,0,0
5768,2017-12-25T13:11:40,0,1,1,2,0,0
5769,2017-12-25T13:12:11,0,1,1,1,0,0
5770,2017-12-25T13:12:41,0,1,1,2,0,0
5771,2017-12-25T13:13:12,0,1,1,2,0,0
5772,2017-12-25T13:13:43,0,1,1,2,0,0
5773,2017-12-25T13:14:13,0,1,1,2,0,0
5774,2017-12-25T13:14:44,0,1,1,2,0,0
5775,2017-12-25T13:15:14,0,1,1,2,0,0
5776,2017-12-25T13:15:45,0,1,1,2,0,0
5777,2017-12-25T13:16:16,0,1,1,2,0,0
5778,2017-12-25T13:16:46,0,1,1,1,0,0
5779,2017-12-25T13:17:17,0,1,1,1,0,0
5780,2017-12-25T13:17:48,0,1,1,2,0,0
5781,2017-12-25T13:18:18,0,1,1,1,0,0
5782,2017-12-25T13:18:49,0,1,1,2,0,0
5783,2017-12-25T13:19:20,0,1,1,2,0,0
5784,2017-12-25T13:19:50,0,1,1,1,0,0
5785,2017-12-25T13:20:21,0,1,1,1,0,0
5786,2017-12-25T13:20:51,0,1,1,2,0,0
5787,2017-12-25T13:21:22,0,1,1,2,0,0
5788,2017-12-25T13:21:53,0,1,1,2,0,0
5789,2017-12-25T13:22:23,0,1,1,2,0,0
5790,2017-12-25T13:22:54,0,1,1,2,0,0
5791,2017-12-25T13:23:25,0,1,1,2,0,0
5792,2017-12-25T13:23:55,0,1,1,2,0,0
5793,2017-12-25T13:24:26,0,1,1,1,0,0
5794,2017-12-25T13:24:57,0,1,1,2,0,0
5795,2017-12-25T13:25:27,0,1,1,2,0,0
5796,2017-12-25T13:25:58,0,1,1,2,0,0
5797,2017-12-25T13:26:28,0,1,1,1,0,0
5798,2017-12-25T13:26:59,0,1,1,2,0,0
5799,2017-12-25T13:27:30,0,1,1,2,0,0
5800,2017-12-25T13:28:00,0,1,1,2,0,0
5801,2017-12-25T13:28:31,0,1,1,1,0,0
5802,2017-12-25T13:29:02,0,1,1,1,0,0
5803,2017-12-25T13:29:32,0,1,1,2,0,0
5804,2017-12-25T13:30:03,0,1,1,1,0,0
5805,2017-12-25T13:30:34,0,1,1,1,0,0
5806,2017-12-25T13:31:04,0,1,1,2,0,0
5807,2017-12-25T13:31:35,0,1,1,1,0,0
5808,2017-12-25T13:32:36,0,1,1,2,0,0
5809,2017-12-25T13:33:07,0,1,1,2,0,0
5810,2017-12-25T13:33:37,0,1,1,2,0,0
5811,2017-12-25T13:34:08,0,1,1,1,0,0
5812,2017-12-25T13:34:39,0,1,1,2,0,0
5813,2017-12-25T13:35:09,0,1,1,1,0,0
5814,2017-12-25T13:35:40,0,1,1,1,0,0
5815,2017-12-25T13:36:11,0,1,1,2,0,0
5816,2017-12-25T13:36:41,0,1,1,1,0,0
5817,2017-12-25T13:37:12,0,1,1,1,0,0
5818,2017-12-25T13:37:42,0,1,1,2,0,0
5819,2017-12-25T13:38:13,0,1,1,1,0,0
5820,2017-12-25T13:38:44,0,1,1,1,0,0
5821,2017-12-25T13:39:14,0,1,1,1,0,0
5822,2017-12-25T13:39:45,0,1,1,2,0,0
5823,2017-12-25T13:40:16,0,1,1,1,0,0
5824,2017-12-25T13:40:46,0,1,1,1,0,0
5825,2017-12-25T13:41:17,0,1,1,2,0,0
5826,2017-12-25T13:41:48,0,1,1,1,0,0
5827,2017-12-25T13:42:18,0,1,1,2,0,0
5828,2017-12-25T13:42:49,0,1,1,2,0,0
5829,2017-12-25T13:43:19,0,1,1,2,0,0
5830,2017-12-25T13:43:50,0,1,1,1,0,0
5831,2017-12-25T13:44:21,0,1,1,1,0,0
5832,2017-12-25T13:44:51,0,1,1,1,0,0
5833,2017-12-25T13:45:22,0,1,1,2,0,0
5834,2017-12-25T13:45:53,0,1,1,1,0,0
5835,2017-12-25T13:46:23,0,1,1,2,0,0
5836,2017-12-25T13:46:54,0,1,1,2,0,0
5837,2017-12-25T13:47:25,0,1,1,2,0,0
5838,2017-12-25T13:47:55,0,1,1,1,0,0
5839,2017-12-25T13:48:26,0,1,1,1,0,0
5840,2017-12-25T13:48:56,0,1,1,2,0,0
5841,2017-12-25T13:49:27,0,1,1,1,0,0
5842,2017-12-25T13:49:58,0,1,1,1,0,0
5843,2017-12-25T13:50:28,0,1,1,1,0,0
5844,2017-12-25T13:50:59,0,1,1,1,0,0
5845,2017-12-25T13:51:30,0,1,1,1,0,0
5846,2017-12-25T13:52:00,0,1,1,1,0,0
5847,2017-12-25T13:52:31,0,1,1,2,0,0
5848,2017-12-25T13:53:01,0,1,1,2,0,0
5849,2017-12-25T13:53:32,0,1,1,2,0,0
5850,2017-12-25T13:54:03,0,1,1,2,0,0
5851,2017-12-25T13:54:33,0,1,1,1,0,0
5852,2017-12-25T13:55:04,0,1,1,1,0,0
5853,2017-12-25T13:55:35,0,1,1,2,0,0
5854,2017-12-25T13:56:05,0,1,1,1,0,0
5855,2017-12-25T13:56:36,0,1,1,2,0,0
5856,2017-12-25T13:57:07,0,1,1,2,0,0
5857,2017-12-25T13:57:37,0,1,1,2,0,0
5858,2017-12-25T13:58:08,0,1,1,1,0,0
5859,2017-12-25T13:58:38,0,1,1,1,0,0
5860,2017-12-25T13:59:09,0,1,1,2,0,0
5861,2017-12-25T13:59:40,0,1,1,1,0,0
5862,2017-12-25T14:00:10,0,1,1,2,0,0
5863,2017-12-25T14:00:41,0,1,1,1,0,0
5864,2017-12-25T14:01:12,0,1,1,2,0,0
5865,2017-12-25T14:01:42,0,1,1,2,0,0
5866,2017-12-25T14:02:13,0,1,1,2,0,0
5867,2017-12-25T14:02:44,0,1,1,2,0,0
5868,2017-12-25T14:03:14,0,1,1,1,0,0
5869,2017-12-25T14:03:45,0,1,1,1,0,0
5870,2017-12-25T14:04:15,0,1,1,2,0,0
5871,2017-12-25T14:04:46,0,1,1,2,0,0
5872,2017-12-25T14:05:17,0,1,1,1,0,0
5873,2017-12-25T14:05:47,0,1,1,2,0,0
5874,2017-12-25T14:06:18,0,1,1,1,0,0
5875,2017-12-25T14:06:49,0,1,1,2,0,0
5876,2017-12-25T14:07:19,0,1,1,2,0,0
5877,2017-12-25T14:07:50,0,1,1,1,0,0
5878,2017-12-25T14:08:21,0,1,1,2,0,0
5879,2017-12-25T14:08:51,0,1,1,2,0,0
5880,2017-12-25T14:09:22,0,1,1,2,0,0
5881,2017-12-25T14:09:52,0,1,1,1,0,0
5882,2017-12-25T14:10:23,0,1,1,1,0,0
5883,2017-12-25T14:10:54,0,1,1,2,0,0
5884,2017-12-25T14:11:24,0,1,1,1,0,0
5885,2017-12-25T14:11:55,0,1,1,1,0,0
5886,2017-12-25T14:12:26,0,1,1,2,0,0
5887,2017-12-25T14:12:56,0,1,1,2,0,0
5888,2017-12-25T14:13:27,0,1,1,2,0,0
5889,2017-12-25T14:13:58,0,1,1,2,0,0
5890,2017-12-25T14:14:28,0,1,1,2,0,0
5891,2017-12-25T14:14:59,0,1,1,2,0,0
5892,2017-12-25T14:15:29,0,1,1,2,0,0
5893,2017-12-25T14:16:00,0,1,1,2,0,0
5894,2017-12-25T14:16:31,0,1,1,1,0,0
5895,2017-12-25T14:17:01,0,1,1,1,0,0
5896,2017-12-25T14:17:32,0,1,1,2,0,0
5897,2017-12-25T14:18:03,0,1,1,2,0,0
5898,2017-12-25T14:18:33,0,1,1,2,0,0
5899,2017-12-25T14:19:04,0,1,1,2,0,0
5900,2017-12-25T14:19:35,0,1,1,2,0,0
5901,2017-12-25T14:20:05,0,1,1,2,0,0
5902,2017-12-25T14:20:36,0,1,1,2,0,0
5903,2017-12-25T14:21:06,0,1,1,1,0,0
5904,2017-12-25T14:21:37,0,1,1,2,0,0
5905,2017-12-25T14:22:08,0,1,1,2,0,0
5906,2017-12-25T14:22:38,0,1,1,2,0,0
5907,2017-12-25T14:23:09,0,1,1,1,0,0
5908,2017-12-25T14:23:40,0,1,1,2,0,0
5909,2017-12-25T14:24:10,0,1,1,1,0,0
5910,2017-12-25T14:24:41,0,1,1,2,0,0
5911,2017-12-25T14:25:12,0,1,1,2,0,0
5912,2017-12-25T14:25:42,0,1,1,1,0,0
5913,2017-12-25T14:26:13,0,2,1,2,0,0
5914,2017-12-25T14:26:43,0,1,1,2,0,0
5915,2017-12-25T14:27:14,0,1,1,2,0,0
5916,2017-12-25T14:27:45,0,1,1,2,0,0
5917,2017-12-25T14:28:46,0,1,1,1,0,0
5918,2017-12-25T14:29:17,0,2,1,2,0,0
5919,2017-12-25T14:29:47,0,1,1,2,0,0
5920,2017-12-25T14:30:18,0,1,1,2,0,0
5921,2017-12-25T14:30:49,0,1,1,2,0,0
5922,2017-12-25T14:31:19,0,1,1,2,0,0
5923,2017-12-25T14:31:50,0,1,1,1,0,0
5924,2017-12-25T14:32:20,0,1,1,1,0,0
5925,2017-12-25T14:32:51,0,1,1,1,0,0
5926,2017-12-25T14:33:22,0,1,1,1,0,0
5927,2017-12-25T14:33:52,0,1,1,2,0,0
5928,2017-12-25T14:34:23,0,1,1,2,0,0
5929,2017-12-25T14:34:54,0,1,1,2,0,0
5930,2017-12-25T14:35:24,0,1,1,2,0,0
5931,2017-12-25T14:35:55,0,2,1,1,0,0
5932,2017-12-25T14:36:25,0,2,1,2,0,0
5933,2017-12-25T14:37:27,0,2,1,2,0,1
5934,2017-12-25T14:37:57,0,1,1,1,0,0
5935,2017-12-25T14:38:28,0,1,1,2,0,0
5936,2017-12-25T14:38:59,0,1,1,1,0,0
5937,2017-12-25T14:39:29,0,1,1,2,0,0
5938,2017-12-25T14:40:00,0,1,1,2,0,0
5939,2017-12-25T14:40:31,0,1,1,2,0,0
5940,2017-12-25T14:41:01,0,1,1,2,0,0
5941,2017-12-25T14:41:32,0,1,1,2,0,0
5942,2017-12-25T14:42:02,0,2,1,2,0,0
5943,2017-12-25T14:42:33,0,1,1,2,0,0
5944,2017-12-25T14:43:04,0,2,1,2,0,0
5945,2017-12-25T14:43:34,0,1,1,2,0,0
5946,2017-12-25T14:44:05,0,1,1,2,0,0
5947,2017-12-25T14:44:36,0,1,1,2,0,0
5948,2017-12-25T14:45:06,0,2,1,1,0,0
5949,2017-12-25T14:45:37,0,2,1,2,0,0
5950,2017-12-25T14:46:08,0,1,1,2,0,0
5951,2017-12-25T14:46:38,0,1,1,2,0,0
5952,2017-12-25T14:47:09,0,1,1,2,0,0
5953,2017-12-25T14:47:39,0,2,1,1,0,0
5954,2017-12-25T14:48:10,0,2,1,1,0,0
5955,2017-12-25T14:48:41,0,1,1,1,0,0
5956,2017-12-25T14:49:11,0,2,1,2,0,0
5957,2017-12-25T14:49:42,0,1,1,2,0,0
5958,2017-12-25T14:50:13,0,1,1,1,0,0
5959,2017-12-25T14:50:43,0,1,1,1,0,0
5960,2017-12-25T14:51:14,0,2,1,1,0,0
5961,2017-12-25T14:51:45,0,2,1,1,0,0
5962,2017-12-25T14:52:15,0,2,1,2,0,0
5963,2017-12-25T14:52:46,0,2,1,2,0,0
5964,2017-12-25T14:53:16,0,2,1,2,0,0
5965,2017-12-25T14:53:47,0,2,1,2,0,0
5966,2017-12-25T14:54:18,0,1,1,1,0,0
5967,2017-12-25T14:54:48,0,2,1,2,0,0
5968,2017-12-25T14:55:19,0,2,1,2,0,0
5969,2017-12-25T14:55:50,0,2,1,2,0,0
5970,2017-12-25T14:56:20,0,1,1,2,0,0
5971,2017-12-25T14:56:51,0,2,1,2,0,0
5972,2017-12-25T14:57:22,0,1,1,2,0,0
5973,2017-12-25T14:57:52,0,1,1,1,0,0
5974,2017-12-25T14:58:23,0,2,1,1,0,0
5975,2017-12-25T14:58:53,0,2,1,2,0,0
5976,2017-12-25T14:59:24,0,1,1,2,0,0
5977,2017-12-25T14:59:55,0,2,1,1,0,0
5978,2017-12-25T15:00:25,0,2,1,2,0,0
5979,2017-12-25T15:00:56,0,2,1,2,0,0
5980,2017-12-25T15:01:27,0,2,1,2,0,0
5981,2017-12-25T15:01:57,0,2,1,2,0,0
5982,2017-12-25T15:02:28,0,2,1,2,0,0
5983,2017-12-25T15:03:29,0,2,1,2,0,0
5984,2017-12-25T15:04:00,0,2,1,2,0,0
5985,2017-12-25T15:04:30,0,2,1,2,0,0
5986,2017-12-25T15:05:01,0,2,1,1,0,0
5987,2017-12-25T15:05:32,0,1,1,1,0,0
5988,2017-12-25T15:06:02,0,2,1,2,0,0
5989,2017-12-25T15:06:33,0,2,1,2,0,0
5990,2017-12-25T15:07:04,0,2,1,1,0,0
5991,2017-12-25T15:07:34,0,1,1,2,0,0
5992,2017-12-25T15:08:05,0,2,1,1,0,0
5993,2017-12-25T15:08:35,0,2,1,2,0,0
5994,2017-12-25T15:09:06,0,2,1,2,0,0
5995,2017-12-25T15:09:37,0,2,1,2,0,0
5996,2017-12-25T15:10:07,0,2,1,2,0,0
5997,2017-12-25T15:10:38,0,2,1,2,0,0
5998,2017-12-25T15:11:09,0,2,1,2,0,0
5999,2017-12-25T15:11:39,0,2,1,2,0,0
6000,2017-12-25T15:12:10,0,2,1,2,0,0
6001,2017-12-25T15:12:41,0,2,1,1,0,0
6002,2017-12-25T15:13:11,0,2,1,2,0,0
6003,2017-12-25T15:13:42,0,2,1,1,0,0
6004,2017-12-25T15:14:12,0,2,1,2,0,0
6005,2017-12-25T15:14:43,0,2,1,2,0,0
6006,2017-12-25T15:15:14,0,2,1,1,0,0
6007,2017-12-25T15:15:44,0,2,1,2,0,0
6008,2017-12-25T15:16:15,0,2,1,2,0,0
6009,2017-12-25T15:16:46,0,2,1,2,0,0
6010,2017-12-25T15:17:16,0,2,1,2,0,0
6011,2017-12-25T15:17:47,0,2,1,2,0,0
6012,2017-12-25T15:18:18,0,2,1,2,0,0
6013,2017-12-25T15:18:48,0,2,1,2,0,0
6014,2017-12-25T15:19:19,0,2,1,2,0,0
6015,2017-12-25T15:19:49,0,2,1,2,0,0
6016,2017-12-25T15:20:20,0,2,1,2,0,0
6017,2017-12-25T15:20:51,0,2,1,2,0,0
6018,2017-12-25T15:21:21,0,2,1,2,0,0
6019,2017-12-25T15:21:52,0,2,0,2,0,0
6020,2017-12-25T15:22:23,0,2,0,2,0,0
6021,2017-12-25T15:23:24,0,2,0,2,0,0
6022,2017-12-25T15:23:55,0,2,0,2,0,0
6023,2017-12-25T15:24:25,0,2,0,2,0,0
6024,2017-12-25T15:24:56,0,2,0,2,0,0
6025,2017-12-25T15:25:26,0,2,0,2,0,0
6026,2017-12-25T15:25:57,0,1,0,2,0,0
6027,2017-12-25T15:26:28,0,2,0,2,0,0
6028,2017-12-25T15:26:58,0,2,0,2,0,0
6029,2017-12-25T15:27:29,0,2,0,2,0,0
6030,2017-12-25T15:28:00,0,2,0,1,0,0
6031,2017-12-25T15:28:30,0,2,0,2,0,0
6032,2017-12-25T15:29:01,0,2,0,2,0,0
6033,2017-12-25T15:29:32,0,2,0,2,0,0
6034,2017-12-25T15:30:02,0,2,0,2,0,0
6035,2017-12-25T15:30:33,0,1,0,2,0,0
6036,2017-12-25T15:31:03,0,1,0,2,0,0
6037,2017-12-25T15:31:34,0,2,0,2,0,0
6038,2017-12-25T15:32:05,0,2,0,2,0,0
6039,2017-12-25T15:32:35,0,2,0,2,0,0
6040,2017-12-25T15:33:06,0,2,0,2,0,0
6041,2017-12-25T15:33:37,0,2,0,2,0,0
6042,2017-12-25T15:34:07,0,2,0,1,0,0
6043,2017-12-25T15:34:38,0,2,0,2,0,0
6044,2017-12-25T15:35:09,0,2,0,2,0,0
6045,2017-12-25T15:35:39,0,2,0,2,0,0
6046,2017-12-25T15:36:10,0,2,0,2,0,0
6047,2017-12-25T15:36:40,0,2,0,1,0,0
6048,2017-12-25T15:37:11,0,2,0,2,0,0
6049,2017-12-25T15:37:42,0,2,0,2,0,0
6050,2017-12-25T15:38:12,0,2,0,2,0,0
6051,2017-12-25T15:38:43,0,1,0,2,0,0
6052,2017-12-25T15:39:14,0,2,0,2,0,0
6053,2017-12-25T15:39:44,0,1,0,2,0,0
6054,2017-12-25T15:40:15,0,2,0,2,0,0
6055,2017-12-25T15:40:45,0,2,0,2,0,0
6056,2017-12-25T15:41:16,0,2,0,1,0,0
6057,2017-12-25T15:41:47,0,2,0,1,0,0
6058,2017-12-25T15:42:17,0,2,0,1,0,0
6059,2017-12-25T15:42:48,0,2,0,2,0,0
6060,2017-12-25T15:43:19,0,1,0,2,0,0
6061,2017-12-25T15:43:49,0,2,0,2,0,0
6062,2017-12-25T15:44:20,0,2,0,2,0,0
6063,2017-12-25T15:44:51,0,2,0,2,0,0
6064,2017-12-25T15:45:21,0,2,0,2,0,0
6065,2017-12-25T15:45:52,0,2,0,1,0,0
6066,2017-12-25T15:46:22,0,2,0,1,0,0
6067,2017-12-25T15:46:53,0,2,0,1,0,0
6068,2017-12-25T15:47:24,0,2,0,1,0,0
6069,2017-12-25T15:47:54,0,2,0,2,0,0
6070,2017-12-25T15:48:25,0,2,0,2,0,0
6071,2017-12-25T15:48:56,0,2,0,1,0,0
6072,2017-12-25T15:49:26,0,2,0,2,0,0
6073,2017-12-25T15:49:57,0,2,0,2,0,0
6074,2017-12-25T15:50:28,0,2,0,2,0,0
6075,2017-12-25T15:50:58,0,2,0,2,0,0
6076,2017-12-25T15:51:29,0,2,0,2,0,0
6077,2017-12-25T15:51:59,0,2,0,2,0,0
6078,2017-12-25T15:52:30,0,2,0,2,0,0
6079,2017-12-25T15:53:01,0,2,0,1,0,0
6080,2017-12-25T15:53:31,0,2,0,2,0,1
6081,2017-12-25T15:54:02,0,2,0,2,0,0
6082,2017-12-25T15:54:33,0,2,0,1,0,0
6083,2017-12-25T15:55:03,0,2,0,1,0,0
6084,2017-12-25T15:55:34,0,2,0,1,0,0
6085,2017-12-25T15:56:05,0,2,0,2,0,0
6086,2017-12-25T15:56:35,0,2,0,2,0,0
6087,2017-12-25T15:57:06,0,2,0,2,0,0
6088,2017-12-25T15:57:36,0,2,0,2,0,0
6089,2017-12-25T15:58:07,0,2,0,2,0,0
6090,2017-12-25T15:58:38,0,2,0,2,0,0
6091,2017-12-25T15:59:08,0,2,0,2,0,0
6092,2017-12-25T15:59:39,0,2,0,1,0,0
6093,2017-12-25T16:00:10,0,2,0,2,0,0
6094,2017-12-25T16:00:40,0,2,0,2,0,0
6095,2017-12-25T16:01:11,0,2,0,2,0,0
6096,2017-12-25T16:01:42,0,2,0,2,0,0
6097,2017-12-25T16:02:12,0,2,0,1,0,0
6098,2017-12-25T16:02:43,0,2,0,1,0,0
6099,2017-12-25T16:03:13,0,2,0,2,0,0
6100,2017-12-25T16:03:44,0,2,0,2,0,0
6101,2017-12-25T16:04:15,0,2,0,1,0,0
6102,2017-12-25T16:04:45,0,2,0,2,0,0
6103,2017-12-25T16:05:16,0,2,0,2,0,0
6104,2017-12-25T16:05:47,0,2,0,1,0,0
6105,2017-12-25T16:06:17,0,2,0,2,0,0
6106,2017-12-25T16:06:48,0,2,0,2,0,0
6107,2017-12-25T16:07:19,0,2,0,1,0,0
6108,2017-12-25T16:07:49,0,2,0,2,0,0
6109,2017-12-25T16:08:20,0,2,0,2,0,0
6110,2017-12-25T16:08:50,0,2,0,1,0,0
6111,2017-12-25T16:09:21,0,2,0,2,0,0
6112,2017-12-25T16:09:52,0,2,0,2,0,0
6113,2017-12-25T16:10:22,0,2,0,2,0,0
6114,2017-12-25T16:10:53,0,2,0,2,0,0
6115,2017-12-25T16:11:24,0,2,0,2,0,0
6116,2017-12-25T16:11:54,0,2,0,2,0,0
6117,2017-12-25T16:12:25,0,2,0,2,0,0
6118,2017-12-25T16:12:56,0,2,0,1,0,0
6119,2017-12-25T16:13:26,0,2,0,1,0,0
6120,2017-12-25T16:13:57,0,2,0,1,0,0
6121,2017-12-25T16:14:27,0,2,0,1,0,0
6122,2017-12-25T16:14:58,0,2,0,2,0,0
6123,2017-12-25T16:15:29,0,2,0,2,0,0
6124,2017-12-25T16:15:59,0,2,0,2,0,0
6125,2017-12-25T16:16:30,0,2,0,1,0,0
6126,2017-12-25T16:17:01,0,2,0,1,0,0
6127,2017-12-25T16:17:31,0,1,0,1,0,0
6128,2017-12-25T16:18:02,0,1,0,2,0,0
6129,2017-12-25T16:18:32,0,2,0,1,0,0
6130,2017-12-25T16:19:03,0,2,0,2,0,0
6131,2017-12-25T16:19:34,0,2,0,1,0,0
6132,2017-12-25T16:20:35,0,2,0,2,0,0
6133,2017-12-25T16:21:06,0,2,0,1,0,0
6134,2017-12-25T16:21:36,0,2,0,2,0,0
6135,2017-12-25T16:22:07,0,1,0,2,0,0
6136,2017-12-25T16:22:38,0,2,0,2,0,0
6137,2017-12-25T16:23:08,0,2,0,1,0,0
6138,2017-12-25T16:23:39,0,2,0,2,0,0
6139,2017-12-25T16:24:09,0,1,0,2,0,0
6140,2017-12-25T16:24:40,0,2,0,2,0,0
6141,2017-12-25T16:25:11,0,2,0,1,0,0
6142,2017-12-25T16:25:41,0,1,0,2,0,0
6143,2017-12-25T16:26:12,0,1,0,2,0,0
6144,2017-12-25T16:26:43,0,2,0,1,0,0
6145,2017-12-25T16:27:13,0,2,0,1,0,0
6146,2017-12-25T16:27:44,0,2,0,2,0,0
6147,2017-12-25T16:28:15,0,2,0,2,0,0
6148,2017-12-25T16:28:45,0,2,0,1,0,0
6149,2017-12-25T16:29:16,0,2,0,1,0,0
6150,2017-12-25T16:29:46,0,2,0,2,0,0
6151,2017-12-25T16:30:17,0,2,0,2,0,0
6152,2017-12-25T16:30:48,0,2,0,2,0,0
6153,2017-12-25T16:31:18,0,2,0,1,0,0
6154,2017-12-25T16:31:49,0,2,0,1,0,0
6155,2017-12-25T16:32:20,0,2,0,1,0,0
6156,2017-12-25T16:32:50,0,2,0,1,0,0
6157,2017-12-25T16:33:21,0,2,0,1,0,0
6158,2017-12-25T16:33:52,0,2,0,2,0,0
6159,2017-12-25T16:34:22,0,2,0,1,0,0
6160,2017-12-25T16:34:53,0,2,0,1,0,0
6161,2017-12-25T16:35:23,0,2,0,1,0,0
6162,2017-12-25T16:35:54,0,2,0,2,0,0
6163,2017-12-25T16:36:25,0,2,0,2,0,0
6164,2017-12-25T16:36:55,0,2,0,2,0,0
6165,2017-12-25T16:37:26,0,2,0,2,0,0
6166,2017-12-25T16:37:57,0,2,0,2,0,0
6167,2017-12-25T16:38:27,0,2,0,2,0,0
6168,2017-12-25T16:38:58,0,2,0,2,0,0
6169,2017-12-25T16:39:29,0,2,0,2,0,0
6170,2017-12-25T16:39:59,0,2,0,2,0,0
6171,2017-12-25T16:40:30,0,2,0,2,0,0
6172,2017-12-25T16:41:00,0,2,0,2,0,0
6173,2017-12-25T16:41:31,0,2,0,2,0,0
6174,2017-12-25T16:42:02,0,2,0,2,0,0
6175,2017-12-25T16:42:32,0,2,0,2,0,0
6176,2017-12-25T16:43:03,0,2,0,1,0,0
6177,2017-12-25T16:43:34,0,2,0,2,0,0
6178,2017-12-25T16:44:04,0,2,0,1,0,0
6179,2017-12-25T16:44:35,0,2,0,2,0,0
6180,2017-12-25T16:45:06,0,2,0,1,0,0
6181,2017-12-25T16:45:36,0,2,0,2,0,0
6182,2017-12-25T16:46:07,0,2,0,1,0,0
6183,2017-12-25T16:46:37,0,2,0,2,0,0
6184,2017-12-25T16:47:08,0,2,0,2,0,0
6185,2017-12-25T16:47:39,0,2,0,1,0,0
6186,2017-12-25T16:48:09,0,2,0,2,0,0
6187,2017-12-25T16:48:40,0,2,0,2,0,0
6188,2017-12-25T16:49:11,0,2,0,1,0,0
6189,2017-12-25T16:49:41,0,2,0,2,0,0
6190,2017-12-25T16:50:12,0,2,0,1,0,0
6191,2017-12-25T16:50:43,0,2,0,2,0,0
6192,2017-12-25T16:51:13,0,2,0,2,0,0
6193,2017-12-25T16:51:44,0,2,0,2,0,0
6194,2017-12-25T16:52:14,0,1,0,2,0,0
6195,2017-12-25T16:52:45,0,1,0,1,0,0
6196,2017-12-25T16:53:16,0,1,0,2,0,0
6197,2017-12-25T16:53:46,0,2,0,2,0,0
6198,2017-12-25T16:54:17,0,2,0,1,0,0
6199,2017-12-25T16:54:48,0,2,0,1,0,0
6200,2017-12-25T16:55:18,0,2,0,2,0,0
6201,2017-12-25T16:55:49,0,2,0,1,0,0
6202,2017-12-25T16:56:19,0,1,0,2,0,0
6203,2017-12-25T16:56:50,0,1,0,2,0,0
6204,2017-12-25T16:57:21,0,1,0,2,0,0
6205,2017-12-25T16:57:51,0,1,0,1,0,0
6206,2017-12-25T16:58:22,0,2,0,1,0,0
6207,2017-12-25T16:58:53,0,1,0,2,0,0
6208,2017-12-25T16:59:23,0,2,0,2,0,0
6209,2017-12-25T16:59:54,0,2,0,2,0,0
6210,2017-12-25T17:00:25,0,2,0,1,0,0
6211,2017-12-25T17:00:55,0,2,0,2,0,0
6212,2017-12-25T17:01:26,0,2,0,2,0,0
6213,2017-12-25T17:01:56,0,2,0,2,0,0
6214,2017-12-25T17:02:27,0,2,0,1,0,0
6215,2017-12-25T17:02:58,0,2,0,1,0,0
6216,2017-12-25T17:03:28,0,2,0,2,0,0
6217,2017-12-25T17:03:59,0,2,0,2,0,0
6218,2017-12-25T17:04:30,0,2,0,2,0,0
6219,2017-12-25T17:05:00,0,2,0,2,0,0
6220,2017-12-25T17:05:31,0,2,0,1,0,0
6221,2017-12-25T17:06:02,0,1,0,2,0,0
6222,2017-12-25T17:06:32,0,1,0,2,0,0
6223,2017-12-25T17:07:03,0,2,0,1,0,0
6224,2017-12-25T17:07:33,0,1,0,1,0,0
6225,2017-12-25T17:08:04,0,1,0,2,0,0
6226,2017-12-25T17:08:35,0,1,0,2,0,0
6227,2017-12-25T17:09:05,0,1,0,1,0,0
6228,2017-12-25T17:09:36,0,1,0,2,0,0
6229,2017-12-25T17:10:07,0,1,0,2,0,0
6230,2017-12-25T17:10:37,0,1,0,2,0,0
6231,2017-12-25T17:11:08,0,1,0,2,0,0
6232,2017-12-25T17:11:39,0,1,0,2,0,0
6233,2017-12-25T17:12:09,0,1,0,2,0,0
6234,2017-12-25T17:12:40,0,1,0,1,0,0
6235,2017-12-25T17:13:10,0,1,0,2,0,0
6236,2017-12-25T17:13:41,0,1,0,1,0,0
6237,2017-12-25T17:14:12,0,1,0,2,0,0
6238,2017-12-25T17:14:42,0,1,0,1,0,0
6239,2017-12-25T17:15:13,0,1,0,2,0,0
6240,2017-12-25T17:15:44,0,1,0,2,0,0
6241,2017-12-25T17:16:45,0,1,0,2,0,0
6242,2017-12-25T17:17:16,0,1,0,2,0,0
6243,2017-12-25T17:17:46,0,1,0,2,0,0
6244,2017-12-25T17:18:17,0,1,0,1,0,0
6245,2017-12-25T17:18:47,0,1,0,1,0,0
6246,2017-12-25T17:19:18,0,1,0,2,0,0
6247,2017-12-25T17:19:49,0,1,0,2,0,0
6248,2017-12-25T17:20:19,0,1,0,2,0,0
6249,2017-12-25T17:20:50,0,1,0,2,0,0
6250,2017-12-25T17:21:21,0,1,0,2,0,0
6251,2017-12-25T17:21:51,0,1,0,2,0,0
6252,2017-12-25T17:22:22,0,1,0,2,0,0
6253,2017-12-25T17:22:53,0,1,0,2,0,0
6254,2017-12-25T17:23:23,0,1,0,1,0,0
6255,2017-12-25T17:23:54,0,1,0,2,0,0
6256,2017-12-25T17:24:24,0,1,0,2,0,0
6257,2017-12-25T17:24:55,0,1,0,1,0,0
6258,2017-12-25T17:25:26,0,1,0,1,0,0
6259,2017-12-25T17:25:56,0,1,0,2,0,0
6260,2017-12-25T17:26:27,0,1,0,1,0,0
6261,2017-12-25T17:26:58,0,1,0,2,0,0
6262,2017-12-25T17:27:28,0,1,0,2,0,0
6263,2017-12-25T17:27:59,0,1,0,2,0,0
6264,2017-12-25T17:28:30,0,1,0,2,0,0
6265,2017-12-25T17:29:00,0,1,0,2,0,0
6266,2017-12-25T17:29:31,0,1,0,2,0,0
6267,2017-12-25T17:30:01,0,1,0,1,0,0
6268,2017-12-25T17:30:32,0,1,0,1,0,0
6269,2017-12-25T17:31:03,0,1,0,2,0,0
6270,2017-12-25T17:31:33,0,1,0,2,0,0
6271,2017-12-25T17:32:04,0,1,0,2,0,0
6272,2017-12-25T17:32:35,0,1,0,2,0,0
6273,2017-12-25T17:33:05,0,1,0,2,0,0
6274,2017-12-25T17:33:36,0,1,0,2,0,0
6275,2017-12-25T17:34:06,0,1,0,1,0,0
6276,2017-12-25T17:34:37,0,1,0,2,0,0
6277,2017-12-25T17:35:08,0,1,0,1,0,0
6278,2017-12-25T17:35:38,0,1,0,2,0,0
6279,2017-12-25T17:36:09,0,1,0,2,0,0
6280,2017-12-25T17:36:40,0,1,0,2,0,0
6281,2017-12-25T17:37:10,0,1,0,2,0,0
6282,2017-12-25T17:37:41,0,1,0,2,0,0
6283,2017-12-25T17:38:12,0,1,0,2,0,0
6284,2017-12-25T17:38:42,0,1,0,2,0,0
6285,2017-12-25T17:39:13,0,1,0,2,0,0
6286,2017-12-25T17:39:43,0,1,0,2,0,0
6287,2017-12-25T17:40:14,0,1,0,2,0,0
6288,2017-12-25T17:40:45,0,1,0,2,0,0
6289,2017-12-25T17:41:15,0,1,0,2,0,0
6290,2017-12-25T17:41:46,0,1,0,2,0,0
6291,2017-12-25T17:42:17,0,1,0,2,0,0
6292,2017-12-25T17:42:47,0,1,0,2,0,0
6293,2017-12-25T17:43:18,0,1,0,2,0,0
6294,2017-12-25T17:43:49,0,1,0,2,0,0
6295,2017-12-25T17:44:19,0,1,0,2,0,0
6296,2017-12-25T17:44:50,0,1,0,2,0,0
6297,2017-12-25T17:45:20,0,1,0,2,0,0
6298,2017-12-25T17:45:51,0,1,0,2,0,0
6299,2017-12-25T17:46:22,0,1,0,2,0,0
6300,2017-12-25T17:46:52,0,1,0,2,0,0
6301,2017-12-25T17:47:23,0,1,0,2,0,0
6302,2017-12-25T17:47:54,0,1,0,2,0,0
6303,2017-12-25T17:48:24,0,1,0,2,0,0
6304,2017-12-25T17:48:55,0,1,0,2,0,0
6305,2017-12-25T17:49:26,0,1,0,1,0,0
6306,2017-12-25T17:49:56,0,1,0,2,0,0
6307,2017-12-25T17:50:27,0,1,0,2,0,0
6308,2017-12-25T17:50:57,0,1,0,2,0,0
6309,2017-12-25T17:51:28,0,1,0,2,0,0
6310,2017-12-25T17:51:59,0,1,0,2,0,0
6311,2017-12-25T17:52:29,0,1,0,1,0,0
6312,2017-12-25T17:53:00,0,1,0,2,0,0
6313,2017-12-25T17:53:31,0,1,0,2,0,0
6314,2017-12-25T17:54:01,0,1,0,2,0,0
6315,2017-12-25T17:54:32,0,1,0,2,0,0
6316,2017-12-25T17:55:03,0,1,0,1,0,0
6317,2017-12-25T17:55:33,0,1,0,2,0,0
6318,2017-12-25T17:56:04,0,1,0,1,0,0
6319,2017-12-25T17:56:34,0,1,0,2,0,0
6320,2017-12-25T17:57:05,0,1,0,2,0,1
6321,2017-12-25T17:57:36,0,1,0,1,0,1
6322,2017-12-25T17:58:06,0,1,0,2,0,1
6323,2017-12-25T17:58:37,0,1,0,1,0,0
6324,2017-12-25T17:59:08,0,1,0,2,0,0
6325,2017-12-25T17:59:38,0,1,0,2,0,0
6326,2017-12-25T18:00:09,0,1,0,2,0,0
6327,2017-12-25T18:00:40,0,1,0,1,0,0
6328,2017-12-25T18:01:10,0,1,0,2,0,0
6329,2017-12-25T18:01:41,0,1,0,1,0,0
6330,2017-12-25T18:02:11,0,1,0,2,0,0
6331,2017-12-25T18:02:42,0,1,0,1,0,0
6332,2017-12-25T18:03:13,0,1,0,2,0,0
6333,2017-12-25T18:03:43,0,1,0,2,0,0
6334,2017-12-25T18:04:14,0,1,0,2,0,0
6335,2017-12-25T18:04:45,0,1,0,1,0,0
6336,2017-12-25T18:05:15,0,1,0,2,0,0
6337,2017-12-25T18:05:46,0,1,0,2,0,0
6338,2017-12-25T18:06:16,0,1,0,2,0,0
6339,2017-12-25T18:06:47,0,1,0,2,0,0
6340,2017-12-25T18:07:18,0,1,0,2,0,0
6341,2017-12-25T18:07:48,0,1,0,1,0,0
6342,2017-12-25T18:08:19,0,1,0,2,0,0
6343,2017-12-25T18:08:50,0,1,0,1,0,0
6344,2017-12-25T18:09:20,0,1,0,1,0,0
6345,2017-12-25T18:09:51,0,1,0,2,0,0
6346,2017-12-25T18:10:22,0,1,0,2,0,0
6347,2017-12-25T18:10:52,0,1,0,2,0,0
6348,2017-12-25T18:11:23,0,1,0,2,0,0
6349,2017-12-25T18:12:24,0,1,0,1,0,0
6350,2017-12-25T18:12:55,0,1,0,2,0,0
6351,2017-12-25T18:13:25,0,1,0,2,0,0
6352,2017-12-25T18:13:56,0,1,0,2,0,0
6353,2017-12-25T18:14:27,0,1,0,2,0,0
6354,2017-12-25T18:14:57,0,1,0,1,0,0
6355,2017-12-25T18:15:28,0,1,0,1,0,0
6356,2017-12-25T18:15:59,0,1,0,1,0,0
6357,2017-12-25T18:16:29,0,1,0,2,0,0
6358,2017-12-25T18:17:00,0,1,0,2,0,0
6359,2017-12-25T18:17:30,0,1,0,2,0,0
6360,2017-12-25T18:18:01,0,1,0,1,0,0
6361,2017-12-25T18:18:32,0,1,0,1,0,0
6362,2017-12-25T18:19:02,0,1,0,2,0,0
6363,2017-12-25T18:19:33,0,1,0,2,0,0
6364,2017-12-25T18:20:04,0,1,0,2,0,0
6365,2017-12-25T18:20:34,0,1,0,2,0,0
6366,2017-12-25T18:21:05,0,1,0,2,0,0
6367,2017-12-25T18:21:36,0,1,0,1,0,0
6368,2017-12-25T18:22:06,0,1,0,1,0,0
6369,2017-12-25T18:22:37,0,1,0,1,0,0
6370,2017-12-25T18:23:07,0,1,0,2,0,0
6371,2017-12-25T18:23:38,0,1,0,2,0,0
6372,2017-12-25T18:24:09,0,1,0,1,0,0
6373,2017-12-25T18:24:39,0,1,0,1,0,0
6374,2017-12-25T18:25:10,0,1,0,1,0,0
6375,2017-12-25T18:25:41,0,1,0,1,0,0
6376,2017-12-25T18:26:11,0,1,0,2,0,0
6377,2017-12-25T18:26:42,0,1,0,2,0,0
6378,2017-12-25T18:27:13,0,1,0,1,0,0
6379,2017-12-25T18:27:43,0,1,0,2,0,0
6380,2017-12-25T18:28:14,0,1,0,2,0,0
6381,2017-12-25T18:28:44,0,1,0,2,0,0
6382,2017-12-25T18:29:15,0,1,0,2,0,0
6383,2017-12-25T18:29:46,0,1,0,2,0,0
6384,2017-12-25T18:30:16,0,1,0,1,0,0
6385,2017-12-25T18:30:47,0,1,0,2,0,0
6386,2017-12-25T18:31:18,0,1,0,2,0,0
6387,2017-12-25T18:31:48,0,1,0,2,0,0
6388,2017-12-25T18:32:19,0,1,0,2,0,0
6389,2017-12-25T18:32:50,0,1,0,2,0,0
6390,2017-12-25T18:33:20,0,1,0,1,0,0
6391,2017-12-25T18:33:51,0,1,0,2,0,0
6392,2017-12-25T18:34:21,0,1,0,2,0,0
6393,2017-12-25T18:34:52,0,1,0,2,0,0
6394,2017-12-25T18:35:23,0,1,0,1,0,0
6395,2017-12-25T18:35:53,0,1,0,1,0,0
6396,2017-12-25T18:36:24,0,1,0,1,0,0
6397,2017-12-25T18:36:55,0,1,0,1,0,0
6398,2017-12-25T18:37:25,0,1,0,2,0,0
6399,2017-12-25T18:37:56,0,1,0,1,0,0
6400,2017-12-25T18:38:26,0,1,0,2,0,0
6401,2017-12-25T18:38:57,0,1,0,1,0,0
6402,2017-12-25T18:39:28,0,1,0,2,0,0
6403,2017-12-25T18:39:58,0,1,0,1,0,0
6404,2017-12-25T18:40:29,0,1,0,2,0,0
6405,2017-12-25T18:41:00,0,1,0,2,0,0
6406,2017-12-25T18:41:30,0,1,0,2,0,0
6407,2017-12-25T18:42:01,0,1,0,2,0,0
6408,2017-12-25T18:42:32,0,1,0,1,0,0
6409,2017-12-25T18:43:02,0,1,0,2,0,0
6410,2017-12-25T18:43:33,0,1,0,2,0,0
6411,2017-12-25T18:44:03,0,1,0,1,0,0
6412,2017-12-25T18:44:34,0,1,0,2,0,0
6413,2017-12-25T18:45:05,0,1,0,2,0,0
6414,2017-12-25T18:45:35,0,1,0,1,0,0
6415,2017-12-25T18:46:06,0,1,0,2,0,0
6416,2017-12-25T18:46:37,0,1,0,2,0,0
6417,2017-12-25T18:47:07,0,1,0,1,0,0
6418,2017-12-25T18:47:38,0,1,0,1,0,0
6419,2017-12-25T18:48:09,0,1,0,2,0,0
6420,2017-12-25T18:48:39,0,1,0,2,0,0
6421,2017-12-25T18:49:10,0,1,0,2,0,0
6422,2017-12-25T18:49:40,0,1,0,2,0,0
6423,2017-12-25T18:50:11,0,1,0,2,0,0
6424,2017-12-25T18:50:42,0,1,0,2,0,0
6425,2017-12-25T18:51:12,0,1,0,2,0,0
6426,2017-12-25T18:51:43,0,1,0,1,0,0
6427,2017-12-25T18:52:14,0,1,0,1,0,0
6428,2017-12-25T18:52:44,0,1,0,2,0,0
6429,2017-12-25T18:53:15,0,1,0,2,0,0
6430,2017-12-25T18:53:46,0,1,0,2,0,0
6431,2017-12-25T18:54:16,0,1,0,2,0,0
6432,2017-12-25T18:54:47,0,1,0,2,0,0
6433,2017-12-25T18:55:17,0,1,0,2,0,0
6434,2017-12-25T18:55:48,0,1,0,2,0,0
6435,2017-12-25T18:56:19,0,1,0,2,0,0
6436,2017-12-25T18:56:49,0,1,0,1,0,0
6437,2017-12-25T18:57:20,0,1,0,2,0,0
6438,2017-12-25T18:57:51,0,1,0,2,0,0
6439,2017-12-25T18:58:21,0,1,0,2,0,0
6440,2017-12-25T18:58:52,0,1,0,1,0,0
6441,2017-12-25T18:59:23,0,1,0,2,0,0
6442,2017-12-25T18:59:53,0,1,0,2,0,0
6443,2017-12-25T19:00:24,0,1,0,1,0,0
6444,2017-12-25T19:00:54,0,1,0,2,0,0
6445,2017-12-25T19:01:25,0,1,0,1,0,0
6446,2017-12-25T19:01:56,0,1,0,2,0,0
6447,2017-12-25T19:02:26,0,1,0,1,0,0
6448,2017-12-25T19:02:57,0,1,0,2,0,0
6449,2017-12-25T19:03:28,0,1,0,1,0,0
6450,2017-12-25T19:03:58,0,1,0,2,0,0
6451,2017-12-25T19:04:29,0,1,0,1,0,0
6452,2017-12-25T19:05:00,0,1,0,2,0,0
6453,2017-12-25T19:05:30,0,1,0,2,0,0
6454,2017-12-25T19:06:01,0,1,0,2,0,0
6455,2017-12-25T19:06:31,0,1,0,2,0,0
6456,2017-12-25T19:07:02,0,1,0,1,0,0
6457,2017-12-25T19:07:33,0,1,0,1,0,0
6458,2017-12-25T19:08:34,0,1,0,2,0,0
6459,2017-12-25T19:09:05,0,1,0,2,0,0
6460,2017-12-25T19:09:35,0,1,0,1,0,0
6461,2017-12-25T19:10:06,0,1,0,2,0,0
6462,2017-12-25T19:10:37,0,1,0,2,0,0
6463,2017-12-25T19:11:07,0,1,0,1,0,0
6464,2017-12-25T19:11:38,0,1,0,2,0,0
6465,2017-12-25T19:12:08,0,1,0,2,0,0
6466,2017-12-25T19:12:39,0,1,0,1,0,0
6467,2017-12-25T19:13:10,0,1,0,1,0,0
6468,2017-12-25T19:13:40,0,1,0,2,0,0
6469,2017-12-25T19:14:11,0,1,0,1,0,0
6470,2017-12-25T19:14:42,0,1,0,2,0,0
6471,2017-12-25T19:15:12,0,1,0,1,0,0
6472,2017-12-25T19:15:43,0,1,0,1,0,0
6473,2017-12-25T19:16:44,0,1,0,1,0,0
6474,2017-12-25T19:17:15,0,1,0,1,0,0
6475,2017-12-25T19:17:45,0,1,0,2,0,0
6476,2017-12-25T19:18:16,0,1,0,2,0,0
6477,2017-12-25T19:18:47,0,1,0,2,0,0
6478,2017-12-25T19:19:17,0,1,0,2,0,0
6479,2017-12-25T19:19:48,0,1,0,2,0,0
6480,2017-12-25T19:20:19,0,1,0,2,0,0
6481,2017-12-25T19:20:49,0,1,0,1,0,0
6482,2017-12-25T19:21:20,0,1,0,2,0,0
6483,2017-12-25T19:21:50,0,1,0,2,0,0
6484,2017-12-25T19:22:21,0,1,0,2,0,0
6485,2017-12-25T19:22:52,0,1,0,2,0,0
6486,2017-12-25T19:23:22,0,1,0,2,0,0
6487,2017-12-25T19:23:53,0,1,0,1,0,0
6488,2017-12-25T19:24:24,0,1,0,1,0,0
6489,2017-12-25T19:24:54,0,1,0,1,0,0
6490,2017-12-25T19:25:25,0,1,0,1,0,0
6491,2017-12-25T19:25:56,0,1,0,1,0,0
6492,2017-12-25T19:26:26,0,1,0,1,0,0
6493,2017-12-25T19:26:57,0,1,0,2,0,0
6494,2017-12-25T19:27:27,0,1,0,1,0,0
6495,2017-12-25T19:27:58,0,1,0,2,0,0
6496,2017-12-25T19:28:29,0,1,0,2,0,0
6497,2017-12-25T19:28:59,0,1,0,1,0,0
6498,2017-12-25T19:29:30,0,1,0,2,0,0
6499,2017-12-25T19:30:01,0,1,0,2,0,0
6500,2017-12-25T19:30:31,0,1,0,1,0,0
6501,2017-12-25T19:31:02,0,1,0,1,0,0
6502,2017-12-25T19:31:33,0,1,0,1,0,0
6503,2017-12-25T19:32:03,0,1,0,1,0,0
6504,2017-12-25T19:32:34,0,1,0,1,0,0
6505,2017-12-25T19:33:04,0,1,0,1,0,0
6506,2017-12-25T19:33:35,0,1,0,1,0,0
6507,2017-12-25T19:34:06,0,1,0,1,0,0
6508,2017-12-25T19:34:36,0,1,0,2,0,0
6509,2017-12-25T19:35:07,0,1,0,1,0,0
6510,2017-12-25T19:35:38,0,1,0,1,0,0
6511,2017-12-25T19:36:08,0,1,0,1,0,0
6512,2017-12-25T19:36:39,0,1,0,1,0,0
6513,2017-12-25T19:37:10,0,1,0,1,0,0
6514,2017-12-25T19:37:40,0,1,0,2,0,0
6515,2017-12-25T19:38:11,0,1,0,2,0,0
6516,2017-12-25T19:38:41,0,1,0,1,0,0
6517,2017-12-25T19:39:12,0,1,0,2,0,0
6518,2017-12-25T19:39:43,0,1,0,2,0,0
6519,2017-12-25T19:40:13,0,1,0,2,0,0
6520,2017-12-25T19:40:44,0,1,0,2,0,0
6521,2017-12-25T19:41:15,0,1,0,2,0,0
6522,2017-12-25T19:41:45,0,1,0,1,0,0
6523,2017-12-25T19:42:16,0,1,0,2,0,0
6524,2017-12-25T19:42:47,0,1,0,2,0,0
6525,2017-12-25T19:43:17,0,1,0,2,0,0
6526,2017-12-25T19:43:48,0,1,0,2,0,0
6527,2017-12-25T19:44:49,0,1,0,2,0,0
6528,2017-12-25T19:45:20,0,1,0,2,0,0
6529,2017-12-25T19:45:50,0,1,0,2,0,0
6530,2017-12-25T19:46:21,0,1,0,2,0,0
6531,2017-12-25T19:46:52,0,1,0,2,0,0
6532,2017-12-25T19:47:22,0,1,0,2,0,0
6533,2017-12-25T19:47:53,0,1,0,2,0,0
6534,2017-12-25T19:48:24,0,1,0,1,0,0
6535,2017-12-25T19:48:54,0,1,0,2,0,0
6536,2017-12-25T19:49:25,0,1,0,2,0,0
6537,2017-12-25T19:49:55,0,1,0,2,0,0
6538,2017-12-25T19:50:26,0,1,0,1,0,0
6539,2017-12-25T19:50:57,0,1,0,1,0,0
6540,2017-12-25T19:51:27,0,1,0,2,0,0
6541,2017-12-25T19:51:58,0,1,0,1,0,0
6542,2017-12-25T19:52:29,0,1,0,1,0,0
6543,2017-12-25T19:52:59,0,1,0,1,0,0
6544,2017-12-25T19:53:30,0,1,0,2,0,0
6545,2017-12-25T19:54:01,0,1,0,1,0,0
6546,2017-12-25T19:54:31,0,1,0,1,0,0
6547,2017-12-25T19:55:02,0,1,0,2,0,0
6548,2017-12-25T19:56:03,0,1,0,2,0,0
6549,2017-12-25T19:56:34,0,1,0,1,0,0
6550,2017-12-25T19:57:04,0,1,0,2,0,0
6551,2017-12-25T19:57:35,0,1,0,2,0,0
6552,2017-12-25T19:58:06,0,1,0,2,0,0
6553,2017-12-25T19:58:36,0,1,0,2,0,0
6554,2017-12-25T19:59:07,0,1,0,2,0,0
6555,2017-12-25T19:59:37,0,1,0,1,0,0
6556,2017-12-25T20:00:08,0,1,0,2,0,0
6557,2017-12-25T20:00:39,0,1,0,1,0,0
6558,2017-12-25T20:01:09,0,1,0,1,0,0
6559,2017-12-25T20:01:40,0,1,0,2,0,0
6560,2017-12-25T20:02:11,0,1,0,1,0,0
6561,2017-12-25T20:03:12,0,1,0,2,0,0
6562,2017-12-25T20:03:43,0,1,0,2,0,0
6563,2017-12-25T20:04:13,0,1,0,2,0,0
6564,2017-12-25T20:04:44,0,1,0,2,0,0
6565,2017-12-25T20:05:14,0,1,0,2,0,0
6566,2017-12-25T20:05:45,0,1,0,2,0,0
6567,2017-12-25T20:06:16,0,1,0,2,0,0
6568,2017-12-25T20:06:46,0,1,0,2,0,0
6569,2017-12-25T20:07:17,0,1,0,1,0,0
6570,2017-12-25T20:07:48,0,1,0,1,0,0
6571,2017-12-25T20:08:18,0,1,0,2,0,0
6572,2017-12-25T20:08:49,0,1,0,1,0,0
6573,2017-12-25T20:09:20,0,1,0,2,0,0
6574,2017-12-25T20:09:50,0,1,0,1,0,0
6575,2017-12-25T20:10:21,0,1,0,1,0,0
6576,2017-12-25T20:10:51,0,1,0,2,0,0
6577,2017-12-25T20:11:22,0,1,0,2,0,0
6578,2017-12-25T20:11:53,0,1,0,1,0,0
6579,2017-12-25T20:12:23,0,1,0,2,0,0
6580,2017-12-25T20:12:54,0,1,0,1,0,0
6581,2017-12-25T20:13:25,0,1,0,1,0,0
6582,2017-12-25T20:13:55,0,1,0,1,0,0
6583,2017-12-25T20:14:26,0,1,0,2,0,0
6584,2017-12-25T20:14:57,0,1,0,1,0,0
6585,2017-12-25T20:15:27,0,1,0,2,0,0
6586,2017-12-25T20:15:58,0,1,0,2,0,0
6587,2017-12-25T20:16:28,0,1,0,1,0,0
6588,2017-12-25T20:16:59,0,1,0,1,0,0
6589,2017-12-25T20:17:30,0,1,0,1,0,0
6590,2017-12-25T20:18:00,0,1,0,1,0,0
6591,2017-12-25T20:18:31,0,1,0,2,0,0
6592,2017-12-25T20:19:02,0,1,0,1,0,0
6593,2017-12-25T20:19:32,0,1,0,2,0,0
6594,2017-12-25T20:20:03,0,1,0,1,0,0
6595,2017-12-25T20:20:34,0,1,0,1,0,0
6596,2017-12-25T20:21:04,0,1,0,1,0,0
6597,2017-12-25T20:21:35,0,1,0,1,0,0
6598,2017-12-25T20:22:05,0,1,0,2,0,0
6599,2017-12-25T20:22:36,0,1,0,1,0,0
6600,2017-12-25T20:23:07,0,1,0,1,0,0
6601,2017-12-25T20:23:37,0,1,0,1,0,0
6602,2017-12-25T20:24:08,0,1,0,2,0,0
6603,2017-12-25T20:24:39,0,1,0,2,0,0
6604,2017-12-25T20:25:09,0,1,0,1,0,0
6605,2017-12-25T20:25:40,0,1,0,2,0,0
6606,2017-12-25T20:26:11,0,1,0,1,0,0
6607,2017-12-25T20:26:41,0,1,0,1,0,0
6608,2017-12-25T20:27:12,0,1,0,1,0,0
6609,2017-12-25T20:27:42,0,1,0,1,0,0
6610,2017-12-25T20:28:13,0,1,0,1,0,0
6611,2017-12-25T20:28:44,0,1,0,2,0,0
6612,2017-12-25T20:29:14,0,1,0,1,0,0
6613,2017-12-25T20:29:45,0,1,0,1,0,0
6614,2017-12-25T20:30:16,0,1,0,1,0,0
6615,2017-12-25T20:30:46,0,1,0,2,0,0
6616,2017-12-25T20:31:17,0,1,0,1,0,0
6617,2017-12-25T20:31:48,0,1,0,2,0,0
6618,2017-12-25T20:32:18,0,1,0,2,0,0
6619,2017-12-25T20:32:49,0,1,0,1,0,0
6620,2017-12-25T20:33:19,0,1,0,2,0,0
6621,2017-12-25T20:33:50,0,1,0,2,0,0
6622,2017-12-25T20:34:21,0,1,0,2,0,0
6623,2017-12-25T20:34:51,0,1,0,1,0,0
6624,2017-12-25T20:35:22,0,1,0,1,0,0
6625,2017-12-25T20:35:53,0,1,0,2,0,0
6626,2017-12-25T20:36:23,0,1,0,1,0,0
6627,2017-12-25T20:36:54,0,1,0,1,0,0
6628,2017-12-25T20:37:24,0,1,0,1,0,0
6629,2017-12-25T20:37:55,0,1,0,1,0,0
6630,2017-12-25T20:38:26,0,1,0,1,0,0
6631,2017-12-25T20:38:56,0,1,0,1,0,0
6632,2017-12-25T20:39:27,0,1,0,1,0,0
6633,2017-12-25T20:39:58,0,1,0,1,0,0
6634,2017-12-25T20:40:28,0,1,0,1,0,0
6635,2017-12-25T20:40:59,0,1,0,1,0,0
6636,2017-12-25T20:41:30,0,1,0,2,0,0
6637,2017-12-25T20:42:00,0,1,0,1,0,0
6638,2017-12-25T20:42:31,0,1,0,1,0,0
6639,2017-12-25T20:43:01,0,1,0,2,0,0
6640,2017-12-25T20:43:32,0,1,0,2,0,0
6641,2017-12-25T20:44:03,0,1,0,1,0,0
6642,2017-12-25T20:44:33,0,1,0,2,0,0
6643,2017-12-25T20:45:04,0,1,0,1,0,0
6644,2017-12-25T20:45:35,0,1,0,1,0,0
6645,2017-12-25T20:46:05,0,1,0,1,0,0
6646,2017-12-25T20:46:36,0,1,0,1,0,0
6647,2017-12-25T20:47:07,0,1,0,2,0,0
6648,2017-12-25T20:47:37,0,1,0,1,0,0
6649,2017-12-25T20:48:08,0,1,0,2,0,0
6650,2017-12-25T20:48:38,0,1,0,2,0,0
6651,2017-12-25T20:49:09,0,1,0,2,0,0
6652,2017-12-25T20:49:40,0,1,0,2,0,0
6653,2017-12-25T20:50:10,0,1,0,2,0,0
6654,2017-12-25T20:50:41,0,1,0,2,0,0
6655,2017-12-25T20:51:12,0,1,0,2,0,0
6656,2017-12-25T20:51:42,0,1,0,1,0,0
6657,2017-12-25T20:52:13,0,1,0,1,0,0
6658,2017-12-25T20:52:44,0,1,0,1,0,0
6659,2017-12-25T20:53:14,0,1,0,1,0,0
6660,2017-12-25T20:53:45,0,1,0,2,0,0
6661,2017-12-25T20:54:15,0,1,0,2,0,0
6662,2017-12-25T20:54:46,0,1,0,2,0,0
6663,2017-12-25T20:55:17,0,1,0,2,0,0
6664,2017-12-25T20:55:47,0,1,0,1,0,0
6665,2017-12-25T20:56:18,0,1,0,2,0,0
6666,2017-12-25T20:56:49,0,1,0,2,0,0
6667,2017-12-25T20:57:19,0,1,0,1,0,0
6668,2017-12-25T20:57:50,0,1,0,1,0,0
6669,2017-12-25T20:58:21,0,1,0,1,0,0
6670,2017-12-25T20:59:22,0,1,0,2,0,0
6671,2017-12-25T20:59:52,0,1,0,2,0,0
6672,2017-12-25T21:00:23,0,1,0,1,0,0
6673,2017-12-25T21:00:54,0,1,0,2,0,0
6674,2017-12-25T21:01:24,0,1,0,2,0,0
6675,2017-12-25T21:01:55,0,1,0,2,0,0
6676,2017-12-25T21:02:26,0,1,0,1,0,0
6677,2017-12-25T21:02:56,0,1,0,2,0,0
6678,2017-12-25T21:03:27,0,1,0,2,0,0
6679,2017-12-25T21:03:58,0,1,0,2,0,0
6680,2017-12-25T21:04:28,0,1,0,2,0,0
6681,2017-12-25T21:04:59,0,1,0,2,0,0
6682,2017-12-25T21:05:29,0,1,0,1,0,0
6683,2017-12-25T21:06:00,0,1,0,2,0,0
6684,2017-12-25T21:06:31,0,1,0,1,0,0
6685,2017-12-25T21:07:01,0,1,0,1,0,0
6686,2017-12-25T21:07:32,0,1,0,1,0,0
6687,2017-12-25T21:08:03,0,1,0,1,0,0
6688,2017-12-25T21:08:33,0,1,0,1,0,0
6689,2017-12-25T21:09:04,0,1,0,2,0,0
6690,2017-12-25T21:09:35,0,1,0,2,0,0
6691,2017-12-25T21:10:05,0,1,0,2,0,0
6692,2017-12-25T21:10:36,0,1,0,2,0,0
6693,2017-12-25T21:11:06,0,1,0,2,0,0
6694,2017-12-25T21:11:37,0,1,0,2,0,0
6695,2017-12-25T21:12:08,0,1,0,2,0,0
6696,2017-12-25T21:12:38,0,1,0,2,0,0
6697,2017-12-25T21:13:09,0,1,0,2,0,0
6698,2017-12-25T21:13:40,0,1,0,2,0,0
6699,2017-12-25T21:14:10,0,1,0,1,0,0
6700,2017-12-25T21:14:41,0,1,0,1,0,0
6701,2017-12-25T21:15:11,0,1,0,1,0,0
6702,2017-12-25T21:15:42,0,1,0,2,0,0
6703,2017-12-25T21:16:13,0,1,0,1,0,0
6704,2017-12-25T21:16:43,0,1,0,1,0,0
6705,2017-12-25T21:17:14,0,1,0,2,0,0
6706,2017-12-25T21:17:45,0,1,0,2,0,0
6707,2017-12-25T21:18:15,0,1,0,1,0,0
6708,2017-12-25T21:18:46,0,1,0,2,0,0
6709,2017-12-25T21:19:17,0,1,0,1,0,0
6710,2017-12-25T21:19:47,0,1,0,2,0,0
6711,2017-12-25T21:20:18,0,1,0,1,0,0
6712,2017-12-25T21:20:48,0,1,0,1,0,0
6713,2017-12-25T21:21:19,0,1,0,2,0,0
6714,2017-12-25T21:21:50,0,1,0,2,0,0
6715,2017-12-25T21:22:20,0,1,0,2,0,0
6716,2017-12-25T21:22:51,0,1,0,2,0,0
6717,2017-12-25T21:23:22,0,1,0,2,0,0
6718,2017-12-25T21:23:52,0,1,0,2,0,0
6719,2017-12-25T21:24:23,0,1,0,2,0,0
6720,2017-12-25T21:24:54,0,1,0,2,0,0
6721,2017-12-25T21:25:24,0,1,0,2,0,0
6722,2017-12-25T21:25:55,0,1,0,1,0,0
6723,2017-12-25T21:26:25,0,1,0,1,0,0
6724,2017-12-25T21:26:56,0,1,0,2,0,0
6725,2017-12-25T21:27:27,0,1,0,2,0,0
6726,2017-12-25T21:27:57,0,1,0,2,0,0
6727,2017-12-25T21:28:28,0,1,0,2,0,0
6728,2017-12-25T21:28:59,0,1,0,1,0,0
6729,2017-12-25T21:29:29,0,1,0,1,0,0
6730,2017-12-25T21:30:00,0,1,0,2,0,0
6731,2017-12-25T21:30:31,0,1,0,2,0,0
6732,2017-12-25T21:31:01,0,1,0,2,0,0
6733,2017-12-25T21:31:32,0,1,0,2,0,0
6734,2017-12-25T21:32:02,0,1,0,2,0,0
6735,2017-12-25T21:32:33,0,1,0,1,0,0
6736,2017-12-25T21:33:04,0,1,0,1,0,0
6737,2017-12-25T21:33:34,0,1,0,2,0,0
6738,2017-12-25T21:34:05,0,1,0,1,0,0
6739,2017-12-25T21:34:36,0,1,0,2,0,0
6740,2017-12-25T21:35:06,0,1,0,1,0,0
6741,2017-12-25T21:35:37,0,1,0,2,0,0
6742,2017-12-25T21:36:08,0,1,0,2,0,0
6743,2017-12-25T21:36:38,0,1,0,2,0,0
6744,2017-12-25T21:37:09,0,1,0,2,0,0
6745,2017-12-25T21:37:39,0,1,0,2,0,0
6746,2017-12-25T21:38:10,0,1,0,2,0,0
6747,2017-12-25T21:38:41,0,1,0,2,0,0
6748,2017-12-25T21:39:11,0,1,0,2,0,0
6749,2017-12-25T21:39:42,0,1,0,2,0,0
6750,2017-12-25T21:40:13,0,1,0,1,0,0
6751,2017-12-25T21:40:43,0,1,0,2,0,0
6752,2017-12-25T21:41:14,0,1,0,2,0,0
6753,2017-12-25T21:41:45,0,1,0,2,0,0
6754,2017-12-25T21:42:15,0,1,0,2,0,0
6755,2017-12-25T21:42:46,0,1,0,1,0,0
6756,2017-12-25T21:43:16,0,1,0,1,0,0
6757,2017-12-25T21:43:47,0,1,0,2,0,0
6758,2017-12-25T21:44:18,0,1,0,2,0,0
6759,2017-12-25T21:44:48,0,1,0,1,0,0
6760,2017-12-25T21:45:19,0,1,0,2,0,0
6761,2017-12-25T21:45:50,0,1,0,2,0,0
6762,2017-12-25T21:46:20,0,1,0,1,0,0
6763,2017-12-25T21:46:51,0,1,0,2,0,0
6764,2017-12-25T21:47:22,0,1,0,2,0,0
6765,2017-12-25T21:47:52,0,1,0,2,0,0
6766,2017-12-25T21:48:23,0,1,0,2,0,0
6767,2017-12-25T21:48:53,0,1,0,1,0,0
6768,2017-12-25T21:49:24,0,1,0,1,0,0
6769,2017-12-25T21:49:55,0,1,0,2,0,0
6770,2017-12-25T21:50:25,0,1,0,1,0,0
6771,2017-12-25T21:50:56,0,1,0,1,0,0
6772,2017-12-25T21:51:27,0,1,0,2,0,0
6773,2017-12-25T21:51:57,0,1,0,2,0,0
6774,2017-12-25T21:52:28,0,1,0,2,0,0
6775,2017-12-25T21:52:58,0,1,0,1,0,0
6776,2017-12-25T21:53:29,0,1,0,2,0,0
6777,2017-12-25T21:54:00,0,1,0,2,0,0
6778,2017-12-25T21:55:01,0,1,0,2,0,0
6779,2017-12-25T21:55:32,0,1,0,1,0,0
6780,2017-12-25T21:56:02,0,1,0,1,0,0
6781,2017-12-25T21:56:33,0,1,0,1,0,0
6782,2017-12-25T21:57:04,0,1,0,1,0,0
6783,2017-12-25T21:57:34,0,1,0,1,0,0
6784,2017-12-25T21:58:05,0,1,0,2,0,0
6785,2017-12-25T21:58:35,0,1,0,2,0,0
6786,2017-12-25T21:59:06,0,1,0,1,0,0
6787,2017-12-25T21:59:37,0,1,0,2,0,0
6788,2017-12-25T22:00:07,0,1,0,2,0,0
6789,2017-12-25T22:00:38,0,1,0,1,0,0
6790,2017-12-25T22:01:09,0,1,0,1,0,0
6791,2017-12-25T22:01:39,0,1,0,2,0,0
6792,2017-12-25T22:02:10,0,1,0,2,0,0
6793,2017-12-25T22:02:41,0,1,0,1,0,0
6794,2017-12-25T22:03:11,0,1,0,1,0,0
6795,2017-12-25T22:03:42,0,1,0,2,0,0
6796,2017-12-25T22:04:12,0,1,0,2,0,0
6797,2017-12-25T22:04:43,0,1,0,1,0,0
6798,2017-12-25T22:05:14,0,1,0,2,0,0
6799,2017-12-25T22:05:44,0,1,0,2,0,0
6800,2017-12-25T22:06:15,0,1,0,2,0,0
6801,2017-12-25T22:06:46,0,1,0,2,0,0
6802,2017-12-25T22:07:16,0,1,0,2,0,0
6803,2017-12-25T22:07:47,0,1,0,1,0,0
6804,2017-12-25T22:08:18,0,1,0,2,0,0
6805,2017-12-25T22:08:48,0,1,0,2,0,0
6806,2017-12-25T22:09:19,0,1,0,2,0,0
6807,2017-12-25T22:09:49,0,1,0,2,0,0
6808,2017-12-25T22:10:20,0,1,0,1,0,0
6809,2017-12-25T22:10:51,0,1,0,2,0,0
6810,2017-12-25T22:11:21,0,1,0,2,0,0
6811,2017-12-25T22:11:52,0,1,0,2,0,0
6812,2017-12-25T22:12:23,0,1,0,2,0,0
6813,2017-12-25T22:12:53,0,1,0,2,0,0
6814,2017-12-25T22:13:24,0,1,0,2,0,0
6815,2017-12-25T22:13:55,0,1,0,2,0,0
6816,2017-12-25T22:14:25,0,1,0,2,0,0
6817,2017-12-25T22:14:56,0,1,0,2,0,0
6818,2017-12-25T22:15:26,0,1,0,2,0,0
6819,2017-12-25T22:15:57,0,1,0,2,0,0
6820,2017-12-25T22:16:28,0,1,0,2,0,0
6821,2017-12-25T22:16:58,0,1,0,1,0,0
6822,2017-12-25T22:17:29,0,1,0,1,0,0
6823,2017-12-25T22:18:00,0,1,0,1,0,0
6824,2017-12-25T22:18:30,0,1,0,1,0,0
6825,2017-12-25T22:19:01,0,1,0,1,0,0
6826,2017-12-25T22:19:32,0,1,0,2,0,0
6827,2017-12-25T22:20:02,0,1,0,1,0,0
6828,2017-12-25T22:20:33,0,1,0,1,0,0
6829,2017-12-25T22:21:03,0,1,0,2,0,0
6830,2017-12-25T22:21:34,0,1,0,2,0,0
6831,2017-12-25T22:22:05,0,1,0,1,0,0
6832,2017-12-25T22:22:35,0,1,0,1,0,0
6833,2017-12-25T22:23:06,0,1,0,2,0,0
6834,2017-12-25T22:23:37,0,1,0,2,0,0
6835,2017-12-25T22:24:07,0,1,0,2,0,0
6836,2017-12-25T22:24:38,0,1,0,1,0,0
6837,2017-12-25T22:25:09,0,1,0,2,0,0
6838,2017-12-25T22:25:39,0,1,0,2,0,0
6839,2017-12-25T22:26:10,0,1,0,2,0,0
6840,2017-12-25T22:26:40,0,1,0,2,0,0
6841,2017-12-25T22:27:11,0,1,0,2,0,0
6842,2017-12-25T22:27:42,0,1,0,2,0,0
6843,2017-12-25T22:28:12,0,1,0,2,0,0
6844,2017-12-25T22:28:43,0,1,0,1,0,0
6845,2017-12-25T22:29:14,0,1,0,2,0,0
6846,2017-12-25T22:29:44,0,1,0,2,0,0
6847,2017-12-25T22:30:15,0,1,0,1,0,0
6848,2017-12-25T22:30:45,0,1,0,2,0,0
6849,2017-12-25T22:31:16,0,1,0,2,0,0
6850,2017-12-25T22:31:47,0,1,0,2,0,0
6851,2017-12-25T22:32:17,0,1,0,2,0,0
6852,2017-12-25T22:32:48,0,1,0,2,0,0
6853,2017-12-25T22:33:19,0,1,0,2,0,0
6854,2017-12-25T22:33:49,0,1,0,2,0,0
6855,2017-12-25T22:34:20,0,1,0,2,0,0
6856,2017-12-25T22:34:51,0,1,0,2,0,0
6857,2017-12-25T22:35:21,0,1,0,2,0,0
6858,2017-12-25T22:35:52,0,1,0,2,0,0
6859,2017-12-25T22:36:22,0,1,0,2,0,0
6860,2017-12-25T22:36:53,0,1,0,1,0,0
6861,2017-12-25T22:37:24,0,1,0,2,0,0
6862,2017-12-25T22:37:54,0,1,0,2,0,0
6863,2017-12-25T22:38:25,0,1,0,2,0,0
6864,2017-12-25T22:38:56,0,1,0,2,0,0
6865,2017-12-25T22:39:26,0,1,0,2,0,0
6866,2017-12-25T22:39:57,0,1,0,2,0,0
6867,2017-12-25T22:40:28,0,1,0,2,0,0
6868,2017-12-25T22:40:58,0,1,0,2,0,0
6869,2017-12-25T22:41:29,0,1,0,1,0,0
6870,2017-12-25T22:41:59,0,1,0,2,0,0
6871,2017-12-25T22:42:30,0,1,0,2,0,0
6872,2017-12-25T22:43:01,0,1,0,1,0,0
6873,2017-12-25T22:43:31,0,1,0,2,0,0
6874,2017-12-25T22:44:02,0,1,0,2,0,0
6875,2017-12-25T22:44:33,0,1,0,1,0,0
6876,2017-12-25T22:45:03,0,1,0,2,0,0
6877,2017-12-25T22:45:34,0,1,0,2,0,0
6878,2017-12-25T22:46:05,0,1,0,2,0,0
6879,2017-12-25T22:46:35,0,1,0,2,0,0
6880,2017-12-25T22:47:06,0,1,0,1,0,0
6881,2017-12-25T22:47:36,0,1,0,2,0,0
6882,2017-12-25T22:48:07,0,1,0,2,0,0
6883,2017-12-25T22:48:38,0,1,0,2,0,0
6884,2017-12-25T22:49:08,0,1,0,2,0,0
6885,2017-12-25T22:49:39,0,1,0,2,0,0
6886,2017-12-25T22:50:10,0,1,0,2,0,0
6887,2017-12-25T22:51:11,0,1,0,2,0,0
6888,2017-12-25T22:51:42,0,1,0,2,0,0
6889,2017-12-25T22:52:12,0,1,0,1,0,0
6890,2017-12-25T22:52:43,0,1,0,2,0,0
6891,2017-12-25T22:53:13,0,1,0,2,0,0
6892,2017-12-25T22:53:44,0,1,0,2,0,0
6893,2017-12-25T22:54:15,0,1,0,2,0,0
6894,2017-12-25T22:54:45,0,1,0,2,0,0
6895,2017-12-25T22:55:16,0,1,0,2,0,0
6896,2017-12-25T22:55:47,0,1,0,2,0,0
6897,2017-12-25T22:56:17,0,1,0,1,0,0
6898,2017-12-25T22:56:48,0,1,0,1,0,0
6899,2017-12-25T22:57:19,0,1,0,1,0,0
6900,2017-12-25T22:57:49,0,1,0,1,0,0
6901,2017-12-25T22:58:20,0,1,0,1,0,0
6902,2017-12-25T22:58:50,0,1,0,1,0,0
6903,2017-12-25T22:59:21,0,1,0,1,0,0
6904,2017-12-25T22:59:52,0,1,0,2,0,0
6905,2017-12-25T23:00:22,0,1,0,2,0,0
6906,2017-12-25T23:00:53,0,1,0,1,0,0
6907,2017-12-25T23:01:24,0,1,0,2,0,0
6908,2017-12-25T23:01:54,0,1,0,1,0,0
6909,2017-12-25T23:02:25,0,1,0,1,0,0
6910,2017-12-25T23:02:55,0,1,0,1,0,0
6911,2017-12-25T23:03:26,0,1,0,2,0,0
6912,2017-12-25T23:03:57,0,1,0,1,0,0
6913,2017-12-25T23:04:27,0,1,0,2,0,0
6914,2017-12-25T23:04:58,0,1,0,2,0,0
6915,2017-12-25T23:05:29,0,1,0,2,0,0
6916,2017-12-25T23:05:59,0,1,0,2,0,0
6917,2017-12-25T23:06:30,0,1,0,2,0,0
6918,2017-12-25T23:07:01,0,1,0,2,0,0
6919,2017-12-25T23:07:31,0,1,0,2,0,0
6920,2017-12-25T23:08:02,0,1,0,1,0,0
6921,2017-12-25T23:08:32,0,1,0,2,0,0
6922,2017-12-25T23:09:03,0,1,0,2,0,0
6923,2017-12-25T23:09:34,0,1,0,1,0,0
6924,2017-12-25T23:10:04,0,1,0,1,0,0
6925,2017-12-25T23:10:35,0,1,0,2,0,0
6926,2017-12-25T23:11:06,0,1,0,1,0,0
6927,2017-12-25T23:11:36,0,1,0,1,0,0
6928,2017-12-25T23:12:07,0,1,0,2,0,0
6929,2017-12-25T23:12:38,0,1,0,1,0,0
6930,2017-12-25T23:13:08,0,1,0,1,0,0
6931,2017-12-25T23:13:39,0,1,0,2,0,0
6932,2017-12-25T23:14:09,0,1,0,1,0,0
6933,2017-12-25T23:14:40,0,1,0,1,0,0
6934,2017-12-25T23:15:11,0,1,0,2,0,0
6935,2017-12-25T23:15:41,0,1,0,2,0,0
6936,2017-12-25T23:16:12,0,1,0,2,0,0
6937,2017-12-25T23:16:43,0,1,0,1,0,0
6938,2017-12-25T23:17:13,0,1,0,2,0,0
6939,2017-12-25T23:17:44,0,1,0,2,0,0
6940,2017-12-25T23:18:15,0,1,0,2,0,0
6941,2017-12-25T23:18:45,0,1,0,2,0,0
6942,2017-12-25T23:19:16,0,1,0,1,0,0
6943,2017-12-25T23:19:46,0,1,0,1,0,0
6944,2017-12-25T23:20:17,0,1,0,1,0,0
6945,2017-12-25T23:20:48,0,1,0,2,0,0
6946,2017-12-25T23:21:18,0,1,0,2,0,0
6947,2017-12-25T23:21:49,0,1,0,1,0,0
6948,2017-12-25T23:22:20,0,1,0,2,0,0
6949,2017-12-25T23:22:50,0,1,0,1,0,0
6950,2017-12-25T23:23:21,0,1,0,2,0,0
6951,2017-12-25T23:23:52,0,1,0,1,0,0
6952,2017-12-25T23:24:22,0,1,0,2,0,0
6953,2017-12-25T23:24:53,0,1,0,2,0,0
6954,2017-12-25T23:25:23,0,1,0,2,0,0
6955,2017-12-25T23:25:54,0,1,0,2,0,0
6956,2017-12-25T23:26:25,0,1,0,1,0,0
6957,2017-12-25T23:26:55,0,1,0,2,0,0
6958,2017-12-25T23:27:26,0,1,0,2,0,0
6959,2017-12-25T23:27:57,0,1,0,1,0,0
6960,2017-12-25T23:28:27,0,1,0,1,0,0
6961,2017-12-25T23:28:58,0,1,0,1,0,0
6962,2017-12-25T23:29:29,0,1,0,2,0,0
6963,2017-12-25T23:29:59,0,1,0,1,0,0
6964,2017-12-25T23:30:30,0,1,0,2,0,0
6965,2017-12-25T23:31:00,0,1,0,1,0,0
6966,2017-12-25T23:31:31,0,1,0,2,0,0
6967,2017-12-25T23:32:02,0,1,0,1,0,0
6968,2017-12-25T23:32:32,0,1,0,1,0,0
6969,2017-12-25T23:33:03,0,1,0,1,0,0
6970,2017-12-25T23:33:34,0,1,0,2,0,0
6971,2017-12-25T23:34:04,0,1,0,1,0,0
6972,2017-12-25T23:34:35,0,1,0,2,0,0
6973,2017-12-25T23:35:06,0,1,0,2,0,0
6974,2017-12-25T23:35:36,0,1,0,2,0,0
6975,2017-12-25T23:36:07,0,1,0,1,0,0
6976,2017-12-25T23:36:37,0,1,0,1,0,0
6977,2017-12-25T23:37:08,0,1,0,2,0,0
6978,2017-12-25T23:37:39,0,1,0,1,0,0
6979,2017-12-25T23:38:09,0,1,0,2,0,0
6980,2017-12-25T23:38:40,0,1,0,1,0,0
6981,2017-12-25T23:39:11,0,1,0,2,0,0
6982,2017-12-25T23:39:41,0,1,0,1,0,0
6983,2017-12-25T23:40:12,0,1,0,2,0,0
6984,2017-12-25T23:40:42,0,1,0,2,0,0
6985,2017-12-25T23:41:13,0,1,0,1,0,0
6986,2017-12-25T23:41:44,0,1,0,1,0,0
6987,2017-12-25T23:42:14,0,1,0,1,0,0
6988,2017-12-25T23:42:45,0,1,0,2,0,0
6989,2017-12-25T23:43:16,0,1,0,1,0,0
6990,2017-12-25T23:43:46,0,1,0,2,0,0
6991,2017-12-25T23:44:17,0,1,0,1,0,0
6992,2017-12-25T23:44:48,0,1,0,2,0,0
6993,2017-12-25T23:45:18,0,1,0,1,0,0
6994,2017-12-25T23:45:49,0,1,0,2,0,0
6995,2017-12-25T23:46:50,0,1,0,1,0,0
6996,2017-12-25T23:47:21,0,1,0,2,0,0
6997,2017-12-25T23:47:51,0,1,0,2,0,0
6998,2017-12-25T23:48:22,0,1,0,1,0,0
6999,2017-12-25T23:48:53,0,1,0,1,0,0
7000,2017-12-25T23:49:23,0,1,0,2,0,0
7001,2017-12-25T23:49:54,0,1,0,1,0,0
7002,2017-12-25T23:50:25,0,1,0,1,0,0
7003,2017-12-25T23:50:55,0,1,0,1,0,0
7004,2017-12-25T23:51:26,0,1,0,1,0,0
7005,2017-12-25T23:51:56,0,1,0,1,0,0
7006,2017-12-25T23:52:27,0,1,0,2,0,0
7007,2017-12-25T23:52:58,0,1,0,1,0,0
7008,2017-12-25T23:53:28,0,1,0,1,0,0
7009,2017-12-25T23:53:59,0,1,0,2,0,0
7010,2017-12-25T23:54:30,0,1,0,1,0,0
7011,2017-12-25T23:55:00,0,1,0,2,0,0
7012,2017-12-25T23:55:31,0,1,0,2,0,0
7013,2017-12-25T23:56:02,0,1,0,2,0,0
7014,2017-12-25T23:56:32,0,1,0,2,0,0
7015,2017-12-25T23:57:03,0,1,0,2,0,0
7016,2017-12-25T23:57:33,0,1,0,1,0,0
7017,2017-12-25T23:58:04,0,1,0,1,0,0
7018,2017-12-25T23:58:35,0,1,0,2,0,0
7019,2017-12-25T23:59:05,0,1,0,2,0,0
7020,2017-12-25T23:59:36,0,1,0,1,0,0
7021,2017-12-26T00:00:37,0,1,0,2,0,0
7022,2017-12-26T00:01:08,0,1,0,1,0,0
7023,2017-12-26T00:01:39,0,1,0,1,0,0
7024,2017-12-26T00:02:09,0,1,0,1,0,0
7025,2017-12-26T00:02:40,0,1,0,2,0,0
7026,2017-12-26T00:03:10,0,1,0,2,0,0
7027,2017-12-26T00:03:41,0,1,0,1,0,0
7028,2017-12-26T00:04:12,0,1,0,2,0,0
7029,2017-12-26T00:04:42,0,1,0,2,0,0
7030,2017-12-26T00:05:13,0,1,0,2,0,0
7031,2017-12-26T00:05:44,0,1,0,1,0,0
7032,2017-12-26T00:06:14,0,1,0,1,0,0
7033,2017-12-26T00:06:45,0,1,0,2,0,0
7034,2017-12-26T00:07:16,0,1,0,2,0,0
7035,2017-12-26T00:07:46,0,1,0,1,0,0
7036,2017-12-26T00:08:17,0,1,0,1,0,0
7037,2017-12-26T00:08:47,0,1,0,2,0,0
7038,2017-12-26T00:09:18,0,1,0,1,0,0
7039,2017-12-26T00:09:49,0,1,0,2,0,0
7040,2017-12-26T00:10:19,0,1,0,2,0,0
7041,2017-12-26T00:10:50,0,1,0,1,0,0
7042,2017-12-26T00:11:21,0,1,0,1,0,0
7043,2017-12-26T00:11:51,0,1,0,2,0,0
7044,2017-12-26T00:12:22,0,1,0,1,0,0
7045,2017-12-26T00:12:53,0,1,0,1,0,0
7046,2017-12-26T00:13:23,0,1,0,2,0,0
7047,2017-12-26T00:13:54,0,1,0,2,0,0
7048,2017-12-26T00:14:24,0,1,0,2,0,0
7049,2017-12-26T00:14:55,0,1,0,2,0,0
7050,2017-12-26T00:15:26,0,1,0,1,0,0
7051,2017-12-26T00:15:56,0,1,0,2,0,0
7052,2017-12-26T00:16:27,0,1,0,1,0,0
7053,2017-12-26T00:16:58,0,1,0,2,0,0
7054,2017-12-26T00:17:28,0,1,0,2,0,0
7055,2017-12-26T00:17:59,0,1,0,2,0,0
7056,2017-12-26T00:18:29,0,1,0,1,0,0
7057,2017-12-26T00:19:00,0,1,0,1,0,0
7058,2017-12-26T00:19:31,0,1,0,2,0,0
7059,2017-12-26T00:20:01,0,1,0,2,0,0
7060,2017-12-26T00:20:32,0,1,0,2,0,0
7061,2017-12-26T00:21:03,0,1,0,1,0,0
7062,2017-12-26T00:21:33,0,1,0,1,0,0
7063,2017-12-26T00:22:04,0,1,0,2,0,0
7064,2017-12-26T00:22:35,0,1,0,1,0,0
7065,2017-12-26T00:23:05,0,1,0,1,0,0
7066,2017-12-26T00:23:36,0,1,0,1,0,0
7067,2017-12-26T00:24:06,0,1,0,2,0,0
7068,2017-12-26T00:24:37,0,1,0,1,0,0
7069,2017-12-26T00:25:08,0,1,0,2,0,0
7070,2017-12-26T00:25:38,0,1,0,2,0,0
7071,2017-12-26T00:26:09,0,1,0,1,0,0
7072,2017-12-26T00:26:40,0,1,0,1,0,0
7073,2017-12-26T00:27:10,0,1,0,1,0,0
7074,2017-12-26T00:27:41,0,1,0,2,0,0
7075,2017-12-26T00:28:12,0,1,0,1,0,0
7076,2017-12-26T00:28:42,0,1,0,2,0,0
7077,2017-12-26T00:29:13,0,1,0,1,0,0
7078,2017-12-26T00:29:43,0,1,0,1,0,0
7079,2017-12-26T00:30:14,0,1,0,2,0,0
7080,2017-12-26T00:30:45,0,1,0,2,0,0
7081,2017-12-26T00:31:15,0,1,0,2,0,0
7082,2017-12-26T00:31:46,0,1,0,1,0,0
7083,2017-12-26T00:32:17,0,1,0,2,0,0
7084,2017-12-26T00:32:47,0,1,0,2,0,0
7085,2017-12-26T00:33:18,0,1,0,2,0,0
7086,2017-12-26T00:33:49,0,1,0,2,0,0
7087,2017-12-26T00:34:19,0,1,0,2,0,0
7088,2017-12-26T00:34:50,0,1,0,2,0,0
7089,2017-12-26T00:35:20,0,1,0,1,0,0
